session_id,Admin_Unit_Code,park_name,habitat,is_shared_park,Plot_Name,Site_Name,Date,Visit,Observer,month,month_name,week,day_of_season,start_hour,time_band,session_duration_min,Temperature,Humidity,temp_band,humidity_band,Sky,Wind,Disturbance,species_per_session,sightings_per_session,at_risk_sightings,flyovers,pct_at_risk_per_session,has_at_risk
ANTI-0007|2018-05-23|V1,ANTI,Antietam National Battlefield,Grassland,True,ANTI-0007,,2018-05-23,1,Elizabeth Oswald,2018-05,May,21,16,8,Mid (7-8am),10.0,26.7999992370605,61.2999992370605,25-30C,60-80%,Partly Cloudy,Light air movement (1-3 mph) smoke drifts,Moderate effect on count,15,17,0,1,0.0,False
ANTI-0007|2018-06-25|V2,ANTI,Antietam National Battlefield,Grassland,True,ANTI-0007,,2018-06-25,2,Kimberly Serno,2018-06,June,26,49,6,Early (5-6am),10.0,22.0,73.4000015258789,20-25C,60-80%,Partly Cloudy,Light air movement (1-3 mph) smoke drifts,Slight effect on count,12,14,0,0,0.0,False
ANTI-0007|2018-07-16|V3,ANTI,Antietam National Battlefield,Grassland,True,ANTI-0007,,2018-07-16,3,Brian Swimelar,2018-07,July,29,70,8,Mid (7-8am),10.0,29.0,70.0,25-30C,60-80%,Clear or Few Clouds,Light air movement (1-3 mph) smoke drifts,Serious effect on count,9,11,0,1,0.0,False
ANTI-0008|2018-05-23|V1,ANTI,Antietam National Battlefield,Grassland,True,ANTI-0008,,2018-05-23,1,Elizabeth Oswald,2018-05,May,21,16,7,Mid (7-8am),10.0,23.8999996185303,74.1999969482422,20-25C,60-80%,Partly Cloudy,Light breeze (4-7 mph) wind felt on face,Slight effect on count,15,17,0,1,0.0,False
ANTI-0008|2018-06-25|V2,ANTI,Antietam National Battlefield,Grassland,True,ANTI-0008,,2018-06-25,2,Kimberly Serno,2018-06,June,26,49,6,Early (5-6am),10.0,22.5,73.0,20-25C,60-80%,Partly Cloudy,Light breeze (4-7 mph) wind felt on face,Slight effect on count,9,12,0,0,0.0,False
ANTI-0008|2018-07-16|V3,ANTI,Antietam National Battlefield,Grassland,True,ANTI-0008,,2018-07-16,3,Brian Swimelar,2018-07,July,29,70,7,Mid (7-8am),10.0,28.1000003814697,70.8000030517578,25-30C,60-80%,Partly Cloudy,Calm (< 1 mph) smoke rises vertically,No effect on count,8,11,0,1,0.0,False
ANTI-0009|2018-05-23|V1,ANTI,Antietam National Battlefield,Grassland,True,ANTI-0009,,2018-05-23,1,Elizabeth Oswald,2018-05,May,21,16,7,Mid (7-8am),10.0,21.2000007629395,82.8000030517578,20-25C,>80%,Partly Cloudy,Light air movement (1-3 mph) smoke drifts,No effect on count,15,15,0,0,0.0,False
ANTI-0009|2018-06-25|V2,ANTI,Antietam National Battlefield,Grassland,True,ANTI-0009,,2018-06-25,2,Kimberly Serno,2018-06,June,26,49,6,Early (5-6am),10.0,23.2999992370605,72.1999969482422,20-25C,60-80%,Partly Cloudy,Light air movement (1-3 mph) smoke drifts,Slight effect on count,12,15,0,0,0.0,False
ANTI-0009|2018-07-16|V3,ANTI,Antietam National Battlefield,Grassland,True,ANTI-0009,,2018-07-16,3,Brian Swimelar,2018-07,July,29,70,7,Mid (7-8am),10.0,25.3999996185303,76.4000015258789,25-30C,60-80%,Partly Cloudy,Calm (< 1 mph) smoke rises vertically,No effect on count,10,11,0,2,0.0,False
ANTI-0015|2018-05-23|V1,ANTI,Antietam National Battlefield,Grassland,True,ANTI-0015,,2018-05-23,1,Elizabeth Oswald,2018-05,May,21,16,7,Mid (7-8am),10.0,25.2000007629395,56.0,25-30C,40-60%,Partly Cloudy,Light breeze (4-7 mph) wind felt on face,Moderate effect on count,16,18,0,3,0.0,False
ANTI-0015|2018-06-25|V2,ANTI,Antietam National Battlefield,Grassland,True,ANTI-0015,,2018-06-25,2,Kimberly Serno,2018-06,June,26,49,6,Early (5-6am),10.0,22.1000003814697,74.4000015258789,20-25C,60-80%,Partly Cloudy,Light air movement (1-3 mph) smoke drifts,Slight effect on count,11,15,0,2,0.0,False
ANTI-0015|2018-07-16|V3,ANTI,Antietam National Battlefield,Grassland,True,ANTI-0015,,2018-07-16,3,Brian Swimelar,2018-07,July,29,70,7,Mid (7-8am),10.0,28.7000007629395,82.6999969482422,25-30C,>80%,Clear or Few Clouds,Light air movement (1-3 mph) smoke drifts,Moderate effect on count,7,8,0,0,0.0,False
ANTI-0016|2018-05-23|V1,ANTI,Antietam National Battlefield,Grassland,True,ANTI-0016,,2018-05-23,1,Elizabeth Oswald,2018-05,May,21,16,7,Mid (7-8am),10.0,23.5,56.2000007629395,20-25C,40-60%,Partly Cloudy,Light breeze (4-7 mph) wind felt on face,No effect on count,15,17,0,2,0.0,False
ANTI-0016|2018-06-25|V2,ANTI,Antietam National Battlefield,Grassland,True,ANTI-0016,,2018-06-25,2,Kimberly Serno,2018-06,June,26,49,9,Late (9-10am),10.0,29.2000007629395,56.5999984741211,25-30C,40-60%,Partly Cloudy,Light breeze (4-7 mph) wind felt on face,Slight effect on count,12,18,0,1,0.0,False
ANTI-0016|2018-07-16|V3,ANTI,Antietam National Battlefield,Grassland,True,ANTI-0016,,2018-07-16,3,Brian Swimelar,2018-07,July,29,70,7,Mid (7-8am),10.0,27.7000007629395,82.6999969482422,25-30C,>80%,Partly Cloudy,Calm (< 1 mph) smoke rises vertically,No effect on count,10,14,0,0,0.0,False
ANTI-0017|2018-05-23|V1,ANTI,Antietam National Battlefield,Grassland,True,ANTI-0017,,2018-05-23,1,Elizabeth Oswald,2018-05,May,21,16,6,Early (5-6am),10.0,22.0,77.5,20-25C,60-80%,Partly Cloudy,Light air movement (1-3 mph) smoke drifts,No effect on count,11,15,0,2,0.0,False
ANTI-0017|2018-06-25|V2,ANTI,Antietam National Battlefield,Grassland,True,ANTI-0017,,2018-06-25,2,Kimberly Serno,2018-06,June,26,49,8,Mid (7-8am),10.0,25.0,69.0,20-25C,60-80%,Partly Cloudy,"Gentle breeze (8-12 mph), leaves in motion",Slight effect on count,13,17,0,0,0.0,False
ANTI-0017|2018-07-16|V3,ANTI,Antietam National Battlefield,Grassland,True,ANTI-0017,,2018-07-16,3,Brian Swimelar,2018-07,July,29,70,6,Early (5-6am),10.0,26.0,71.8000030517578,25-30C,60-80%,Partly Cloudy,Calm (< 1 mph) smoke rises vertically,No effect on count,10,12,0,1,0.0,False
ANTI-0018|2018-05-22|V1,ANTI,Antietam National Battlefield,Grassland,True,ANTI-0018,,2018-05-22,1,Elizabeth Oswald,2018-05,May,21,15,7,Mid (7-8am),10.0,20.2000007629395,84.4000015258789,20-25C,>80%,Cloudy/Overcast,Calm (< 1 mph) smoke rises vertically,Slight effect on count,12,13,1,1,7.69,True
ANTI-0018|2018-06-25|V2,ANTI,Antietam National Battlefield,Grassland,True,ANTI-0018,,2018-06-25,2,Kimberly Serno,2018-06,June,26,49,7,Mid (7-8am),10.0,22.0,76.3000030517578,20-25C,60-80%,Cloudy/Overcast,Light air movement (1-3 mph) smoke drifts,Slight effect on count,14,17,0,2,0.0,False
ANTI-0018|2018-07-16|V3,ANTI,Antietam National Battlefield,Grassland,True,ANTI-0018,,2018-07-16,3,Brian Swimelar,2018-07,July,29,70,6,Early (5-6am),10.0,22.1000003814697,81.6999969482422,20-25C,>80%,Partly Cloudy,Calm (< 1 mph) smoke rises vertically,No effect on count,6,9,0,0,0.0,False
ANTI-0025|2018-05-23|V1,ANTI,Antietam National Battlefield,Forest,True,ANTI-0025,ANTI 1,2018-05-23,1,Elizabeth Oswald,2018-05,May,21,16,8,Mid (7-8am),10.0,28.5,66.0,25-30C,60-80%,Partly Cloudy,Light breeze (4-7 mph) wind felt on face,Moderate effect on count,8,8,0,2,0.0,False
ANTI-0025|2018-06-25|V2,ANTI,Antietam National Battlefield,Forest,True,ANTI-0025,ANTI 1,2018-06-25,2,Kimberly Serno,2018-06,June,26,49,5,Early (5-6am),10.0,22.8999996185303,68.0999984741211,20-25C,60-80%,Partly Cloudy,Light air movement (1-3 mph) smoke drifts,Slight effect on count,8,14,0,1,0.0,False
ANTI-0026|2018-05-23|V1,ANTI,Antietam National Battlefield,Grassland,True,ANTI-0026,,2018-05-23,1,Elizabeth Oswald,2018-05,May,21,16,6,Early (5-6am),10.0,21.5,84.8000030517578,20-25C,>80%,Partly Cloudy,Light air movement (1-3 mph) smoke drifts,No effect on count,14,16,0,2,0.0,False
ANTI-0026|2018-06-25|V2,ANTI,Antietam National Battlefield,Grassland,True,ANTI-0026,,2018-06-25,2,Kimberly Serno,2018-06,June,26,49,9,Late (9-10am),10.0,30.7000007629395,54.5,>30C,40-60%,Partly Cloudy,Light breeze (4-7 mph) wind felt on face,Slight effect on count,7,8,0,0,0.0,False
ANTI-0026|2018-07-16|V3,ANTI,Antietam National Battlefield,Grassland,True,ANTI-0026,,2018-07-16,3,Brian Swimelar,2018-07,July,29,70,5,Early (5-6am),10.0,23.3999996185303,72.6999969482422,20-25C,60-80%,Cloudy/Overcast,Light air movement (1-3 mph) smoke drifts,No effect on count,7,9,0,0,0.0,False
ANTI-0027|2018-05-22|V1,ANTI,Antietam National Battlefield,Grassland,True,ANTI-0027,,2018-05-22,1,Elizabeth Oswald,2018-05,May,21,15,6,Early (5-6am),10.0,20.2000007629395,79.5,20-25C,60-80%,Cloudy/Overcast,Light breeze (4-7 mph) wind felt on face,No effect on count,12,15,0,1,0.0,False
ANTI-0027|2018-06-25|V2,ANTI,Antietam National Battlefield,Grassland,True,ANTI-0027,,2018-06-25,2,Kimberly Serno,2018-06,June,26,49,8,Mid (7-8am),10.0,23.2000007629395,79.4000015258789,20-25C,60-80%,Partly Cloudy,Light breeze (4-7 mph) wind felt on face,Slight effect on count,12,16,0,1,0.0,False
ANTI-0027|2018-07-16|V3,ANTI,Antietam National Battlefield,Grassland,True,ANTI-0027,,2018-07-16,3,Brian Swimelar,2018-07,July,29,70,5,Early (5-6am),10.0,25.7999992370605,66.0,25-30C,60-80%,Cloudy/Overcast,Light air movement (1-3 mph) smoke drifts,No effect on count,7,9,0,0,0.0,False
ANTI-0028|2018-05-22|V1,ANTI,Antietam National Battlefield,Grassland,True,ANTI-0028,,2018-05-22,1,Elizabeth Oswald,2018-05,May,21,15,6,Early (5-6am),10.0,19.7999992370605,80.3000030517578,15-20C,>80%,Cloudy/Overcast,Light air movement (1-3 mph) smoke drifts,Slight effect on count,17,20,0,2,0.0,False
ANTI-0028|2018-06-25|V2,ANTI,Antietam National Battlefield,Grassland,True,ANTI-0028,,2018-06-25,2,Kimberly Serno,2018-06,June,26,49,7,Mid (7-8am),10.0,22.0,77.6999969482422,20-25C,60-80%,Cloudy/Overcast,Light air movement (1-3 mph) smoke drifts,No effect on count,12,17,0,0,0.0,False
ANTI-0028|2018-07-16|V3,ANTI,Antietam National Battlefield,Grassland,True,ANTI-0028,,2018-07-16,3,Brian Swimelar,2018-07,July,29,70,6,Early (5-6am),10.0,23.1000003814697,64.5999984741211,20-25C,60-80%,Cloudy/Overcast,Calm (< 1 mph) smoke rises vertically,No effect on count,12,15,0,0,0.0,False
ANTI-0034|2018-05-23|V1,ANTI,Antietam National Battlefield,Grassland,True,ANTI-0034,,2018-05-23,1,Elizabeth Oswald,2018-05,May,21,16,8,Mid (7-8am),10.0,26.5,59.5,25-30C,40-60%,Partly Cloudy,Light breeze (4-7 mph) wind felt on face,Slight effect on count,21,23,0,0,0.0,False
ANTI-0034|2018-06-25|V2,ANTI,Antietam National Battlefield,Grassland,True,ANTI-0034,,2018-06-25,2,Kimberly Serno,2018-06,June,26,49,9,Late (9-10am),10.0,34.5999984741211,43.9000015258789,>30C,40-60%,Partly Cloudy,Light air movement (1-3 mph) smoke drifts,Slight effect on count,11,17,0,2,0.0,False
ANTI-0034|2018-07-16|V3,ANTI,Antietam National Battlefield,Grassland,True,ANTI-0034,,2018-07-16,3,Brian Swimelar,2018-07,July,29,70,8,Mid (7-8am),10.0,27.3999996185303,81.1999969482422,25-30C,>80%,Clear or Few Clouds,Light air movement (1-3 mph) smoke drifts,Moderate effect on count,7,8,0,0,0.0,False
ANTI-0035|2018-05-23|V1,ANTI,Antietam National Battlefield,Grassland,True,ANTI-0035,,2018-05-23,1,Elizabeth Oswald,2018-05,May,21,16,6,Early (5-6am),10.0,20.6000003814697,80.9000015258789,20-25C,>80%,Partly Cloudy,Light breeze (4-7 mph) wind felt on face,Slight effect on count,12,13,0,2,0.0,False
ANTI-0035|2018-06-25|V2,ANTI,Antietam National Battlefield,Grassland,True,ANTI-0035,,2018-06-25,2,Kimberly Serno,2018-06,June,26,49,10,Late (9-10am),10.0,32.4000015258789,33.9000015258789,>30C,<40%,Partly Cloudy,Light breeze (4-7 mph) wind felt on face,Slight effect on count,9,12,0,0,0.0,False
ANTI-0035|2018-07-16|V3,ANTI,Antietam National Battlefield,Grassland,True,ANTI-0035,,2018-07-16,3,Brian Swimelar,2018-07,July,29,70,8,Mid (7-8am),10.0,26.3999996185303,81.1999969482422,25-30C,>80%,Clear or Few Clouds,Light air movement (1-3 mph) smoke drifts,No effect on count,4,4,0,1,0.0,False
ANTI-0036|2018-05-22|V1,ANTI,Antietam National Battlefield,Forest,True,ANTI-0036,ANTI 1,2018-05-22,1,Elizabeth Oswald,2018-05,May,21,15,6,Early (5-6am),10.0,19.8999996185303,79.4000015258789,15-20C,60-80%,Cloudy/Overcast,Calm (< 1 mph) smoke rises vertically,No effect on count,16,19,0,0,0.0,False
ANTI-0036|2018-06-25|V2,ANTI,Antietam National Battlefield,Forest,True,ANTI-0036,ANTI 1,2018-06-25,2,Kimberly Serno,2018-06,June,26,49,8,Mid (7-8am),10.0,22.3999996185303,78.8000030517578,20-25C,60-80%,Cloudy/Overcast,Light breeze (4-7 mph) wind felt on face,Slight effect on count,11,15,0,0,0.0,False
ANTI-0043|2018-05-23|V1,ANTI,Antietam National Battlefield,Grassland,True,ANTI-0043,,2018-05-23,1,Elizabeth Oswald,2018-05,May,21,16,9,Late (9-10am),10.0,27.6000003814697,59.9000015258789,25-30C,40-60%,Partly Cloudy,"Gentle breeze (8-12 mph), leaves in motion",Slight effect on count,14,16,0,0,0.0,False
ANTI-0044|2018-05-23|V1,ANTI,Antietam National Battlefield,Grassland,True,ANTI-0044,,2018-05-23,1,Elizabeth Oswald,2018-05,May,21,16,6,Early (5-6am),10.0,20.5,82.6999969482422,20-25C,>80%,Cloudy/Overcast,Light air movement (1-3 mph) smoke drifts,Slight effect on count,10,11,0,1,0.0,False
ANTI-0044|2018-06-25|V2,ANTI,Antietam National Battlefield,Grassland,True,ANTI-0044,,2018-06-25,2,Kimberly Serno,2018-06,June,26,49,10,Late (9-10am),10.0,34.0999984741211,40.2999992370605,>30C,40-60%,Partly Cloudy,Light breeze (4-7 mph) wind felt on face,Slight effect on count,8,11,0,0,0.0,False
ANTI-0044|2018-07-16|V3,ANTI,Antietam National Battlefield,Grassland,True,ANTI-0044,,2018-07-16,3,Brian Swimelar,2018-07,July,29,70,9,Late (9-10am),10.0,30.6000003814697,63.9000015258789,>30C,60-80%,Clear or Few Clouds,Light air movement (1-3 mph) smoke drifts,No effect on count,5,7,0,1,0.0,False
ANTI-0045|2018-05-22|V1,ANTI,Antietam National Battlefield,Grassland,True,ANTI-0045,,2018-05-22,1,Elizabeth Oswald,2018-05,May,21,15,5,Early (5-6am),10.0,19.7999992370605,78.9000015258789,15-20C,60-80%,Cloudy/Overcast,Light air movement (1-3 mph) smoke drifts,No effect on count,12,14,0,0,0.0,False
ANTI-0045|2018-06-25|V2,ANTI,Antietam National Battlefield,Grassland,True,ANTI-0045,,2018-06-25,2,Kimberly Serno,2018-06,June,26,49,7,Mid (7-8am),10.0,22.5,77.9000015258789,20-25C,60-80%,Cloudy/Overcast,Light air movement (1-3 mph) smoke drifts,Slight effect on count,7,13,0,0,0.0,False
ANTI-0045|2018-07-16|V3,ANTI,Antietam National Battlefield,Grassland,True,ANTI-0045,,2018-07-16,3,Brian Swimelar,2018-07,July,29,70,9,Late (9-10am),10.0,32.4000015258789,66.6999969482422,>30C,60-80%,Clear or Few Clouds,Light air movement (1-3 mph) smoke drifts,No effect on count,9,9,0,2,0.0,False
ANTI-0052|2018-05-23|V1,ANTI,Antietam National Battlefield,Forest,True,ANTI-0052,ANTI 1,2018-05-23,1,Elizabeth Oswald,2018-05,May,21,16,9,Late (9-10am),10.0,27.5,62.9000015258789,25-30C,60-80%,Partly Cloudy,Light air movement (1-3 mph) smoke drifts,Moderate effect on count,9,13,0,0,0.0,False
ANTI-0052|2018-06-26|V2,ANTI,Antietam National Battlefield,Forest,True,ANTI-0052,ANTI 1,2018-06-26,2,Kimberly Serno,2018-06,June,26,50,5,Early (5-6am),10.0,21.7000007629395,58.5,20-25C,40-60%,Partly Cloudy,Light air movement (1-3 mph) smoke drifts,Moderate effect on count,12,16,1,0,6.25,True
ANTI-0053|2018-05-23|V1,ANTI,Antietam National Battlefield,Grassland,True,ANTI-0053,,2018-05-23,1,Elizabeth Oswald,2018-05,May,21,16,5,Early (5-6am),10.0,21.0,79.1999969482422,20-25C,60-80%,Cloudy/Overcast,Light breeze (4-7 mph) wind felt on face,Slight effect on count,10,14,0,1,0.0,False
ANTI-0053|2018-06-25|V2,ANTI,Antietam National Battlefield,Grassland,True,ANTI-0053,,2018-06-25,2,Kimberly Serno,2018-06,June,26,49,10,Late (9-10am),10.0,33.9000015258789,38.5,>30C,<40%,Partly Cloudy,Light breeze (4-7 mph) wind felt on face,Slight effect on count,9,11,0,1,0.0,False
ANTI-0053|2018-07-16|V3,ANTI,Antietam National Battlefield,Grassland,True,ANTI-0053,,2018-07-16,3,Brian Swimelar,2018-07,July,29,70,9,Late (9-10am),10.0,30.2000007629395,62.4000015258789,>30C,60-80%,Clear or Few Clouds,Calm (< 1 mph) smoke rises vertically,Moderate effect on count,7,7,0,0,0.0,False
ANTI-0054|2018-05-22|V1,ANTI,Antietam National Battlefield,Grassland,True,ANTI-0054,,2018-05-22,1,Elizabeth Oswald,2018-05,May,21,15,5,Early (5-6am),10.0,20.0,79.0,15-20C,60-80%,Cloudy/Overcast,Light breeze (4-7 mph) wind felt on face,Slight effect on count,12,13,0,0,0.0,False
ANTI-0063|2018-05-23|V1,ANTI,Antietam National Battlefield,Grassland,True,ANTI-0063,,2018-05-23,1,Elizabeth Oswald,2018-05,May,21,16,9,Late (9-10am),10.0,26.2999992370605,59.7000007629395,25-30C,40-60%,Partly Cloudy,"Gentle breeze (8-12 mph), leaves in motion",Slight effect on count,10,11,0,0,0.0,False
ANTI-0063|2018-06-26|V2,ANTI,Antietam National Battlefield,Grassland,True,ANTI-0063,,2018-06-26,2,Kimberly Serno,2018-06,June,26,50,5,Early (5-6am),10.0,18.6000003814697,69.6999969482422,15-20C,60-80%,Partly Cloudy,Light air movement (1-3 mph) smoke drifts,Slight effect on count,12,14,0,0,0.0,False
ANTI-0063|2018-07-16|V3,ANTI,Antietam National Battlefield,Grassland,True,ANTI-0063,,2018-07-16,3,Brian Swimelar,2018-07,July,29,70,9,Late (9-10am),10.0,32.7999992370605,55.7000007629395,>30C,40-60%,Clear or Few Clouds,Light air movement (1-3 mph) smoke drifts,No effect on count,13,16,0,0,0.0,False
ANTI-0066|2018-05-24|V1,ANTI,Antietam National Battlefield,Grassland,True,ANTI-0066,,2018-05-24,1,Elizabeth Oswald,2018-05,May,21,17,7,Mid (7-8am),10.0,18.2000007629395,79.6999969482422,15-20C,60-80%,Clear or Few Clouds,Light air movement (1-3 mph) smoke drifts,No effect on count,10,13,0,0,0.0,False
ANTI-0066|2018-06-25|V2,ANTI,Antietam National Battlefield,Grassland,True,ANTI-0066,,2018-06-25,2,Brian Swimelar,2018-06,June,26,49,8,Mid (7-8am),10.0,25.1000003814697,65.4000015258789,25-30C,60-80%,Partly Cloudy,Light breeze (4-7 mph) wind felt on face,No effect on count,7,8,0,1,0.0,False
ANTI-0066|2018-07-13|V3,ANTI,Antietam National Battlefield,Grassland,True,ANTI-0066,,2018-07-13,3,Kimberly Serno,2018-07,July,28,67,8,Mid (7-8am),10.0,25.7000007629395,77.5999984741211,25-30C,60-80%,Partly Cloudy,Light air movement (1-3 mph) smoke drifts,No effect on count,8,9,0,0,0.0,False
ANTI-0072|2018-05-23|V1,ANTI,Antietam National Battlefield,Forest,True,ANTI-0072,ANTI 1,2018-05-23,1,Elizabeth Oswald,2018-05,May,21,16,10,Late (9-10am),10.0,26.1000003814697,61.2000007629395,25-30C,60-80%,Clear or Few Clouds,Light breeze (4-7 mph) wind felt on face,Slight effect on count,9,9,0,0,0.0,False
ANTI-0072|2018-06-26|V2,ANTI,Antietam National Battlefield,Forest,True,ANTI-0072,ANTI 1,2018-06-26,2,Kimberly Serno,2018-06,June,26,50,6,Early (5-6am),10.0,17.8999996185303,71.5,15-20C,60-80%,Partly Cloudy,Light air movement (1-3 mph) smoke drifts,Slight effect on count,12,15,1,0,6.67,True
ANTI-0074|2018-05-23|V1,ANTI,Antietam National Battlefield,Grassland,True,ANTI-0074,,2018-05-23,1,Elizabeth Oswald,2018-05,May,21,16,10,Late (9-10am),10.0,27.1000003814697,56.9000015258789,25-30C,40-60%,Partly Cloudy,"Gentle breeze (8-12 mph), leaves in motion",Slight effect on count,8,9,0,2,0.0,False
ANTI-0074|2018-07-16|V3,ANTI,Antietam National Battlefield,Grassland,True,ANTI-0074,,2018-07-16,3,Brian Swimelar,2018-07,July,29,70,10,Late (9-10am),10.0,32.5999984741211,59.9000015258789,>30C,40-60%,Clear or Few Clouds,Light air movement (1-3 mph) smoke drifts,No effect on count,3,3,0,0,0.0,False
ANTI-0075|2018-05-23|V1,ANTI,Antietam National Battlefield,Grassland,True,ANTI-0075,,2018-05-23,1,Elizabeth Oswald,2018-05,May,21,16,10,Late (9-10am),10.0,25.7999992370605,56.7000007629395,25-30C,40-60%,Partly Cloudy,"Gentle breeze (8-12 mph), leaves in motion",Slight effect on count,9,13,0,2,0.0,False
ANTI-0075|2018-06-25|V2,ANTI,Antietam National Battlefield,Grassland,True,ANTI-0075,,2018-06-25,2,Brian Swimelar,2018-06,June,26,49,8,Mid (7-8am),10.0,23.8999996185303,68.5999984741211,20-25C,60-80%,Cloudy/Overcast,Light breeze (4-7 mph) wind felt on face,Slight effect on count,12,15,0,0,0.0,False
ANTI-0075|2018-07-13|V3,ANTI,Antietam National Battlefield,Grassland,True,ANTI-0075,,2018-07-13,3,Kimberly Serno,2018-07,July,28,67,7,Mid (7-8am),10.0,23.8999996185303,72.3000030517578,20-25C,60-80%,Partly Cloudy,Light air movement (1-3 mph) smoke drifts,No effect on count,8,10,0,0,0.0,False
ANTI-0076|2018-05-24|V1,ANTI,Antietam National Battlefield,Grassland,True,ANTI-0076,,2018-05-24,1,Elizabeth Oswald,2018-05,May,21,17,6,Early (5-6am),10.0,14.6000003814697,85.3000030517578,<15C,>80%,Clear or Few Clouds,Calm (< 1 mph) smoke rises vertically,No effect on count,11,13,0,0,0.0,False
ANTI-0076|2018-06-25|V2,ANTI,Antietam National Battlefield,Grassland,True,ANTI-0076,,2018-06-25,2,Brian Swimelar,2018-06,June,26,49,8,Mid (7-8am),10.0,27.2999992370605,71.5999984741211,25-30C,60-80%,Clear or Few Clouds,Light breeze (4-7 mph) wind felt on face,No effect on count,11,11,0,0,0.0,False
ANTI-0076|2018-07-13|V3,ANTI,Antietam National Battlefield,Grassland,True,ANTI-0076,,2018-07-13,3,Kimberly Serno,2018-07,July,28,67,7,Mid (7-8am),10.0,23.0,71.0999984741211,20-25C,60-80%,Partly Cloudy,Light air movement (1-3 mph) smoke drifts,Slight effect on count,13,15,0,0,0.0,False
ANTI-0077|2018-05-24|V1,ANTI,Antietam National Battlefield,Grassland,True,ANTI-0077,,2018-05-24,1,Elizabeth Oswald,2018-05,May,21,17,6,Early (5-6am),10.0,14.3000001907349,81.3000030517578,<15C,>80%,Clear or Few Clouds,Calm (< 1 mph) smoke rises vertically,No effect on count,15,17,0,0,0.0,False
ANTI-0077|2018-06-25|V2,ANTI,Antietam National Battlefield,Grassland,True,ANTI-0077,,2018-06-25,2,Brian Swimelar,2018-06,June,26,49,9,Late (9-10am),10.0,27.2999992370605,71.5999984741211,25-30C,60-80%,Clear or Few Clouds,Light breeze (4-7 mph) wind felt on face,No effect on count,7,11,0,1,0.0,False
ANTI-0077|2018-07-13|V3,ANTI,Antietam National Battlefield,Grassland,True,ANTI-0077,,2018-07-13,3,Kimberly Serno,2018-07,July,28,67,7,Mid (7-8am),10.0,22.0,73.9000015258789,20-25C,60-80%,Partly Cloudy,Light air movement (1-3 mph) smoke drifts,Slight effect on count,15,18,1,0,5.56,True
ANTI-0078|2018-05-22|V1,ANTI,Antietam National Battlefield,Forest,True,ANTI-0078,ANTI 1,2018-05-22,1,Kimberly Serno,2018-05,May,21,15,7,Mid (7-8am),10.0,21.7000007629395,75.8000030517578,20-25C,60-80%,Mist/Drizzle,Light air movement (1-3 mph) smoke drifts,No effect on count,10,14,0,0,0.0,False
ANTI-0078|2018-06-26|V2,ANTI,Antietam National Battlefield,Forest,True,ANTI-0078,ANTI 1,2018-06-26,2,Brian Swimelar,2018-06,June,26,50,8,Mid (7-8am),10.0,24.2999992370605,52.4000015258789,20-25C,40-60%,Clear or Few Clouds,Light air movement (1-3 mph) smoke drifts,No effect on count,9,10,0,0,0.0,False
ANTI-0079|2018-05-24|V1,ANTI,Antietam National Battlefield,Grassland,True,ANTI-0079,,2018-05-24,1,Kimberly Serno,2018-05,May,21,17,6,Early (5-6am),10.0,12.8999996185303,89.5999984741211,<15C,>80%,Clear or Few Clouds,Light air movement (1-3 mph) smoke drifts,No effect on count,10,11,0,1,0.0,False
ANTI-0079|2018-06-26|V2,ANTI,Antietam National Battlefield,Grassland,True,ANTI-0079,,2018-06-26,2,Brian Swimelar,2018-06,June,26,50,8,Mid (7-8am),10.0,24.2999992370605,52.4000015258789,20-25C,40-60%,Clear or Few Clouds,Calm (< 1 mph) smoke rises vertically,No effect on count,14,18,0,0,0.0,False
ANTI-0079|2018-07-17|V3,ANTI,Antietam National Battlefield,Grassland,True,ANTI-0079,,2018-07-17,3,Elizabeth Oswald,2018-07,July,29,71,8,Mid (7-8am),10.0,23.6000003814697,89.9000015258789,20-25C,>80%,Partly Cloudy,Light breeze (4-7 mph) wind felt on face,No effect on count,12,15,1,1,6.67,True
ANTI-0082|2018-05-22|V1,ANTI,Antietam National Battlefield,Forest,True,ANTI-0082,ANTI 1,2018-05-22,1,Kimberly Serno,2018-05,May,21,15,6,Early (5-6am),10.0,20.7999992370605,72.1999969482422,20-25C,60-80%,Cloudy/Overcast,Calm (< 1 mph) smoke rises vertically,No effect on count,9,11,0,0,0.0,False
ANTI-0082|2018-06-25|V2,ANTI,Antietam National Battlefield,Forest,True,ANTI-0082,ANTI 1,2018-06-25,2,Brian Swimelar,2018-06,June,26,49,5,Early (5-6am),10.0,24.1000003814697,70.0,20-25C,60-80%,Cloudy/Overcast,Light air movement (1-3 mph) smoke drifts,No effect on count,9,10,0,0,0.0,False
ANTI-0087|2018-05-24|V1,ANTI,Antietam National Battlefield,Grassland,True,ANTI-0087,,2018-05-24,1,Elizabeth Oswald,2018-05,May,21,17,7,Mid (7-8am),10.0,22.1000003814697,60.5,20-25C,60-80%,Clear or Few Clouds,Light air movement (1-3 mph) smoke drifts,Slight effect on count,10,12,0,1,0.0,False
ANTI-0087|2018-06-26|V2,ANTI,Antietam National Battlefield,Grassland,True,ANTI-0087,,2018-06-26,2,Kimberly Serno,2018-06,June,26,50,7,Mid (7-8am),10.0,18.8999996185303,73.6999969482422,15-20C,60-80%,Partly Cloudy,Light air movement (1-3 mph) smoke drifts,Slight effect on count,12,16,0,2,0.0,False
ANTI-0087|2018-07-17|V3,ANTI,Antietam National Battlefield,Grassland,True,ANTI-0087,,2018-07-17,3,Brian Swimelar,2018-07,July,29,71,7,Mid (7-8am),10.0,29.1000003814697,65.8000030517578,25-30C,60-80%,Partly Cloudy,Light breeze (4-7 mph) wind felt on face,No effect on count,4,6,0,2,0.0,False
ANTI-0088|2018-05-24|V1,ANTI,Antietam National Battlefield,Grassland,True,ANTI-0088,,2018-05-24,1,Elizabeth Oswald,2018-05,May,21,17,7,Mid (7-8am),10.0,24.5,58.2999992370605,20-25C,40-60%,Clear or Few Clouds,Light air movement (1-3 mph) smoke drifts,No effect on count,11,12,0,0,0.0,False
ANTI-0088|2018-06-25|V2,ANTI,Antietam National Battlefield,Grassland,True,ANTI-0088,,2018-06-25,2,Brian Swimelar,2018-06,June,26,49,7,Mid (7-8am),10.0,23.8999996185303,68.5999984741211,20-25C,60-80%,Cloudy/Overcast,Light breeze (4-7 mph) wind felt on face,No effect on count,8,10,0,0,0.0,False
ANTI-0088|2018-07-13|V3,ANTI,Antietam National Battlefield,Grassland,True,ANTI-0088,,2018-07-13,3,Kimberly Serno,2018-07,July,28,67,8,Mid (7-8am),10.0,27.7999992370605,67.5,25-30C,60-80%,Partly Cloudy,Light breeze (4-7 mph) wind felt on face,No effect on count,11,15,0,0,0.0,False
ANTI-0089|2018-05-24|V1,ANTI,Antietam National Battlefield,Grassland,True,ANTI-0089,,2018-05-24,1,Elizabeth Oswald,2018-05,May,21,17,6,Early (5-6am),10.0,14.1000003814697,79.9000015258789,<15C,60-80%,Clear or Few Clouds,Light air movement (1-3 mph) smoke drifts,No effect on count,9,13,0,1,0.0,False
ANTI-0089|2018-06-25|V2,ANTI,Antietam National Battlefield,Grassland,True,ANTI-0089,,2018-06-25,2,Brian Swimelar,2018-06,June,26,49,9,Late (9-10am),10.0,29.8999996185303,47.0,25-30C,40-60%,Clear or Few Clouds,Light breeze (4-7 mph) wind felt on face,No effect on count,10,12,0,1,0.0,False
ANTI-0089|2018-07-13|V3,ANTI,Antietam National Battlefield,Grassland,True,ANTI-0089,,2018-07-13,3,Kimberly Serno,2018-07,July,28,67,6,Early (5-6am),10.0,21.0,73.1999969482422,20-25C,60-80%,Partly Cloudy,Light air movement (1-3 mph) smoke drifts,No effect on count,15,19,0,0,0.0,False
ANTI-0090|2018-05-22|V1,ANTI,Antietam National Battlefield,Grassland,True,ANTI-0090,,2018-05-22,1,Kimberly Serno,2018-05,May,21,15,7,Mid (7-8am),10.0,21.3999996185303,74.1999969482422,20-25C,60-80%,Cloudy/Overcast,Light air movement (1-3 mph) smoke drifts,No effect on count,10,13,0,0,0.0,False
ANTI-0090|2018-06-26|V2,ANTI,Antietam National Battlefield,Grassland,True,ANTI-0090,,2018-06-26,2,Brian Swimelar,2018-06,June,26,50,7,Mid (7-8am),10.0,24.6000003814697,57.4000015258789,20-25C,40-60%,Partly Cloudy,Light air movement (1-3 mph) smoke drifts,No effect on count,7,9,0,1,0.0,False
ANTI-0090|2018-07-17|V3,ANTI,Antietam National Battlefield,Grassland,True,ANTI-0090,,2018-07-17,3,Elizabeth Oswald,2018-07,July,29,71,8,Mid (7-8am),10.0,23.8999996185303,92.6999969482422,20-25C,>80%,Cloudy/Overcast,Light air movement (1-3 mph) smoke drifts,No effect on count,10,12,0,1,0.0,False
ANTI-0091|2018-05-24|V1,ANTI,Antietam National Battlefield,Grassland,True,ANTI-0091,,2018-05-24,1,Kimberly Serno,2018-05,May,21,17,6,Early (5-6am),10.0,12.8999996185303,83.3000030517578,<15C,>80%,Partly Cloudy,Light air movement (1-3 mph) smoke drifts,Slight effect on count,14,17,0,0,0.0,False
ANTI-0091|2018-06-26|V2,ANTI,Antietam National Battlefield,Grassland,True,ANTI-0091,,2018-06-26,2,Brian Swimelar,2018-06,June,26,50,8,Mid (7-8am),10.0,24.2999992370605,52.4000015258789,20-25C,40-60%,Clear or Few Clouds,Light air movement (1-3 mph) smoke drifts,No effect on count,9,11,0,0,0.0,False
ANTI-0091|2018-07-17|V3,ANTI,Antietam National Battlefield,Grassland,True,ANTI-0091,,2018-07-17,3,Elizabeth Oswald,2018-07,July,29,71,8,Mid (7-8am),10.0,23.7000007629395,88.4000015258789,20-25C,>80%,Partly Cloudy,Light air movement (1-3 mph) smoke drifts,No effect on count,13,14,1,1,7.14,True
ANTI-0092|2018-05-24|V1,ANTI,Antietam National Battlefield,Forest,True,ANTI-0092,ANTI 1,2018-05-24,1,Kimberly Serno,2018-05,May,21,17,7,Mid (7-8am),10.0,14.0,87.4000015258789,<15C,>80%,Partly Cloudy,Light air movement (1-3 mph) smoke drifts,Slight effect on count,13,17,0,0,0.0,False
ANTI-0092|2018-06-26|V2,ANTI,Antietam National Battlefield,Forest,True,ANTI-0092,ANTI 1,2018-06-26,2,Brian Swimelar,2018-06,June,26,50,10,Late (9-10am),10.0,29.6000003814697,49.5999984741211,25-30C,40-60%,Clear or Few Clouds,Light air movement (1-3 mph) smoke drifts,No effect on count,9,11,1,1,9.09,True
ANTI-0101|2018-05-24|V1,ANTI,Antietam National Battlefield,Grassland,True,ANTI-0101,,2018-05-24,1,Elizabeth Oswald,2018-05,May,21,17,8,Mid (7-8am),10.0,21.8999996185303,65.4000015258789,20-25C,60-80%,Clear or Few Clouds,Light air movement (1-3 mph) smoke drifts,Slight effect on count,9,11,0,0,0.0,False
ANTI-0101|2018-06-26|V2,ANTI,Antietam National Battlefield,Grassland,True,ANTI-0101,,2018-06-26,2,Kimberly Serno,2018-06,June,26,50,7,Mid (7-8am),10.0,19.7000007629395,73.4000015258789,15-20C,60-80%,Partly Cloudy,Light air movement (1-3 mph) smoke drifts,Moderate effect on count,9,12,0,0,0.0,False
ANTI-0101|2018-07-17|V3,ANTI,Antietam National Battlefield,Grassland,True,ANTI-0101,,2018-07-17,3,Brian Swimelar,2018-07,July,29,71,7,Mid (7-8am),10.0,25.3999996185303,76.9000015258789,25-30C,60-80%,Partly Cloudy,Light breeze (4-7 mph) wind felt on face,Slight effect on count,5,6,0,2,0.0,False
ANTI-0102|2018-05-24|V1,ANTI,Antietam National Battlefield,Grassland,True,ANTI-0102,,2018-05-24,1,Elizabeth Oswald,2018-05,May,21,17,8,Mid (7-8am),10.0,22.1000003814697,63.9000015258789,20-25C,60-80%,Clear or Few Clouds,Light air movement (1-3 mph) smoke drifts,No effect on count,12,14,0,2,0.0,False
ANTI-0102|2018-06-26|V2,ANTI,Antietam National Battlefield,Grassland,True,ANTI-0102,,2018-06-26,2,Kimberly Serno,2018-06,June,26,50,7,Mid (7-8am),10.0,19.3999996185303,70.4000015258789,15-20C,60-80%,Partly Cloudy,Light air movement (1-3 mph) smoke drifts,Moderate effect on count,7,9,0,0,0.0,False
ANTI-0102|2018-07-17|V3,ANTI,Antietam National Battlefield,Grassland,True,ANTI-0102,,2018-07-17,3,Brian Swimelar,2018-07,July,29,71,7,Mid (7-8am),10.0,30.1000003814697,65.8000030517578,>30C,60-80%,Cloudy/Overcast,Light breeze (4-7 mph) wind felt on face,No effect on count,9,10,0,2,0.0,False
ANTI-0103|2018-05-24|V1,ANTI,Antietam National Battlefield,Grassland,True,ANTI-0103,,2018-05-24,1,Elizabeth Oswald,2018-05,May,21,17,5,Early (5-6am),10.0,15.6000003814697,72.5999984741211,15-20C,60-80%,Partly Cloudy,Light air movement (1-3 mph) smoke drifts,No effect on count,11,14,0,0,0.0,False
ANTI-0103|2018-06-25|V2,ANTI,Antietam National Battlefield,Grassland,True,ANTI-0103,,2018-06-25,2,Brian Swimelar,2018-06,June,26,49,7,Mid (7-8am),10.0,23.8999996185303,68.5999984741211,20-25C,60-80%,Cloudy/Overcast,Light breeze (4-7 mph) wind felt on face,No effect on count,9,12,0,1,0.0,False
ANTI-0103|2018-07-13|V3,ANTI,Antietam National Battlefield,Grassland,True,ANTI-0103,,2018-07-13,3,Kimberly Serno,2018-07,July,28,67,6,Early (5-6am),10.0,19.2000007629395,74.1999969482422,15-20C,60-80%,Partly Cloudy,Light air movement (1-3 mph) smoke drifts,Slight effect on count,8,13,0,1,0.0,False
ANTI-0104|2018-05-24|V1,ANTI,Antietam National Battlefield,Grassland,True,ANTI-0104,,2018-05-24,1,Elizabeth Oswald,2018-05,May,21,17,6,Early (5-6am),10.0,13.8000001907349,81.1999969482422,<15C,>80%,Partly Cloudy,Calm (< 1 mph) smoke rises vertically,No effect on count,7,8,0,2,0.0,False
ANTI-0104|2018-06-25|V2,ANTI,Antietam National Battlefield,Grassland,True,ANTI-0104,,2018-06-25,2,Brian Swimelar,2018-06,June,26,49,9,Late (9-10am),10.0,31.2000007629395,50.2999992370605,>30C,40-60%,Clear or Few Clouds,Light breeze (4-7 mph) wind felt on face,No effect on count,7,8,0,0,0.0,False
ANTI-0104|2018-07-13|V3,ANTI,Antietam National Battlefield,Grassland,True,ANTI-0104,,2018-07-13,3,Kimberly Serno,2018-07,July,28,67,6,Early (5-6am),10.0,20.1000003814697,73.0,20-25C,60-80%,Partly Cloudy,Light air movement (1-3 mph) smoke drifts,Slight effect on count,12,13,0,0,0.0,False
ANTI-0105|2018-05-22|V1,ANTI,Antietam National Battlefield,Grassland,True,ANTI-0105,,2018-05-22,1,Kimberly Serno,2018-05,May,21,15,6,Early (5-6am),10.0,21.2000007629395,72.3000030517578,20-25C,60-80%,Cloudy/Overcast,Light breeze (4-7 mph) wind felt on face,No effect on count,15,18,0,1,0.0,False
ANTI-0105|2018-06-26|V2,ANTI,Antietam National Battlefield,Grassland,True,ANTI-0105,,2018-06-26,2,Brian Swimelar,2018-06,June,26,50,7,Mid (7-8am),10.0,20.1000003814697,80.6999969482422,20-25C,>80%,Clear or Few Clouds,Light air movement (1-3 mph) smoke drifts,No effect on count,13,14,0,1,0.0,False
ANTI-0105|2018-07-17|V3,ANTI,Antietam National Battlefield,Grassland,True,ANTI-0105,,2018-07-17,3,Elizabeth Oswald,2018-07,July,29,71,8,Mid (7-8am),10.0,24.5,91.5,20-25C,>80%,Partly Cloudy,Light breeze (4-7 mph) wind felt on face,No effect on count,12,15,0,1,0.0,False
ANTI-0106|2018-05-24|V1,ANTI,Antietam National Battlefield,Grassland,True,ANTI-0106,,2018-05-24,1,Kimberly Serno,2018-05,May,21,17,6,Early (5-6am),10.0,14.3000001907349,71.6999969482422,<15C,60-80%,Partly Cloudy,Light air movement (1-3 mph) smoke drifts,Slight effect on count,10,10,0,0,0.0,False
ANTI-0106|2018-06-26|V2,ANTI,Antietam National Battlefield,Grassland,True,ANTI-0106,,2018-06-26,2,Brian Swimelar,2018-06,June,26,50,8,Mid (7-8am),10.0,28.5,55.9000015258789,25-30C,40-60%,Clear or Few Clouds,Light air movement (1-3 mph) smoke drifts,No effect on count,7,9,0,0,0.0,False
ANTI-0106|2018-07-17|V3,ANTI,Antietam National Battlefield,Grassland,True,ANTI-0106,,2018-07-17,3,Elizabeth Oswald,2018-07,July,29,71,7,Mid (7-8am),10.0,23.5,87.0999984741211,20-25C,>80%,Partly Cloudy,Light breeze (4-7 mph) wind felt on face,No effect on count,10,13,0,1,0.0,False
ANTI-0107|2018-05-24|V1,ANTI,Antietam National Battlefield,Grassland,True,ANTI-0107,,2018-05-24,1,Kimberly Serno,2018-05,May,21,17,7,Mid (7-8am),10.0,16.2000007629395,90.5,15-20C,>80%,Clear or Few Clouds,Calm (< 1 mph) smoke rises vertically,Slight effect on count,11,16,0,0,0.0,False
ANTI-0107|2018-06-26|V2,ANTI,Antietam National Battlefield,Grassland,True,ANTI-0107,,2018-06-26,2,Brian Swimelar,2018-06,June,26,50,9,Late (9-10am),10.0,31.2000007629395,43.0,>30C,40-60%,Clear or Few Clouds,Light air movement (1-3 mph) smoke drifts,No effect on count,7,7,0,1,0.0,False
ANTI-0107|2018-07-17|V3,ANTI,Antietam National Battlefield,Grassland,True,ANTI-0107,,2018-07-17,3,Elizabeth Oswald,2018-07,July,29,71,7,Mid (7-8am),10.0,22.7999992370605,89.4000015258789,20-25C,>80%,Partly Cloudy,Light air movement (1-3 mph) smoke drifts,No effect on count,11,14,0,0,0.0,False
ANTI-0108|2018-05-24|V1,ANTI,Antietam National Battlefield,Grassland,True,ANTI-0108,,2018-05-24,1,Kimberly Serno,2018-05,May,21,17,7,Mid (7-8am),10.0,14.3999996185303,89.5999984741211,<15C,>80%,Clear or Few Clouds,Light air movement (1-3 mph) smoke drifts,Slight effect on count,11,13,0,0,0.0,False
ANTI-0108|2018-06-26|V2,ANTI,Antietam National Battlefield,Grassland,True,ANTI-0108,,2018-06-26,2,Brian Swimelar,2018-06,June,26,50,10,Late (9-10am),10.0,26.5,66.0999984741211,25-30C,60-80%,Clear or Few Clouds,Calm (< 1 mph) smoke rises vertically,Serious effect on count,8,10,0,0,0.0,False
ANTI-0108|2018-07-17|V3,ANTI,Antietam National Battlefield,Grassland,True,ANTI-0108,,2018-07-17,3,Elizabeth Oswald,2018-07,July,29,71,7,Mid (7-8am),10.0,22.6000003814697,86.8000030517578,20-25C,>80%,Clear or Few Clouds,Light air movement (1-3 mph) smoke drifts,No effect on count,14,18,1,0,5.56,True
ANTI-0113|2018-05-24|V1,ANTI,Antietam National Battlefield,Grassland,True,ANTI-0113,,2018-05-24,1,Elizabeth Oswald,2018-05,May,21,17,8,Mid (7-8am),10.0,26.1000003814697,60.2000007629395,25-30C,60-80%,Clear or Few Clouds,Light air movement (1-3 mph) smoke drifts,Slight effect on count,10,12,0,2,0.0,False
ANTI-0113|2018-06-26|V2,ANTI,Antietam National Battlefield,Grassland,True,ANTI-0113,,2018-06-26,2,Kimberly Serno,2018-06,June,26,50,8,Mid (7-8am),10.0,21.2000007629395,65.1999969482422,20-25C,60-80%,Partly Cloudy,Light air movement (1-3 mph) smoke drifts,Moderate effect on count,9,11,0,2,0.0,False
ANTI-0113|2018-07-17|V3,ANTI,Antietam National Battlefield,Grassland,True,ANTI-0113,,2018-07-17,3,Brian Swimelar,2018-07,July,29,71,5,Early (5-6am),30.0,26.5,70.0999984741211,25-30C,60-80%,Partly Cloudy,Light air movement (1-3 mph) smoke drifts,No effect on count,6,10,0,0,0.0,False
ANTI-0114|2018-05-24|V1,ANTI,Antietam National Battlefield,Grassland,True,ANTI-0114,,2018-05-24,1,Elizabeth Oswald,2018-05,May,21,17,9,Late (9-10am),10.0,26.7000007629395,42.0999984741211,25-30C,40-60%,Clear or Few Clouds,Light air movement (1-3 mph) smoke drifts,Moderate effect on count,10,13,0,1,0.0,False
ANTI-0114|2018-06-26|V2,ANTI,Antietam National Battlefield,Grassland,True,ANTI-0114,,2018-06-26,2,Kimberly Serno,2018-06,June,26,50,8,Mid (7-8am),10.0,20.6000003814697,64.0999984741211,20-25C,60-80%,Partly Cloudy,Light air movement (1-3 mph) smoke drifts,Moderate effect on count,10,12,0,0,0.0,False
ANTI-0114|2018-07-17|V3,ANTI,Antietam National Battlefield,Grassland,True,ANTI-0114,,2018-07-17,3,Brian Swimelar,2018-07,July,29,71,5,Early (5-6am),10.0,26.5,74.3000030517578,25-30C,60-80%,Partly Cloudy,Light air movement (1-3 mph) smoke drifts,No effect on count,7,11,0,0,0.0,False
ANTI-0115|2018-05-24|V1,ANTI,Antietam National Battlefield,Grassland,True,ANTI-0115,,2018-05-24,1,Elizabeth Oswald,2018-05,May,21,17,5,Early (5-6am),10.0,18.8999996185303,64.4000015258789,15-20C,60-80%,Cloudy/Overcast,Light air movement (1-3 mph) smoke drifts,No effect on count,9,13,0,1,0.0,False
ANTI-0115|2018-06-25|V2,ANTI,Antietam National Battlefield,Grassland,True,ANTI-0115,,2018-06-25,2,Brian Swimelar,2018-06,June,26,49,7,Mid (7-8am),10.0,23.8999996185303,68.5999984741211,20-25C,60-80%,Cloudy/Overcast,Light breeze (4-7 mph) wind felt on face,Moderate effect on count,12,16,0,3,0.0,False
ANTI-0115|2018-07-13|V3,ANTI,Antietam National Battlefield,Grassland,True,ANTI-0115,,2018-07-13,3,Kimberly Serno,2018-07,July,28,67,5,Early (5-6am),10.0,20.7000007629395,67.6999969482422,20-25C,60-80%,Partly Cloudy,Light air movement (1-3 mph) smoke drifts,Slight effect on count,13,15,0,0,0.0,False
ANTI-0116|2018-05-24|V1,ANTI,Antietam National Battlefield,Grassland,True,ANTI-0116,,2018-05-24,1,Kimberly Serno,2018-05,May,21,17,5,Early (5-6am),10.0,18.1000003814697,68.0999984741211,15-20C,60-80%,Partly Cloudy,Light air movement (1-3 mph) smoke drifts,Slight effect on count,12,16,0,0,0.0,False
ANTI-0116|2018-06-25|V2,ANTI,Antietam National Battlefield,Grassland,True,ANTI-0116,,2018-06-25,2,Brian Swimelar,2018-06,June,26,49,10,Late (9-10am),10.0,30.5,47.5999984741211,>30C,40-60%,Clear or Few Clouds,Light breeze (4-7 mph) wind felt on face,No effect on count,6,8,0,2,0.0,False
ANTI-0116|2018-07-17|V3,ANTI,Antietam National Battlefield,Grassland,True,ANTI-0116,,2018-07-17,3,Elizabeth Oswald,2018-07,July,29,71,9,Late (9-10am),10.0,25.1000003814697,93.3000030517578,25-30C,>80%,Cloudy/Overcast,Light breeze (4-7 mph) wind felt on face,No effect on count,7,8,0,0,0.0,False
ANTI-0117|2018-05-24|V1,ANTI,Antietam National Battlefield,Grassland,True,ANTI-0117,,2018-05-24,1,Kimberly Serno,2018-05,May,21,17,5,Early (5-6am),10.0,15.3999996185303,67.9000015258789,15-20C,60-80%,Partly Cloudy,Light air movement (1-3 mph) smoke drifts,Slight effect on count,9,13,0,0,0.0,False
ANTI-0117|2018-06-26|V2,ANTI,Antietam National Battlefield,Grassland,True,ANTI-0117,,2018-06-26,2,Brian Swimelar,2018-06,June,26,50,6,Early (5-6am),10.0,15.3000001907349,85.0,15-20C,>80%,Clear or Few Clouds,Light air movement (1-3 mph) smoke drifts,No effect on count,8,9,0,0,0.0,False
ANTI-0117|2018-07-17|V3,ANTI,Antietam National Battlefield,Grassland,True,ANTI-0117,,2018-07-17,3,Elizabeth Oswald,2018-07,July,29,71,9,Late (9-10am),10.0,24.7999992370605,92.5,20-25C,>80%,Partly Cloudy,Light breeze (4-7 mph) wind felt on face,No effect on count,9,9,0,0,0.0,False
ANTI-0118|2018-05-24|V1,ANTI,Antietam National Battlefield,Grassland,True,ANTI-0118,,2018-05-24,1,Kimberly Serno,2018-05,May,21,17,8,Mid (7-8am),10.0,22.3999996185303,80.6999969482422,20-25C,>80%,Clear or Few Clouds,Calm (< 1 mph) smoke rises vertically,No effect on count,11,13,0,1,0.0,False
ANTI-0118|2018-06-26|V2,ANTI,Antietam National Battlefield,Grassland,True,ANTI-0118,,2018-06-26,2,Brian Swimelar,2018-06,June,26,50,9,Late (9-10am),10.0,29.6000003814697,49.0999984741211,25-30C,40-60%,Clear or Few Clouds,Light air movement (1-3 mph) smoke drifts,No effect on count,6,7,0,0,0.0,False
ANTI-0118|2018-07-17|V3,ANTI,Antietam National Battlefield,Grassland,True,ANTI-0118,,2018-07-17,3,Elizabeth Oswald,2018-07,July,29,71,6,Early (5-6am),10.0,21.5,88.1999969482422,20-25C,>80%,Partly Cloudy,Calm (< 1 mph) smoke rises vertically,Slight effect on count,11,16,0,3,0.0,False
ANTI-0119|2018-05-24|V1,ANTI,Antietam National Battlefield,Grassland,True,ANTI-0119,,2018-05-24,1,Kimberly Serno,2018-05,May,21,17,8,Mid (7-8am),10.0,18.1000003814697,91.0,15-20C,>80%,Clear or Few Clouds,Light air movement (1-3 mph) smoke drifts,No effect on count,14,16,0,0,0.0,False
ANTI-0119|2018-06-26|V2,ANTI,Antietam National Battlefield,Grassland,True,ANTI-0119,,2018-06-26,2,Brian Swimelar,2018-06,June,26,50,9,Late (9-10am),10.0,29.7999992370605,48.0,25-30C,40-60%,Clear or Few Clouds,Light air movement (1-3 mph) smoke drifts,Serious effect on count,5,5,0,0,0.0,False
ANTI-0119|2018-07-17|V3,ANTI,Antietam National Battlefield,Grassland,True,ANTI-0119,,2018-07-17,3,Elizabeth Oswald,2018-07,July,29,71,7,Mid (7-8am),10.0,21.8999996185303,91.5999984741211,20-25C,>80%,Clear or Few Clouds,Calm (< 1 mph) smoke rises vertically,No effect on count,14,15,1,1,6.67,True
ANTI-0124|2018-05-24|V1,ANTI,Antietam National Battlefield,Grassland,True,ANTI-0124,,2018-05-24,1,Elizabeth Oswald,2018-05,May,21,17,9,Late (9-10am),10.0,29.5,39.9000015258789,25-30C,<40%,Clear or Few Clouds,Light air movement (1-3 mph) smoke drifts,No effect on count,16,17,0,0,0.0,False
ANTI-0124|2018-06-26|V2,ANTI,Antietam National Battlefield,Grassland,True,ANTI-0124,,2018-06-26,2,Kimberly Serno,2018-06,June,26,50,8,Mid (7-8am),10.0,24.6000003814697,58.5,20-25C,40-60%,Partly Cloudy,Light air movement (1-3 mph) smoke drifts,Moderate effect on count,8,11,0,0,0.0,False
ANTI-0124|2018-07-17|V3,ANTI,Antietam National Battlefield,Grassland,True,ANTI-0124,,2018-07-17,3,Brian Swimelar,2018-07,July,29,71,6,Early (5-6am),10.0,26.7000007629395,64.1999969482422,25-30C,60-80%,Partly Cloudy,Calm (< 1 mph) smoke rises vertically,No effect on count,8,10,0,4,0.0,False
ANTI-0125|2018-05-24|V1,ANTI,Antietam National Battlefield,Grassland,True,ANTI-0125,,2018-05-24,1,Elizabeth Oswald,2018-05,May,21,17,9,Late (9-10am),10.0,26.0,32.9000015258789,25-30C,<40%,Clear or Few Clouds,Light breeze (4-7 mph) wind felt on face,Slight effect on count,12,13,0,2,0.0,False
ANTI-0125|2018-06-25|V2,ANTI,Antietam National Battlefield,Grassland,True,ANTI-0125,,2018-06-25,2,Brian Swimelar,2018-06,June,26,49,6,Early (5-6am),10.0,23.8999996185303,68.5999984741211,20-25C,60-80%,Cloudy/Overcast,Light breeze (4-7 mph) wind felt on face,Moderate effect on count,7,10,0,1,0.0,False
ANTI-0125|2018-07-13|V3,ANTI,Antietam National Battlefield,Grassland,True,ANTI-0125,,2018-07-13,3,Kimberly Serno,2018-07,July,28,67,5,Early (5-6am),10.0,21.3999996185303,62.7000007629395,20-25C,60-80%,Partly Cloudy,Light air movement (1-3 mph) smoke drifts,Slight effect on count,9,11,0,1,0.0,False
ANTI-0126|2018-05-24|V1,ANTI,Antietam National Battlefield,Grassland,True,ANTI-0126,,2018-05-24,1,Kimberly Serno,2018-05,May,21,17,9,Late (9-10am),10.0,28.7999992370605,68.3000030517578,25-30C,60-80%,Clear or Few Clouds,Light air movement (1-3 mph) smoke drifts,No effect on count,11,13,0,1,0.0,False
ANTI-0126|2018-06-25|V2,ANTI,Antietam National Battlefield,Grassland,True,ANTI-0126,,2018-06-25,2,Brian Swimelar,2018-06,June,26,49,10,Late (9-10am),10.0,29.0,47.9000015258789,25-30C,40-60%,Clear or Few Clouds,Light breeze (4-7 mph) wind felt on face,No effect on count,8,11,0,2,0.0,False
ANTI-0126|2018-07-19|V3,ANTI,Antietam National Battlefield,Grassland,True,ANTI-0126,,2018-07-19,3,Elizabeth Oswald,2018-07,July,29,73,7,Mid (7-8am),10.0,18.7999992370605,82.6999969482422,15-20C,>80%,Clear or Few Clouds,Light breeze (4-7 mph) wind felt on face,No effect on count,9,14,0,0,0.0,False
ANTI-0127|2018-05-24|V1,ANTI,Antietam National Battlefield,Grassland,True,ANTI-0127,,2018-05-24,1,Kimberly Serno,2018-05,May,21,17,9,Late (9-10am),10.0,28.8999996185303,56.5,25-30C,40-60%,Clear or Few Clouds,Calm (< 1 mph) smoke rises vertically,No effect on count,12,15,0,0,0.0,False
ANTI-0127|2018-06-26|V2,ANTI,Antietam National Battlefield,Grassland,True,ANTI-0127,,2018-06-26,2,Brian Swimelar,2018-06,June,26,50,6,Early (5-6am),10.0,14.6999998092651,84.0,<15C,>80%,Clear or Few Clouds,Light air movement (1-3 mph) smoke drifts,No effect on count,7,8,0,1,0.0,False
ANTI-0127|2018-07-19|V3,ANTI,Antietam National Battlefield,Grassland,True,ANTI-0127,,2018-07-19,3,Elizabeth Oswald,2018-07,July,29,73,7,Mid (7-8am),10.0,19.2000007629395,79.0999984741211,15-20C,60-80%,Clear or Few Clouds,Light breeze (4-7 mph) wind felt on face,No effect on count,13,16,0,1,0.0,False
ANTI-0128|2018-05-24|V1,ANTI,Antietam National Battlefield,Grassland,True,ANTI-0128,,2018-05-24,1,Kimberly Serno,2018-05,May,21,17,8,Mid (7-8am),10.0,22.7999992370605,76.0,20-25C,60-80%,Clear or Few Clouds,Calm (< 1 mph) smoke rises vertically,Slight effect on count,13,15,0,0,0.0,False
ANTI-0128|2018-06-26|V2,ANTI,Antietam National Battlefield,Grassland,True,ANTI-0128,,2018-06-26,2,Brian Swimelar,2018-06,June,26,50,6,Early (5-6am),10.0,16.7999992370605,74.1999969482422,15-20C,60-80%,Clear or Few Clouds,Light air movement (1-3 mph) smoke drifts,No effect on count,8,9,0,0,0.0,False
ANTI-0128|2018-07-17|V3,ANTI,Antietam National Battlefield,Grassland,True,ANTI-0128,,2018-07-17,3,Elizabeth Oswald,2018-07,July,29,71,6,Early (5-6am),10.0,21.3999996185303,89.0999984741211,20-25C,>80%,Partly Cloudy,Light air movement (1-3 mph) smoke drifts,Slight effect on count,11,13,0,1,0.0,False
ANTI-0133|2018-05-24|V1,ANTI,Antietam National Battlefield,Grassland,True,ANTI-0133,,2018-05-24,1,Elizabeth Oswald,2018-05,May,21,17,10,Late (9-10am),10.0,30.6000003814697,47.2000007629395,>30C,40-60%,Clear or Few Clouds,Light breeze (4-7 mph) wind felt on face,Slight effect on count,10,11,0,1,0.0,False
ANTI-0133|2018-06-26|V2,ANTI,Antietam National Battlefield,Grassland,True,ANTI-0133,,2018-06-26,2,Kimberly Serno,2018-06,June,26,50,9,Late (9-10am),10.0,33.2999992370605,33.4000015258789,>30C,<40%,Partly Cloudy,Light air movement (1-3 mph) smoke drifts,Slight effect on count,10,14,0,0,0.0,False
ANTI-0133|2018-07-17|V3,ANTI,Antietam National Battlefield,Grassland,True,ANTI-0133,,2018-07-17,3,Brian Swimelar,2018-07,July,29,71,6,Early (5-6am),10.0,26.2999992370605,75.4000015258789,25-30C,60-80%,Partly Cloudy,Light air movement (1-3 mph) smoke drifts,No effect on count,6,6,0,1,0.0,False
ANTI-0134|2018-05-24|V1,ANTI,Antietam National Battlefield,Grassland,True,ANTI-0134,,2018-05-24,1,Elizabeth Oswald,2018-05,May,21,17,10,Late (9-10am),10.0,32.5,47.4000015258789,>30C,40-60%,Clear or Few Clouds,Light breeze (4-7 mph) wind felt on face,No effect on count,13,14,0,2,0.0,False
ANTI-0134|2018-06-26|V2,ANTI,Antietam National Battlefield,Grassland,True,ANTI-0134,,2018-06-26,2,Kimberly Serno,2018-06,June,26,50,9,Late (9-10am),10.0,26.5,51.0,25-30C,40-60%,Partly Cloudy,Light air movement (1-3 mph) smoke drifts,No effect on count,8,11,0,0,0.0,False
ANTI-0134|2018-07-17|V3,ANTI,Antietam National Battlefield,Grassland,True,ANTI-0134,,2018-07-17,3,Brian Swimelar,2018-07,July,29,71,6,Early (5-6am),10.0,26.2999992370605,70.9000015258789,25-30C,60-80%,Partly Cloudy,Light breeze (4-7 mph) wind felt on face,No effect on count,8,9,0,3,0.0,False
ANTI-0135|2018-05-24|V1,ANTI,Antietam National Battlefield,Grassland,True,ANTI-0135,,2018-05-24,1,Kimberly Serno,2018-05,May,21,17,10,Late (9-10am),10.0,32.7999992370605,49.7000007629395,>30C,40-60%,Clear or Few Clouds,Calm (< 1 mph) smoke rises vertically,Slight effect on count,13,17,0,0,0.0,False
ANTI-0135|2018-06-25|V2,ANTI,Antietam National Battlefield,Grassland,True,ANTI-0135,,2018-06-25,2,Brian Swimelar,2018-06,June,26,49,6,Early (5-6am),10.0,23.8999996185303,68.5999984741211,20-25C,60-80%,Partly Cloudy,Light air movement (1-3 mph) smoke drifts,No effect on count,8,9,0,1,0.0,False
ANTI-0135|2018-07-19|V3,ANTI,Antietam National Battlefield,Grassland,True,ANTI-0135,,2018-07-19,3,Elizabeth Oswald,2018-07,July,29,73,5,Early (5-6am),10.0,18.6000003814697,77.0999984741211,15-20C,60-80%,Partly Cloudy,Calm (< 1 mph) smoke rises vertically,No effect on count,11,13,0,0,0.0,False
ANTI-0136|2018-05-24|V1,ANTI,Antietam National Battlefield,Grassland,True,ANTI-0136,,2018-05-24,1,Kimberly Serno,2018-05,May,21,17,10,Late (9-10am),10.0,27.7000007629395,71.5999984741211,25-30C,60-80%,Clear or Few Clouds,Light air movement (1-3 mph) smoke drifts,Slight effect on count,11,13,0,2,0.0,False
ANTI-0136|2018-06-25|V2,ANTI,Antietam National Battlefield,Grassland,True,ANTI-0136,,2018-06-25,2,Brian Swimelar,2018-06,June,26,49,10,Late (9-10am),10.0,31.3999996185303,53.4000015258789,>30C,40-60%,Clear or Few Clouds,Light air movement (1-3 mph) smoke drifts,Moderate effect on count,7,10,0,5,0.0,False
ANTI-0136|2018-07-17|V3,ANTI,Antietam National Battlefield,Grassland,True,ANTI-0136,,2018-07-17,3,Elizabeth Oswald,2018-07,July,29,71,5,Early (5-6am),10.0,21.0,84.1999969482422,20-25C,>80%,Partly Cloudy,Light air movement (1-3 mph) smoke drifts,Slight effect on count,11,14,0,0,0.0,False
ANTI-0137|2018-05-24|V1,ANTI,Antietam National Battlefield,Grassland,True,ANTI-0137,,2018-05-24,1,Kimberly Serno,2018-05,May,21,17,9,Late (9-10am),10.0,30.2999992370605,43.0,>30C,40-60%,Clear or Few Clouds,Light air movement (1-3 mph) smoke drifts,No effect on count,11,15,0,0,0.0,False
ANTI-0137|2018-06-26|V2,ANTI,Antietam National Battlefield,Grassland,True,ANTI-0137,,2018-06-26,2,Brian Swimelar,2018-06,June,26,50,5,Early (5-6am),10.0,15.8000001907349,79.4000015258789,15-20C,60-80%,Clear or Few Clouds,Light air movement (1-3 mph) smoke drifts,No effect on count,8,12,0,0,0.0,False
ANTI-0137|2018-07-17|V3,ANTI,Antietam National Battlefield,Grassland,True,ANTI-0137,,2018-07-17,3,Elizabeth Oswald,2018-07,July,29,71,5,Early (5-6am),10.0,21.2000007629395,83.3000030517578,20-25C,>80%,Partly Cloudy,Light air movement (1-3 mph) smoke drifts,No effect on count,9,11,0,1,0.0,False
ANTI-0138|2018-05-24|V1,ANTI,Antietam National Battlefield,Grassland,True,ANTI-0138,,2018-05-24,1,Kimberly Serno,2018-05,May,21,17,8,Mid (7-8am),10.0,29.3999996185303,53.2000007629395,25-30C,40-60%,Clear or Few Clouds,Light air movement (1-3 mph) smoke drifts,Slight effect on count,8,9,0,0,0.0,False
ANTI-0138|2018-06-26|V2,ANTI,Antietam National Battlefield,Grassland,True,ANTI-0138,,2018-06-26,2,Brian Swimelar,2018-06,June,26,50,6,Early (5-6am),10.0,16.5,78.1999969482422,15-20C,60-80%,Clear or Few Clouds,Light air movement (1-3 mph) smoke drifts,Slight effect on count,10,11,0,0,0.0,False
ANTI-0138|2018-07-17|V3,ANTI,Antietam National Battlefield,Grassland,True,ANTI-0138,,2018-07-17,3,Elizabeth Oswald,2018-07,July,29,71,6,Early (5-6am),10.0,21.3999996185303,88.1999969482422,20-25C,>80%,Partly Cloudy,Light air movement (1-3 mph) smoke drifts,Slight effect on count,10,13,0,0,0.0,False
ANTI-0140|2018-05-24|V1,ANTI,Antietam National Battlefield,Grassland,True,ANTI-0140,,2018-05-24,1,Brian Swimelar,2018-05,May,21,17,6,Early (5-6am),10.0,19.7999992370605,68.3000030517578,15-20C,60-80%,Clear or Few Clouds,Light air movement (1-3 mph) smoke drifts,Slight effect on count,10,17,0,1,0.0,False
ANTI-0140|2018-06-26|V2,ANTI,Antietam National Battlefield,Grassland,True,ANTI-0140,,2018-06-26,2,Kimberly Serno,2018-06,June,26,50,9,Late (9-10am),10.0,29.6000003814697,50.2999992370605,25-30C,40-60%,Partly Cloudy,Light breeze (4-7 mph) wind felt on face,Slight effect on count,8,9,0,1,0.0,False
ANTI-0140|2018-07-19|V3,ANTI,Antietam National Battlefield,Grassland,True,ANTI-0140,,2018-07-19,3,Elizabeth Oswald,2018-07,July,29,73,6,Early (5-6am),10.0,17.7999992370605,84.6999969482422,15-20C,>80%,Partly Cloudy,Light air movement (1-3 mph) smoke drifts,Slight effect on count,9,11,0,0,0.0,False
ANTI-0141|2018-05-24|V1,ANTI,Antietam National Battlefield,Grassland,True,ANTI-0141,,2018-05-24,1,Brian Swimelar,2018-05,May,21,17,5,Early (5-6am),10.0,18.1000003814697,63.0999984741211,15-20C,60-80%,Clear or Few Clouds,Light breeze (4-7 mph) wind felt on face,Slight effect on count,8,10,0,2,0.0,False
ANTI-0141|2018-06-26|V2,ANTI,Antietam National Battlefield,Grassland,True,ANTI-0141,,2018-06-26,2,Kimberly Serno,2018-06,June,26,50,9,Late (9-10am),10.0,29.2000007629395,49.7000007629395,25-30C,40-60%,Partly Cloudy,Light breeze (4-7 mph) wind felt on face,Slight effect on count,7,10,0,0,0.0,False
ANTI-0141|2018-07-19|V3,ANTI,Antietam National Battlefield,Grassland,True,ANTI-0141,,2018-07-19,3,Elizabeth Oswald,2018-07,July,29,73,6,Early (5-6am),10.0,18.5,85.8000030517578,15-20C,>80%,Partly Cloudy,Light air movement (1-3 mph) smoke drifts,No effect on count,10,11,0,1,0.0,False
ANTI-0142|2018-05-24|V1,ANTI,Antietam National Battlefield,Grassland,True,ANTI-0142,,2018-05-24,1,Brian Swimelar,2018-05,May,21,17,5,Early (5-6am),10.0,17.7999992370605,60.2999992370605,15-20C,60-80%,Clear or Few Clouds,Light air movement (1-3 mph) smoke drifts,Moderate effect on count,10,13,0,0,0.0,False
ANTI-0142|2018-06-26|V2,ANTI,Antietam National Battlefield,Grassland,True,ANTI-0142,,2018-06-26,2,Kimberly Serno,2018-06,June,26,50,10,Late (9-10am),10.0,31.7999992370605,47.2000007629395,>30C,40-60%,Partly Cloudy,Light air movement (1-3 mph) smoke drifts,Slight effect on count,8,10,0,0,0.0,False
ANTI-0143|2018-05-24|V1,ANTI,Antietam National Battlefield,Grassland,True,ANTI-0143,,2018-05-24,1,Kimberly Serno,2018-05,May,21,17,10,Late (9-10am),10.0,32.2999992370605,47.7999992370605,>30C,40-60%,Clear or Few Clouds,Light air movement (1-3 mph) smoke drifts,Slight effect on count,10,13,0,2,0.0,False
ANTI-0143|2018-06-25|V2,ANTI,Antietam National Battlefield,Grassland,True,ANTI-0143,,2018-06-25,2,Brian Swimelar,2018-06,June,26,49,6,Early (5-6am),10.0,23.8999996185303,68.5999984741211,20-25C,60-80%,Partly Cloudy,Light air movement (1-3 mph) smoke drifts,Slight effect on count,9,12,0,1,0.0,False
ANTI-0143|2018-07-17|V3,ANTI,Antietam National Battlefield,Grassland,True,ANTI-0143,,2018-07-17,3,Elizabeth Oswald,2018-07,July,29,71,5,Early (5-6am),10.0,20.8999996185303,85.4000015258789,20-25C,>80%,Partly Cloudy,Calm (< 1 mph) smoke rises vertically,Slight effect on count,9,14,0,0,0.0,False
ANTI-0147|2018-05-23|V1,ANTI,Antietam National Battlefield,Grassland,True,ANTI-0147,,2018-05-23,1,Brian Swimelar,2018-05,May,21,16,5,Early (5-6am),10.0,24.0,66.6999969482422,20-25C,60-80%,Clear or Few Clouds,Calm (< 1 mph) smoke rises vertically,Moderate effect on count,10,12,0,2,0.0,False
ANTI-0147|2018-06-26|V2,ANTI,Antietam National Battlefield,Grassland,True,ANTI-0147,,2018-06-26,2,Kimberly Serno,2018-06,June,26,50,10,Late (9-10am),10.0,31.3999996185303,41.2000007629395,>30C,40-60%,Partly Cloudy,Light breeze (4-7 mph) wind felt on face,Moderate effect on count,7,8,0,2,0.0,False
ANTI-0147|2018-07-19|V3,ANTI,Antietam National Battlefield,Grassland,True,ANTI-0147,,2018-07-19,3,Elizabeth Oswald,2018-07,July,29,73,6,Early (5-6am),10.0,18.1000003814697,86.5,15-20C,>80%,Clear or Few Clouds,Light breeze (4-7 mph) wind felt on face,Moderate effect on count,7,10,0,1,0.0,False
ANTI-0148|2018-05-23|V1,ANTI,Antietam National Battlefield,Grassland,True,ANTI-0148,,2018-05-23,1,Brian Swimelar,2018-05,May,21,16,5,Early (5-6am),10.0,24.2999992370605,65.3000030517578,20-25C,60-80%,Partly Cloudy,Light air movement (1-3 mph) smoke drifts,No effect on count,4,6,0,0,0.0,False
ANTI-0148|2018-06-25|V2,ANTI,Antietam National Battlefield,Grassland,True,ANTI-0148,,2018-06-25,2,Elizabeth Oswald,2018-06,June,26,49,5,Early (5-6am),10.0,20.1000003814697,76.0999984741211,20-25C,60-80%,Partly Cloudy,Light breeze (4-7 mph) wind felt on face,Slight effect on count,9,10,0,0,0.0,False
ANTI-0148|2018-07-16|V3,ANTI,Antietam National Battlefield,Grassland,True,ANTI-0148,,2018-07-16,3,Kimberly Serno,2018-07,July,29,70,5,Early (5-6am),10.0,22.6000003814697,63.4000015258789,20-25C,60-80%,Partly Cloudy,Light air movement (1-3 mph) smoke drifts,Slight effect on count,8,13,0,0,0.0,False
ANTI-0149|2018-05-22|V1,ANTI,Antietam National Battlefield,Grassland,True,ANTI-0149,,2018-05-22,1,Brian Swimelar,2018-05,May,21,15,5,Early (5-6am),10.0,22.6000003814697,61.0999984741211,20-25C,60-80%,Cloudy/Overcast,Light air movement (1-3 mph) smoke drifts,No effect on count,9,11,0,2,0.0,False
ANTI-0149|2018-06-25|V2,ANTI,Antietam National Battlefield,Grassland,True,ANTI-0149,,2018-06-25,2,Elizabeth Oswald,2018-06,June,26,49,9,Late (9-10am),10.0,22.8999996185303,58.5999984741211,20-25C,40-60%,Clear or Few Clouds,Light breeze (4-7 mph) wind felt on face,Slight effect on count,5,5,0,0,0.0,False
ANTI-0149|2018-07-16|V3,ANTI,Antietam National Battlefield,Grassland,True,ANTI-0149,,2018-07-16,3,Kimberly Serno,2018-07,July,29,70,5,Early (5-6am),10.0,22.0,69.9000015258789,20-25C,60-80%,Clear or Few Clouds,Light air movement (1-3 mph) smoke drifts,Slight effect on count,9,13,0,0,0.0,False
ANTI-0150|2018-05-22|V1,ANTI,Antietam National Battlefield,Grassland,True,ANTI-0150,,2018-05-22,1,Brian Swimelar,2018-05,May,21,15,6,Early (5-6am),10.0,22.6000003814697,61.0999984741211,20-25C,60-80%,Cloudy/Overcast,Light air movement (1-3 mph) smoke drifts,Slight effect on count,7,9,0,0,0.0,False
ANTI-0150|2018-06-25|V2,ANTI,Antietam National Battlefield,Grassland,True,ANTI-0150,,2018-06-25,2,Elizabeth Oswald,2018-06,June,26,49,9,Late (9-10am),10.0,23.5,59.2999992370605,20-25C,40-60%,Clear or Few Clouds,Light breeze (4-7 mph) wind felt on face,Slight effect on count,10,11,0,0,0.0,False
ANTI-0150|2018-07-16|V3,ANTI,Antietam National Battlefield,Grassland,True,ANTI-0150,,2018-07-16,3,Kimberly Serno,2018-07,July,29,70,6,Early (5-6am),10.0,21.6000003814697,70.4000015258789,20-25C,60-80%,Clear or Few Clouds,Light air movement (1-3 mph) smoke drifts,Slight effect on count,8,11,0,0,0.0,False
ANTI-0151|2018-05-22|V1,ANTI,Antietam National Battlefield,Grassland,True,ANTI-0151,,2018-05-22,1,Brian Swimelar,2018-05,May,21,15,6,Early (5-6am),10.0,25.2999992370605,64.0,25-30C,60-80%,Cloudy/Overcast,Light air movement (1-3 mph) smoke drifts,Serious effect on count,5,6,0,0,0.0,False
ANTI-0151|2018-06-25|V2,ANTI,Antietam National Battlefield,Grassland,True,ANTI-0151,,2018-06-25,2,Elizabeth Oswald,2018-06,June,26,49,10,Late (9-10am),10.0,24.2000007629395,79.9000015258789,20-25C,60-80%,Clear or Few Clouds,Light breeze (4-7 mph) wind felt on face,Moderate effect on count,7,9,1,0,11.11,True
ANTI-0151|2018-07-16|V3,ANTI,Antietam National Battlefield,Grassland,True,ANTI-0151,,2018-07-16,3,Kimberly Serno,2018-07,July,29,70,6,Early (5-6am),10.0,21.0,74.5999984741211,20-25C,60-80%,Clear or Few Clouds,Light air movement (1-3 mph) smoke drifts,Slight effect on count,8,9,1,0,11.11,True
ANTI-0153|2018-05-23|V1,ANTI,Antietam National Battlefield,Grassland,True,ANTI-0153,,2018-05-23,1,Brian Swimelar,2018-05,May,21,16,6,Early (5-6am),10.0,26.7000007629395,62.2999992370605,25-30C,60-80%,Partly Cloudy,Light air movement (1-3 mph) smoke drifts,No effect on count,10,13,0,0,0.0,False
ANTI-0153|2018-06-25|V2,ANTI,Antietam National Battlefield,Grassland,True,ANTI-0153,,2018-06-25,2,Elizabeth Oswald,2018-06,June,26,49,6,Early (5-6am),10.0,21.6000003814697,77.5,20-25C,60-80%,Partly Cloudy,Light air movement (1-3 mph) smoke drifts,No effect on count,13,18,0,1,0.0,False
ANTI-0153|2018-07-16|V3,ANTI,Antietam National Battlefield,Grassland,True,ANTI-0153,,2018-07-16,3,Kimberly Serno,2018-07,July,29,70,8,Mid (7-8am),10.0,27.2999992370605,78.5,25-30C,60-80%,Clear or Few Clouds,Light air movement (1-3 mph) smoke drifts,Slight effect on count,13,16,0,1,0.0,False
ANTI-0154|2018-05-22|V1,ANTI,Antietam National Battlefield,Grassland,True,ANTI-0154,,2018-05-22,1,Brian Swimelar,2018-05,May,21,15,7,Mid (7-8am),10.0,25.1000003814697,66.9000015258789,25-30C,60-80%,Mist/Drizzle,"Gentle breeze (8-12 mph), leaves in motion",No effect on count,9,11,0,2,0.0,False
ANTI-0154|2018-06-25|V2,ANTI,Antietam National Battlefield,Grassland,True,ANTI-0154,,2018-06-25,2,Elizabeth Oswald,2018-06,June,26,49,5,Early (5-6am),10.0,20.2000007629395,82.5999984741211,20-25C,>80%,Partly Cloudy,Light breeze (4-7 mph) wind felt on face,Slight effect on count,11,14,0,0,0.0,False
ANTI-0154|2018-07-16|V3,ANTI,Antietam National Battlefield,Grassland,True,ANTI-0154,,2018-07-16,3,Kimberly Serno,2018-07,July,29,70,8,Mid (7-8am),10.0,27.7999992370605,75.1999969482422,25-30C,60-80%,Clear or Few Clouds,Light air movement (1-3 mph) smoke drifts,Slight effect on count,10,14,0,0,0.0,False
ANTI-0155|2018-05-22|V1,ANTI,Antietam National Battlefield,Grassland,True,ANTI-0155,,2018-05-22,1,Brian Swimelar,2018-05,May,21,15,7,Mid (7-8am),10.0,25.5,68.4000015258789,25-30C,60-80%,Mist/Drizzle,Light breeze (4-7 mph) wind felt on face,No effect on count,11,17,0,3,0.0,False
ANTI-0155|2018-06-25|V2,ANTI,Antietam National Battlefield,Grassland,True,ANTI-0155,,2018-06-25,2,Elizabeth Oswald,2018-06,June,26,49,8,Mid (7-8am),10.0,22.7000007629395,63.7000007629395,20-25C,60-80%,Clear or Few Clouds,"Gentle breeze (8-12 mph), leaves in motion",No effect on count,5,6,0,0,0.0,False
ANTI-0155|2018-07-16|V3,ANTI,Antietam National Battlefield,Grassland,True,ANTI-0155,,2018-07-16,3,Kimberly Serno,2018-07,July,29,70,8,Mid (7-8am),10.0,24.2999992370605,83.0,20-25C,>80%,Clear or Few Clouds,Light breeze (4-7 mph) wind felt on face,No effect on count,10,13,0,1,0.0,False
ANTI-0156|2018-05-22|V1,ANTI,Antietam National Battlefield,Grassland,True,ANTI-0156,,2018-05-22,1,Brian Swimelar,2018-05,May,21,15,6,Early (5-6am),10.0,22.6000003814697,61.0999984741211,20-25C,60-80%,Cloudy/Overcast,Light air movement (1-3 mph) smoke drifts,No effect on count,10,13,0,3,0.0,False
ANTI-0156|2018-06-25|V2,ANTI,Antietam National Battlefield,Grassland,True,ANTI-0156,,2018-06-25,2,Elizabeth Oswald,2018-06,June,26,49,8,Mid (7-8am),10.0,22.5,63.7999992370605,20-25C,60-80%,Clear or Few Clouds,Light air movement (1-3 mph) smoke drifts,No effect on count,12,15,0,0,0.0,False
ANTI-0156|2018-07-16|V3,ANTI,Antietam National Battlefield,Grassland,True,ANTI-0156,,2018-07-16,3,Kimberly Serno,2018-07,July,29,70,6,Early (5-6am),10.0,20.7999992370605,81.1999969482422,20-25C,>80%,Clear or Few Clouds,Calm (< 1 mph) smoke rises vertically,Slight effect on count,11,14,0,1,0.0,False
ANTI-0160|2018-05-23|V1,ANTI,Antietam National Battlefield,Grassland,True,ANTI-0160,,2018-05-23,1,Brian Swimelar,2018-05,May,21,16,6,Early (5-6am),10.0,26.0,65.5,25-30C,60-80%,Clear or Few Clouds,Calm (< 1 mph) smoke rises vertically,Serious effect on count,10,13,0,3,0.0,False
ANTI-0160|2018-06-25|V2,ANTI,Antietam National Battlefield,Grassland,True,ANTI-0160,,2018-06-25,2,Elizabeth Oswald,2018-06,June,26,49,6,Early (5-6am),10.0,21.6000003814697,80.6999969482422,20-25C,>80%,Partly Cloudy,Light air movement (1-3 mph) smoke drifts,Slight effect on count,16,19,0,0,0.0,False
ANTI-0160|2018-07-16|V3,ANTI,Antietam National Battlefield,Grassland,True,ANTI-0160,,2018-07-16,3,Kimberly Serno,2018-07,July,29,70,9,Late (9-10am),10.0,27.5,79.0,25-30C,60-80%,Clear or Few Clouds,Light air movement (1-3 mph) smoke drifts,Slight effect on count,9,12,0,1,0.0,False
ANTI-0161|2018-05-23|V1,ANTI,Antietam National Battlefield,Grassland,True,ANTI-0161,,2018-05-23,1,Brian Swimelar,2018-05,May,21,16,7,Mid (7-8am),10.0,27.1000003814697,71.0999984741211,25-30C,60-80%,Clear or Few Clouds,Light air movement (1-3 mph) smoke drifts,No effect on count,11,16,0,6,0.0,False
ANTI-0161|2018-06-25|V2,ANTI,Antietam National Battlefield,Grassland,True,ANTI-0161,,2018-06-25,2,Elizabeth Oswald,2018-06,June,26,49,6,Early (5-6am),10.0,20.7999992370605,85.4000015258789,20-25C,>80%,Partly Cloudy,Light air movement (1-3 mph) smoke drifts,No effect on count,14,19,0,1,0.0,False
ANTI-0161|2018-07-16|V3,ANTI,Antietam National Battlefield,Grassland,True,ANTI-0161,,2018-07-16,3,Kimberly Serno,2018-07,July,29,70,9,Late (9-10am),10.0,30.3999996185303,67.5,>30C,60-80%,Clear or Few Clouds,Light breeze (4-7 mph) wind felt on face,Slight effect on count,10,13,0,0,0.0,False
ANTI-0162|2018-05-23|V1,ANTI,Antietam National Battlefield,Grassland,True,ANTI-0162,,2018-05-23,1,Brian Swimelar,2018-05,May,21,16,7,Mid (7-8am),10.0,25.7999992370605,65.5,25-30C,60-80%,Clear or Few Clouds,Light air movement (1-3 mph) smoke drifts,No effect on count,7,10,0,1,0.0,False
ANTI-0162|2018-06-25|V2,ANTI,Antietam National Battlefield,Grassland,True,ANTI-0162,,2018-06-25,2,Elizabeth Oswald,2018-06,June,26,49,7,Mid (7-8am),10.0,21.3999996185303,86.4000015258789,20-25C,>80%,Partly Cloudy,Light air movement (1-3 mph) smoke drifts,No effect on count,12,12,0,1,0.0,False
ANTI-0162|2018-07-16|V3,ANTI,Antietam National Battlefield,Grassland,True,ANTI-0162,,2018-07-16,3,Kimberly Serno,2018-07,July,29,70,8,Mid (7-8am),10.0,23.7999992370605,83.9000015258789,20-25C,>80%,Clear or Few Clouds,Calm (< 1 mph) smoke rises vertically,No effect on count,14,17,0,0,0.0,False
ANTI-0163|2018-05-23|V1,ANTI,Antietam National Battlefield,Grassland,True,ANTI-0163,,2018-05-23,1,Brian Swimelar,2018-05,May,21,16,7,Mid (7-8am),10.0,26.3999996185303,72.4000015258789,25-30C,60-80%,Clear or Few Clouds,Calm (< 1 mph) smoke rises vertically,No effect on count,15,20,0,1,0.0,False
ANTI-0163|2018-06-25|V2,ANTI,Antietam National Battlefield,Grassland,True,ANTI-0163,,2018-06-25,2,Elizabeth Oswald,2018-06,June,26,49,8,Mid (7-8am),10.0,22.7000007629395,83.1999969482422,20-25C,>80%,Partly Cloudy,Light breeze (4-7 mph) wind felt on face,No effect on count,17,18,0,1,0.0,False
ANTI-0163|2018-07-16|V3,ANTI,Antietam National Battlefield,Grassland,True,ANTI-0163,,2018-07-16,3,Kimberly Serno,2018-07,July,29,70,7,Mid (7-8am),10.0,21.7999992370605,76.3000030517578,20-25C,60-80%,Clear or Few Clouds,Light air movement (1-3 mph) smoke drifts,Slight effect on count,11,16,0,1,0.0,False
ANTI-0169|2018-05-23|V1,ANTI,Antietam National Battlefield,Grassland,True,ANTI-0169,,2018-05-23,1,Brian Swimelar,2018-05,May,21,16,8,Mid (7-8am),10.0,25.6000003814697,67.0,25-30C,60-80%,Clear or Few Clouds,Calm (< 1 mph) smoke rises vertically,Serious effect on count,5,7,0,0,0.0,False
ANTI-0169|2018-06-25|V2,ANTI,Antietam National Battlefield,Grassland,True,ANTI-0169,,2018-06-25,2,Elizabeth Oswald,2018-06,June,26,49,7,Mid (7-8am),10.0,21.7999992370605,83.0,20-25C,>80%,Cloudy/Overcast,Light air movement (1-3 mph) smoke drifts,Slight effect on count,10,14,0,0,0.0,False
ANTI-0169|2018-07-16|V3,ANTI,Antietam National Battlefield,Grassland,True,ANTI-0169,,2018-07-16,3,Kimberly Serno,2018-07,July,29,70,7,Mid (7-8am),10.0,23.0,80.8000030517578,20-25C,>80%,Clear or Few Clouds,Calm (< 1 mph) smoke rises vertically,Slight effect on count,7,9,1,0,11.11,True
ANTI-0170|2018-05-23|V1,ANTI,Antietam National Battlefield,Grassland,True,ANTI-0170,,2018-05-23,1,Brian Swimelar,2018-05,May,21,16,8,Mid (7-8am),10.0,24.2999992370605,69.0999984741211,20-25C,60-80%,Clear or Few Clouds,Calm (< 1 mph) smoke rises vertically,Serious effect on count,9,12,0,1,0.0,False
ANTI-0170|2018-06-25|V2,ANTI,Antietam National Battlefield,Grassland,True,ANTI-0170,,2018-06-25,2,Elizabeth Oswald,2018-06,June,26,49,7,Mid (7-8am),10.0,21.2000007629395,87.3000030517578,20-25C,>80%,Cloudy/Overcast,Light breeze (4-7 mph) wind felt on face,No effect on count,11,13,1,0,7.69,True
ANTI-0170|2018-07-16|V3,ANTI,Antietam National Battlefield,Grassland,True,ANTI-0170,,2018-07-16,3,Kimberly Serno,2018-07,July,29,70,7,Mid (7-8am),10.0,21.8999996185303,81.0,20-25C,>80%,Clear or Few Clouds,Light air movement (1-3 mph) smoke drifts,Slight effect on count,12,16,0,0,0.0,False
ANTI-0171|2018-05-23|V1,ANTI,Antietam National Battlefield,Grassland,True,ANTI-0171,,2018-05-23,1,Brian Swimelar,2018-05,May,21,16,8,Mid (7-8am),10.0,24.2999992370605,69.0999984741211,20-25C,60-80%,Clear or Few Clouds,Light air movement (1-3 mph) smoke drifts,No effect on count,4,5,0,1,0.0,False
ANTI-0171|2018-06-25|V2,ANTI,Antietam National Battlefield,Grassland,True,ANTI-0171,,2018-06-25,2,Elizabeth Oswald,2018-06,June,26,49,7,Mid (7-8am),10.0,21.7999992370605,84.3000030517578,20-25C,>80%,Cloudy/Overcast,Light breeze (4-7 mph) wind felt on face,No effect on count,13,14,0,0,0.0,False
ANTI-0171|2018-07-16|V3,ANTI,Antietam National Battlefield,Grassland,True,ANTI-0171,,2018-07-16,3,Kimberly Serno,2018-07,July,29,70,7,Mid (7-8am),10.0,22.7999992370605,80.3000030517578,20-25C,>80%,Clear or Few Clouds,Light air movement (1-3 mph) smoke drifts,Slight effect on count,10,11,1,0,9.09,True
ANTI-0174|2018-05-23|V1,ANTI,Antietam National Battlefield,Grassland,True,ANTI-0174,,2018-05-23,1,Brian Swimelar,2018-05,May,21,16,9,Late (9-10am),10.0,25.2999992370605,64.5,25-30C,60-80%,Partly Cloudy,"Gentle breeze (8-12 mph), leaves in motion",No effect on count,12,15,0,2,0.0,False
ANTI-0174|2018-06-26|V2,ANTI,Antietam National Battlefield,Grassland,True,ANTI-0174,,2018-06-26,2,Elizabeth Oswald,2018-06,June,26,50,9,Late (9-10am),10.0,25.6000003814697,39.5999984741211,25-30C,<40%,Partly Cloudy,Light breeze (4-7 mph) wind felt on face,Slight effect on count,10,11,0,0,0.0,False
ANTI-0174|2018-07-16|V3,ANTI,Antietam National Battlefield,Grassland,True,ANTI-0174,,2018-07-16,3,Kimberly Serno,2018-07,July,29,70,9,Late (9-10am),10.0,33.4000015258789,55.5,>30C,40-60%,Clear or Few Clouds,Light air movement (1-3 mph) smoke drifts,Slight effect on count,11,14,0,1,0.0,False
ANTI-0180|2018-05-23|V1,ANTI,Antietam National Battlefield,Grassland,True,ANTI-0180,,2018-05-23,1,Brian Swimelar,2018-05,May,21,16,10,Late (9-10am),10.0,28.3999996185303,54.0999984741211,25-30C,40-60%,Clear or Few Clouds,"Gentle breeze (8-12 mph), leaves in motion",No effect on count,4,6,0,3,0.0,False
ANTI-0180|2018-06-26|V2,ANTI,Antietam National Battlefield,Grassland,True,ANTI-0180,,2018-06-26,2,Elizabeth Oswald,2018-06,June,26,50,8,Mid (7-8am),10.0,24.2000007629395,45.7999992370605,20-25C,40-60%,Partly Cloudy,Light breeze (4-7 mph) wind felt on face,No effect on count,9,9,0,1,0.0,False
ANTI-0180|2018-07-13|V3,ANTI,Antietam National Battlefield,Grassland,True,ANTI-0180,,2018-07-13,3,Kimberly Serno,2018-07,July,28,67,10,Late (9-10am),10.0,35.5999984741211,36.7999992370605,>30C,<40%,Partly Cloudy,Light breeze (4-7 mph) wind felt on face,No effect on count,7,9,0,0,0.0,False
ANTI-0181|2018-05-23|V1,ANTI,Antietam National Battlefield,Grassland,True,ANTI-0181,,2018-05-23,1,Brian Swimelar,2018-05,May,21,16,9,Late (9-10am),10.0,25.1000003814697,61.0,25-30C,60-80%,Partly Cloudy,Light breeze (4-7 mph) wind felt on face,No effect on count,7,8,0,0,0.0,False
ANTI-0181|2018-06-26|V2,ANTI,Antietam National Battlefield,Grassland,True,ANTI-0181,,2018-06-26,2,Elizabeth Oswald,2018-06,June,26,50,9,Late (9-10am),10.0,24.7999992370605,51.4000015258789,20-25C,40-60%,Partly Cloudy,Light air movement (1-3 mph) smoke drifts,No effect on count,9,11,0,0,0.0,False
ANTI-0181|2018-07-13|V3,ANTI,Antietam National Battlefield,Grassland,True,ANTI-0181,,2018-07-13,3,Kimberly Serno,2018-07,July,28,67,10,Late (9-10am),10.0,36.2000007629395,41.7999992370605,>30C,40-60%,Partly Cloudy,Light breeze (4-7 mph) wind felt on face,No effect on count,9,10,0,2,0.0,False
ANTI-0182|2018-05-24|V1,ANTI,Antietam National Battlefield,Grassland,True,ANTI-0182,,2018-05-24,1,Brian Swimelar,2018-05,May,21,17,8,Mid (7-8am),10.0,29.2000007629395,49.5,25-30C,40-60%,Clear or Few Clouds,Light air movement (1-3 mph) smoke drifts,No effect on count,8,12,0,0,0.0,False
ANTI-0182|2018-06-26|V2,ANTI,Antietam National Battlefield,Grassland,True,ANTI-0182,,2018-06-26,2,Elizabeth Oswald,2018-06,June,26,50,9,Late (9-10am),10.0,23.6000003814697,54.4000015258789,20-25C,40-60%,Partly Cloudy,Light breeze (4-7 mph) wind felt on face,No effect on count,12,14,0,0,0.0,False
ANTI-0182|2018-07-13|V3,ANTI,Antietam National Battlefield,Grassland,True,ANTI-0182,,2018-07-13,3,Kimberly Serno,2018-07,July,28,67,10,Late (9-10am),10.0,34.7999992370605,48.7999992370605,>30C,40-60%,Partly Cloudy,Light air movement (1-3 mph) smoke drifts,No effect on count,10,15,0,0,0.0,False
ANTI-0183|2018-05-24|V1,ANTI,Antietam National Battlefield,Grassland,True,ANTI-0183,,2018-05-24,1,Brian Swimelar,2018-05,May,21,17,8,Mid (7-8am),10.0,26.7000007629395,64.6999969482422,25-30C,60-80%,Clear or Few Clouds,Light air movement (1-3 mph) smoke drifts,No effect on count,11,16,0,3,0.0,False
ANTI-0183|2018-06-26|V2,ANTI,Antietam National Battlefield,Grassland,True,ANTI-0183,,2018-06-26,2,Elizabeth Oswald,2018-06,June,26,50,9,Late (9-10am),10.0,24.0,57.4000015258789,20-25C,40-60%,Partly Cloudy,Light breeze (4-7 mph) wind felt on face,Slight effect on count,12,15,0,0,0.0,False
ANTI-0183|2018-07-13|V3,ANTI,Antietam National Battlefield,Grassland,True,ANTI-0183,,2018-07-13,3,Kimberly Serno,2018-07,July,28,67,10,Late (9-10am),10.0,30.5,54.5,>30C,40-60%,Partly Cloudy,Light breeze (4-7 mph) wind felt on face,No effect on count,8,11,0,0,0.0,False
ANTI-0184|2018-05-24|V1,ANTI,Antietam National Battlefield,Grassland,True,ANTI-0184,,2018-05-24,1,Brian Swimelar,2018-05,May,21,17,7,Mid (7-8am),10.0,26.0,54.2000007629395,25-30C,40-60%,Clear or Few Clouds,Light air movement (1-3 mph) smoke drifts,No effect on count,9,15,0,1,0.0,False
ANTI-0184|2018-06-26|V2,ANTI,Antietam National Battlefield,Grassland,True,ANTI-0184,,2018-06-26,2,Elizabeth Oswald,2018-06,June,26,50,6,Early (5-6am),10.0,14.8999996185303,87.5,<15C,>80%,Partly Cloudy,Light air movement (1-3 mph) smoke drifts,Slight effect on count,18,19,0,4,0.0,False
ANTI-0184|2018-07-13|V3,ANTI,Antietam National Battlefield,Grassland,True,ANTI-0184,,2018-07-13,3,Kimberly Serno,2018-07,July,28,67,8,Mid (7-8am),10.0,30.6000003814697,54.5,>30C,40-60%,Partly Cloudy,Light air movement (1-3 mph) smoke drifts,Slight effect on count,10,14,0,0,0.0,False
ANTI-0188|2018-05-23|V1,ANTI,Antietam National Battlefield,Grassland,True,ANTI-0188,,2018-05-23,1,Brian Swimelar,2018-05,May,21,16,10,Late (9-10am),10.0,29.0,52.5999984741211,25-30C,40-60%,Partly Cloudy,"Gentle breeze (8-12 mph), leaves in motion",Slight effect on count,7,12,0,3,0.0,False
ANTI-0188|2018-06-26|V2,ANTI,Antietam National Battlefield,Grassland,True,ANTI-0188,,2018-06-26,2,Elizabeth Oswald,2018-06,June,26,50,8,Mid (7-8am),10.0,22.2000007629395,62.0,20-25C,60-80%,Partly Cloudy,Light breeze (4-7 mph) wind felt on face,Moderate effect on count,11,13,0,3,0.0,False
ANTI-0188|2018-07-16|V3,ANTI,Antietam National Battlefield,Grassland,True,ANTI-0188,,2018-07-16,3,Kimberly Serno,2018-07,July,29,70,10,Late (9-10am),10.0,34.2000007629395,59.0,>30C,40-60%,Clear or Few Clouds,Light breeze (4-7 mph) wind felt on face,Slight effect on count,10,12,0,0,0.0,False
ANTI-0189|2018-05-23|V1,ANTI,Antietam National Battlefield,Grassland,True,ANTI-0189,,2018-05-23,1,Brian Swimelar,2018-05,May,21,16,10,Late (9-10am),10.0,28.2000007629395,52.4000015258789,25-30C,40-60%,Partly Cloudy,"Gentle breeze (8-12 mph), leaves in motion",No effect on count,6,6,0,2,0.0,False
ANTI-0189|2018-06-26|V2,ANTI,Antietam National Battlefield,Grassland,True,ANTI-0189,,2018-06-26,2,Elizabeth Oswald,2018-06,June,26,50,8,Mid (7-8am),10.0,20.3999996185303,67.0999984741211,20-25C,60-80%,Partly Cloudy,Light breeze (4-7 mph) wind felt on face,Slight effect on count,13,13,0,0,0.0,False
ANTI-0189|2018-07-16|V3,ANTI,Antietam National Battlefield,Grassland,True,ANTI-0189,,2018-07-16,3,Kimberly Serno,2018-07,July,29,70,10,Late (9-10am),10.0,37.2999992370605,47.4000015258789,>30C,40-60%,Clear or Few Clouds,Light breeze (4-7 mph) wind felt on face,Slight effect on count,9,12,0,1,0.0,False
ANTI-0190|2018-05-24|V1,ANTI,Antietam National Battlefield,Forest,True,ANTI-0190,ANTI 2,2018-05-24,1,Brian Swimelar,2018-05,May,21,17,8,Mid (7-8am),10.0,27.2999992370605,52.9000015258789,25-30C,40-60%,Clear or Few Clouds,Light air movement (1-3 mph) smoke drifts,No effect on count,14,15,0,1,0.0,False
ANTI-0190|2018-06-26|V2,ANTI,Antietam National Battlefield,Forest,True,ANTI-0190,ANTI 2,2018-06-26,2,Elizabeth Oswald,2018-06,June,26,50,8,Mid (7-8am),10.0,21.2999992370605,69.5,20-25C,60-80%,Partly Cloudy,Light air movement (1-3 mph) smoke drifts,Slight effect on count,11,11,0,0,0.0,False
ANTI-0191|2018-05-24|V1,ANTI,Antietam National Battlefield,Grassland,True,ANTI-0191,,2018-05-24,1,Brian Swimelar,2018-05,May,21,17,8,Mid (7-8am),10.0,28.5,59.0999984741211,25-30C,40-60%,Clear or Few Clouds,Calm (< 1 mph) smoke rises vertically,No effect on count,8,10,0,1,0.0,False
ANTI-0191|2018-06-26|V2,ANTI,Antietam National Battlefield,Grassland,True,ANTI-0191,,2018-06-26,2,Elizabeth Oswald,2018-06,June,26,50,7,Mid (7-8am),10.0,18.7000007629395,85.8000030517578,15-20C,>80%,Partly Cloudy,Light air movement (1-3 mph) smoke drifts,Slight effect on count,12,15,0,0,0.0,False
ANTI-0191|2018-07-13|V3,ANTI,Antietam National Battlefield,Grassland,True,ANTI-0191,,2018-07-13,3,Kimberly Serno,2018-07,July,28,67,9,Late (9-10am),10.0,31.0,49.4000015258789,>30C,40-60%,Partly Cloudy,Light breeze (4-7 mph) wind felt on face,No effect on count,6,8,0,0,0.0,False
ANTI-0192|2018-05-24|V1,ANTI,Antietam National Battlefield,Grassland,True,ANTI-0192,,2018-05-24,1,Brian Swimelar,2018-05,May,21,17,9,Late (9-10am),10.0,30.2000007629395,46.5,>30C,40-60%,Clear or Few Clouds,Light air movement (1-3 mph) smoke drifts,Moderate effect on count,9,11,0,0,0.0,False
ANTI-0192|2018-06-26|V2,ANTI,Antietam National Battlefield,Grassland,True,ANTI-0192,,2018-06-26,2,Elizabeth Oswald,2018-06,June,26,50,6,Early (5-6am),10.0,14.5,89.0999984741211,<15C,>80%,Partly Cloudy,Light air movement (1-3 mph) smoke drifts,Slight effect on count,14,17,0,1,0.0,False
ANTI-0192|2018-07-13|V3,ANTI,Antietam National Battlefield,Grassland,True,ANTI-0192,,2018-07-13,3,Kimberly Serno,2018-07,July,28,67,9,Late (9-10am),10.0,33.4000015258789,48.5999984741211,>30C,40-60%,Partly Cloudy,Light air movement (1-3 mph) smoke drifts,No effect on count,9,13,0,0,0.0,False
ANTI-0194|2018-05-24|V1,ANTI,Antietam National Battlefield,Forest,True,ANTI-0194,ANTI 2,2018-05-24,1,Brian Swimelar,2018-05,May,21,17,7,Mid (7-8am),10.0,23.7999992370605,57.9000015258789,20-25C,40-60%,Clear or Few Clouds,Light air movement (1-3 mph) smoke drifts,Slight effect on count,8,11,0,0,0.0,False
ANTI-0194|2018-06-26|V2,ANTI,Antietam National Battlefield,Forest,True,ANTI-0194,ANTI 2,2018-06-26,2,Elizabeth Oswald,2018-06,June,26,50,10,Late (9-10am),10.0,25.1000003814697,67.9000015258789,25-30C,60-80%,Clear or Few Clouds,Light air movement (1-3 mph) smoke drifts,Moderate effect on count,8,8,1,0,12.5,True
ANTI-0199|2018-05-24|V1,ANTI,Antietam National Battlefield,Grassland,True,ANTI-0199,,2018-05-24,1,Brian Swimelar,2018-05,May,21,17,9,Late (9-10am),10.0,29.0,55.0,25-30C,40-60%,Clear or Few Clouds,Light air movement (1-3 mph) smoke drifts,No effect on count,12,15,0,1,0.0,False
ANTI-0199|2018-06-26|V2,ANTI,Antietam National Battlefield,Grassland,True,ANTI-0199,,2018-06-26,2,Elizabeth Oswald,2018-06,June,26,50,7,Mid (7-8am),10.0,16.1000003814697,90.3000030517578,15-20C,>80%,Clear or Few Clouds,Light air movement (1-3 mph) smoke drifts,No effect on count,17,20,1,0,5.0,True
ANTI-0199|2018-07-13|V3,ANTI,Antietam National Battlefield,Grassland,True,ANTI-0199,,2018-07-13,3,Kimberly Serno,2018-07,July,28,67,9,Late (9-10am),10.0,35.5,43.5,>30C,40-60%,Partly Cloudy,Light air movement (1-3 mph) smoke drifts,Slight effect on count,7,8,1,0,12.5,True
ANTI-0200|2018-05-24|V1,ANTI,Antietam National Battlefield,Forest,True,ANTI-0200,ANTI 2,2018-05-24,1,Brian Swimelar,2018-05,May,21,17,9,Late (9-10am),10.0,26.2000007629395,68.5999984741211,25-30C,60-80%,Clear or Few Clouds,Light air movement (1-3 mph) smoke drifts,No effect on count,6,8,0,0,0.0,False
ANTI-0200|2018-06-26|V2,ANTI,Antietam National Battlefield,Forest,True,ANTI-0200,ANTI 2,2018-06-26,2,Elizabeth Oswald,2018-06,June,26,50,7,Mid (7-8am),10.0,15.5,89.8000030517578,15-20C,>80%,Partly Cloudy,Light air movement (1-3 mph) smoke drifts,No effect on count,12,13,0,0,0.0,False
ANTI-0201|2018-05-24|V1,ANTI,Antietam National Battlefield,Forest,True,ANTI-0201,ANTI 2,2018-05-24,1,Brian Swimelar,2018-05,May,21,17,10,Late (9-10am),10.0,25.8999996185303,55.2000007629395,25-30C,40-60%,Clear or Few Clouds,Light air movement (1-3 mph) smoke drifts,No effect on count,9,13,0,0,0.0,False
ANTI-0201|2018-06-26|V2,ANTI,Antietam National Battlefield,Forest,True,ANTI-0201,ANTI 2,2018-06-26,2,Elizabeth Oswald,2018-06,June,26,50,6,Early (5-6am),10.0,14.8000001907349,90.9000015258789,<15C,>80%,Partly Cloudy,Light breeze (4-7 mph) wind felt on face,No effect on count,16,16,1,0,6.25,True
ANTI-0206|2018-05-24|V1,ANTI,Antietam National Battlefield,Forest,True,ANTI-0206,ANTI 2,2018-05-24,1,Brian Swimelar,2018-05,May,21,17,10,Late (9-10am),10.0,26.5,68.5999984741211,25-30C,60-80%,Clear or Few Clouds,Calm (< 1 mph) smoke rises vertically,No effect on count,10,14,1,0,7.14,True
ANTI-0206|2018-06-26|V2,ANTI,Antietam National Battlefield,Forest,True,ANTI-0206,ANTI 2,2018-06-26,2,Elizabeth Oswald,2018-06,June,26,50,7,Mid (7-8am),10.0,15.6000003814697,89.4000015258789,15-20C,>80%,Clear or Few Clouds,Light breeze (4-7 mph) wind felt on face,Slight effect on count,14,14,1,0,7.14,True
ANTI-0207|2018-05-24|V1,ANTI,Antietam National Battlefield,Forest,True,ANTI-0207,ANTI 2,2018-05-24,1,Brian Swimelar,2018-05,May,21,17,10,Late (9-10am),10.0,25.5,66.5,25-30C,60-80%,Clear or Few Clouds,Light air movement (1-3 mph) smoke drifts,No effect on count,9,12,1,0,8.33,True
ANTI-0207|2018-06-26|V2,ANTI,Antietam National Battlefield,Forest,True,ANTI-0207,ANTI 2,2018-06-26,2,Elizabeth Oswald,2018-06,June,26,50,6,Early (5-6am),60.0,15.3999996185303,91.8000030517578,15-20C,>80%,Clear or Few Clouds,Light air movement (1-3 mph) smoke drifts,No effect on count,16,16,1,0,6.25,True
CATO-0003|2018-05-25|V1,CATO,Catoctin Mountain Park,Forest,False,CATO-0003,CATO 1,2018-05-25,1,Elizabeth Oswald,2018-05,May,21,18,9,Late (9-10am),10.0,22.6000003814697,64.0,20-25C,60-80%,Clear or Few Clouds,Light breeze (4-7 mph) wind felt on face,No effect on count,11,11,1,0,9.09,True
CATO-0003|2018-06-27|V2,CATO,Catoctin Mountain Park,Forest,False,CATO-0003,CATO 1,2018-06-27,2,Brian Swimelar,2018-06,June,26,51,8,Mid (7-8am),10.0,25.5,70.0,25-30C,60-80%,Cloudy/Overcast,Light air movement (1-3 mph) smoke drifts,No effect on count,7,9,0,0,0.0,False
CATO-0004|2018-05-25|V1,CATO,Catoctin Mountain Park,Forest,False,CATO-0004,CATO 1,2018-05-25,1,Elizabeth Oswald,2018-05,May,21,18,8,Mid (7-8am),10.0,21.6000003814697,67.6999969482422,20-25C,60-80%,Clear or Few Clouds,Light breeze (4-7 mph) wind felt on face,No effect on count,9,10,0,1,0.0,False
CATO-0004|2018-06-27|V2,CATO,Catoctin Mountain Park,Forest,False,CATO-0004,CATO 1,2018-06-27,2,Brian Swimelar,2018-06,June,26,51,9,Late (9-10am),10.0,27.0,73.4000015258789,25-30C,60-80%,Cloudy/Overcast,Light air movement (1-3 mph) smoke drifts,No effect on count,6,8,1,0,12.5,True
CATO-0016|2018-05-25|V1,CATO,Catoctin Mountain Park,Forest,False,CATO-0016,CATO 1,2018-05-25,1,Elizabeth Oswald,2018-05,May,21,18,7,Mid (7-8am),10.0,18.7999992370605,70.0,15-20C,60-80%,Clear or Few Clouds,Light breeze (4-7 mph) wind felt on face,No effect on count,10,11,0,0,0.0,False
CATO-0016|2018-06-27|V2,CATO,Catoctin Mountain Park,Forest,False,CATO-0016,CATO 1,2018-06-27,2,Brian Swimelar,2018-06,June,26,51,7,Mid (7-8am),10.0,25.2000007629395,71.1999969482422,25-30C,60-80%,Cloudy/Overcast,Light breeze (4-7 mph) wind felt on face,No effect on count,8,9,1,0,11.11,True
CATO-0022|2018-05-25|V1,CATO,Catoctin Mountain Park,Forest,False,CATO-0022,CATO 2,2018-05-25,1,Brian Swimelar,2018-05,May,21,18,8,Mid (7-8am),10.0,20.7999992370605,62.2999992370605,20-25C,60-80%,Clear or Few Clouds,Light air movement (1-3 mph) smoke drifts,No effect on count,6,7,0,0,0.0,False
CATO-0022|2018-06-27|V2,CATO,Catoctin Mountain Park,Forest,False,CATO-0022,CATO 2,2018-06-27,2,Kimberly Serno,2018-06,June,26,51,8,Mid (7-8am),10.0,22.5,78.4000015258789,20-25C,60-80%,Cloudy/Overcast,Light breeze (4-7 mph) wind felt on face,Slight effect on count,4,7,0,0,0.0,False
CATO-0035|2018-05-25|V1,CATO,Catoctin Mountain Park,Forest,False,CATO-0035,CATO 1,2018-05-25,1,Elizabeth Oswald,2018-05,May,21,18,6,Early (5-6am),10.0,17.7999992370605,73.0,15-20C,60-80%,Clear or Few Clouds,Calm (< 1 mph) smoke rises vertically,No effect on count,12,13,1,0,7.69,True
CATO-0035|2018-06-27|V2,CATO,Catoctin Mountain Park,Forest,False,CATO-0035,CATO 1,2018-06-27,2,Brian Swimelar,2018-06,June,26,51,6,Early (5-6am),10.0,23.5,68.4000015258789,20-25C,60-80%,Cloudy/Overcast,Light air movement (1-3 mph) smoke drifts,No effect on count,7,8,1,0,12.5,True
CATO-0037|2018-05-25|V1,CATO,Catoctin Mountain Park,Forest,False,CATO-0037,CATO 1,2018-05-25,1,Elizabeth Oswald,2018-05,May,21,18,6,Early (5-6am),10.0,16.5,78.1999969482422,15-20C,60-80%,Clear or Few Clouds,Light air movement (1-3 mph) smoke drifts,Slight effect on count,14,14,1,1,7.14,True
CATO-0037|2018-06-27|V2,CATO,Catoctin Mountain Park,Forest,False,CATO-0037,CATO 1,2018-06-27,2,Brian Swimelar,2018-06,June,26,51,6,Early (5-6am),10.0,23.0,63.5999984741211,20-25C,60-80%,Cloudy/Overcast,Light air movement (1-3 mph) smoke drifts,No effect on count,7,7,0,0,0.0,False
CATO-0049|2018-05-25|V1,CATO,Catoctin Mountain Park,Forest,False,CATO-0049,CATO 1,2018-05-25,1,Elizabeth Oswald,2018-05,May,21,18,5,Early (5-6am),10.0,16.3999996185303,69.0999984741211,15-20C,60-80%,Partly Cloudy,Light breeze (4-7 mph) wind felt on face,Moderate effect on count,7,9,2,0,22.22,True
CATO-0049|2018-06-27|V2,CATO,Catoctin Mountain Park,Forest,False,CATO-0049,CATO 1,2018-06-27,2,Brian Swimelar,2018-06,June,26,51,5,Early (5-6am),10.0,23.1000003814697,63.5999984741211,20-25C,60-80%,Cloudy/Overcast,Light air movement (1-3 mph) smoke drifts,No effect on count,6,7,2,0,28.57,True
CATO-0062|2018-05-25|V1,CATO,Catoctin Mountain Park,Forest,False,CATO-0062,CATO 3,2018-05-25,1,Kimberly Serno,2018-05,May,21,18,5,Early (5-6am),10.0,17.6000003814697,67.5,15-20C,60-80%,Partly Cloudy,Calm (< 1 mph) smoke rises vertically,No effect on count,12,14,1,0,7.14,True
CATO-0062|2018-06-27|V2,CATO,Catoctin Mountain Park,Forest,False,CATO-0062,CATO 3,2018-06-27,2,Elizabeth Oswald,2018-06,June,26,51,5,Early (5-6am),10.0,21.5,64.6999969482422,20-25C,60-80%,Cloudy/Overcast,Light breeze (4-7 mph) wind felt on face,No effect on count,9,12,2,0,16.67,True
CATO-0084|2018-05-25|V1,CATO,Catoctin Mountain Park,Forest,False,CATO-0084,CATO 2,2018-05-25,1,Brian Swimelar,2018-05,May,21,18,6,Early (5-6am),10.0,16.0,71.8000030517578,15-20C,60-80%,Clear or Few Clouds,Light air movement (1-3 mph) smoke drifts,No effect on count,10,12,0,0,0.0,False
CATO-0084|2018-06-27|V2,CATO,Catoctin Mountain Park,Forest,False,CATO-0084,CATO 2,2018-06-27,2,Kimberly Serno,2018-06,June,26,51,6,Early (5-6am),10.0,20.5,72.5999984741211,20-25C,60-80%,Cloudy/Overcast,Light air movement (1-3 mph) smoke drifts,Slight effect on count,10,15,1,0,6.67,True
CATO-0086|2018-05-25|V1,CATO,Catoctin Mountain Park,Forest,False,CATO-0086,CATO 2,2018-05-25,1,Brian Swimelar,2018-05,May,21,18,6,Early (5-6am),10.0,16.6000003814697,71.4000015258789,15-20C,60-80%,Clear or Few Clouds,Light air movement (1-3 mph) smoke drifts,No effect on count,8,11,1,0,9.09,True
CATO-0086|2018-06-27|V2,CATO,Catoctin Mountain Park,Forest,False,CATO-0086,CATO 2,2018-06-27,2,Kimberly Serno,2018-06,June,26,51,6,Early (5-6am),10.0,19.8999996185303,75.8000030517578,15-20C,60-80%,Cloudy/Overcast,Light breeze (4-7 mph) wind felt on face,Slight effect on count,9,12,3,0,25.0,True
CATO-0092|2018-05-25|V1,CATO,Catoctin Mountain Park,Forest,False,CATO-0092,CATO 3,2018-05-25,1,Kimberly Serno,2018-05,May,21,18,6,Early (5-6am),10.0,17.5,75.8000030517578,15-20C,60-80%,Partly Cloudy,Light air movement (1-3 mph) smoke drifts,No effect on count,10,12,0,0,0.0,False
CATO-0092|2018-06-27|V2,CATO,Catoctin Mountain Park,Forest,False,CATO-0092,CATO 3,2018-06-27,2,Elizabeth Oswald,2018-06,June,26,51,6,Early (5-6am),10.0,21.6000003814697,71.9000015258789,20-25C,60-80%,Cloudy/Overcast,Light breeze (4-7 mph) wind felt on face,No effect on count,8,9,2,0,22.22,True
CATO-0094|2018-05-25|V1,CATO,Catoctin Mountain Park,Forest,False,CATO-0094,CATO 3,2018-05-25,1,Kimberly Serno,2018-05,May,21,18,7,Mid (7-8am),10.0,18.3999996185303,69.6999969482422,15-20C,60-80%,Partly Cloudy,Light air movement (1-3 mph) smoke drifts,No effect on count,11,16,2,0,12.5,True
CATO-0094|2018-06-27|V2,CATO,Catoctin Mountain Park,Forest,False,CATO-0094,CATO 3,2018-06-27,2,Elizabeth Oswald,2018-06,June,26,51,6,Early (5-6am),10.0,21.2000007629395,71.3000030517578,20-25C,60-80%,Cloudy/Overcast,Light breeze (4-7 mph) wind felt on face,No effect on count,7,11,2,0,18.18,True
CATO-0098|2018-05-25|V1,CATO,Catoctin Mountain Park,Forest,False,CATO-0098,CATO 3,2018-05-25,1,Kimberly Serno,2018-05,May,21,18,7,Mid (7-8am),10.0,19.5,66.4000015258789,15-20C,60-80%,Clear or Few Clouds,Light breeze (4-7 mph) wind felt on face,No effect on count,6,7,0,0,0.0,False
CATO-0098|2018-06-27|V2,CATO,Catoctin Mountain Park,Forest,False,CATO-0098,CATO 3,2018-06-27,2,Elizabeth Oswald,2018-06,June,26,51,7,Mid (7-8am),10.0,19.3999996185303,79.4000015258789,15-20C,60-80%,Cloudy/Overcast,Light breeze (4-7 mph) wind felt on face,No effect on count,11,13,0,0,0.0,False
CATO-0101|2018-05-25|V1,CATO,Catoctin Mountain Park,Forest,False,CATO-0101,CATO 3,2018-05-25,1,Kimberly Serno,2018-05,May,21,18,8,Mid (7-8am),10.0,21.5,69.8000030517578,20-25C,60-80%,Clear or Few Clouds,Light air movement (1-3 mph) smoke drifts,Slight effect on count,7,8,0,0,0.0,False
CATO-0101|2018-06-27|V2,CATO,Catoctin Mountain Park,Forest,False,CATO-0101,CATO 3,2018-06-27,2,Elizabeth Oswald,2018-06,June,26,51,8,Mid (7-8am),10.0,19.6000003814697,83.4000015258789,15-20C,>80%,Cloudy/Overcast,"Gentle breeze (8-12 mph), leaves in motion",Slight effect on count,6,8,0,0,0.0,False
CATO-0104|2018-05-25|V1,CATO,Catoctin Mountain Park,Forest,False,CATO-0104,CATO 2,2018-05-25,1,Brian Swimelar,2018-05,May,21,18,7,Mid (7-8am),10.0,16.6000003814697,71.4000015258789,15-20C,60-80%,Clear or Few Clouds,Light air movement (1-3 mph) smoke drifts,Slight effect on count,6,9,2,0,22.22,True
CATO-0104|2018-06-27|V2,CATO,Catoctin Mountain Park,Forest,False,CATO-0104,CATO 2,2018-06-27,2,Kimberly Serno,2018-06,June,26,51,7,Mid (7-8am),10.0,19.8999996185303,77.3000030517578,15-20C,60-80%,Cloudy/Overcast,Light breeze (4-7 mph) wind felt on face,Slight effect on count,7,7,1,0,14.29,True
CATO-0150|2018-05-28|V1,CATO,Catoctin Mountain Park,Forest,False,CATO-0150,CATO 6,2018-05-28,1,Elizabeth Oswald,2018-05,May,22,21,7,Mid (7-8am),10.0,17.0,90.5999984741211,15-20C,>80%,Fog,Light breeze (4-7 mph) wind felt on face,Moderate effect on count,7,10,0,0,0.0,False
CATO-0150|2018-06-28|V2,CATO,Catoctin Mountain Park,Forest,False,CATO-0150,CATO 6,2018-06-28,2,Brian Swimelar,2018-06,June,26,52,7,Mid (7-8am),10.0,25.5,76.4000015258789,25-30C,60-80%,Fog,Light air movement (1-3 mph) smoke drifts,No effect on count,6,7,1,0,14.29,True
CATO-0153|2018-05-25|V1,CATO,Catoctin Mountain Park,Forest,False,CATO-0153,CATO 2,2018-05-25,1,Brian Swimelar,2018-05,May,21,18,7,Mid (7-8am),10.0,17.7999992370605,72.0999984741211,15-20C,60-80%,Clear or Few Clouds,Light air movement (1-3 mph) smoke drifts,No effect on count,4,6,0,0,0.0,False
CATO-0153|2018-06-27|V2,CATO,Catoctin Mountain Park,Forest,False,CATO-0153,CATO 2,2018-06-27,2,Kimberly Serno,2018-06,June,26,51,7,Mid (7-8am),10.0,20.6000003814697,76.9000015258789,20-25C,60-80%,Cloudy/Overcast,Light breeze (4-7 mph) wind felt on face,Slight effect on count,7,8,0,0,0.0,False
CATO-0158|2018-06-13|V2,CATO,Catoctin Mountain Park,Forest,False,CATO-0158,CATO 4,2018-06-13,2,Brian Swimelar,2018-06,June,24,37,6,Early (5-6am),10.0,20.7000007629395,73.1999969482422,20-25C,60-80%,Mist/Drizzle,Light air movement (1-3 mph) smoke drifts,No effect on count,4,6,0,0,0.0,False
CATO-0160|2018-05-26|V1,CATO,Catoctin Mountain Park,Forest,False,CATO-0160,CATO 4,2018-05-26,1,Kimberly Serno,2018-05,May,21,19,6,Early (5-6am),10.0,22.2999992370605,72.0,20-25C,60-80%,Cloudy/Overcast,Light breeze (4-7 mph) wind felt on face,No effect on count,7,10,1,0,10.0,True
CATO-0160|2018-06-13|V2,CATO,Catoctin Mountain Park,Forest,False,CATO-0160,CATO 4,2018-06-13,2,Brian Swimelar,2018-06,June,24,37,7,Mid (7-8am),10.0,20.7000007629395,73.1999969482422,20-25C,60-80%,Mist/Drizzle,Light air movement (1-3 mph) smoke drifts,No effect on count,2,3,0,0,0.0,False
CATO-0176|2018-05-26|V1,CATO,Catoctin Mountain Park,Forest,False,CATO-0176,CATO 4,2018-05-26,1,Kimberly Serno,2018-05,May,21,19,7,Mid (7-8am),10.0,22.0,78.6999969482422,20-25C,60-80%,Partly Cloudy,Light breeze (4-7 mph) wind felt on face,No effect on count,8,12,1,0,8.33,True
CATO-0176|2018-06-13|V2,CATO,Catoctin Mountain Park,Forest,False,CATO-0176,CATO 4,2018-06-13,2,Brian Swimelar,2018-06,June,24,37,6,Early (5-6am),10.0,22.6000003814697,72.5999984741211,20-25C,60-80%,Mist/Drizzle,Light air movement (1-3 mph) smoke drifts,No effect on count,7,7,0,0,0.0,False
CATO-0206|2018-05-28|V1,CATO,Catoctin Mountain Park,Forest,False,CATO-0206,CATO 6,2018-05-28,1,Elizabeth Oswald,2018-05,May,22,21,6,Early (5-6am),10.0,17.7999992370605,84.6999969482422,15-20C,>80%,Fog,Light air movement (1-3 mph) smoke drifts,Slight effect on count,9,11,1,0,9.09,True
CATO-0206|2018-06-28|V2,CATO,Catoctin Mountain Park,Forest,False,CATO-0206,CATO 6,2018-06-28,2,Brian Swimelar,2018-06,June,26,52,6,Early (5-6am),10.0,20.5,83.0999984741211,20-25C,>80%,Fog,Light air movement (1-3 mph) smoke drifts,No effect on count,6,7,1,0,14.29,True
CATO-0211|2018-05-28|V1,CATO,Catoctin Mountain Park,Forest,False,CATO-0211,CATO 7,2018-05-28,1,Brian Swimelar,2018-05,May,22,21,5,Early (5-6am),10.0,17.2000007629395,83.6999969482422,15-20C,>80%,Mist/Drizzle,Calm (< 1 mph) smoke rises vertically,No effect on count,5,6,0,0,0.0,False
CATO-0211|2018-06-28|V2,CATO,Catoctin Mountain Park,Forest,False,CATO-0211,CATO 7,2018-06-28,2,Elizabeth Oswald,2018-06,June,26,52,5,Early (5-6am),10.0,21.7000007629395,73.4000015258789,20-25C,60-80%,Partly Cloudy,Light breeze (4-7 mph) wind felt on face,No effect on count,6,8,0,0,0.0,False
CATO-0237|2018-05-26|V1,CATO,Catoctin Mountain Park,Forest,False,CATO-0237,CATO 4,2018-05-26,1,Kimberly Serno,2018-05,May,21,19,9,Late (9-10am),10.0,24.5,70.0,20-25C,60-80%,Partly Cloudy,Light air movement (1-3 mph) smoke drifts,No effect on count,12,14,1,0,7.14,True
CATO-0237|2018-06-13|V2,CATO,Catoctin Mountain Park,Forest,False,CATO-0237,CATO 4,2018-06-13,2,Brian Swimelar,2018-06,June,24,37,9,Late (9-10am),10.0,20.7000007629395,73.1999969482422,20-25C,60-80%,Cloudy/Overcast,Light breeze (4-7 mph) wind felt on face,No effect on count,8,10,1,0,10.0,True
CATO-0238|2018-05-28|V1,CATO,Catoctin Mountain Park,Forest,False,CATO-0238,CATO 6,2018-05-28,1,Elizabeth Oswald,2018-05,May,22,21,6,Early (5-6am),10.0,18.3999996185303,80.4000015258789,15-20C,>80%,Fog,Light breeze (4-7 mph) wind felt on face,Moderate effect on count,6,6,1,0,16.67,True
CATO-0238|2018-06-28|V2,CATO,Catoctin Mountain Park,Forest,False,CATO-0238,CATO 6,2018-06-28,2,Brian Swimelar,2018-06,June,26,52,6,Early (5-6am),10.0,21.7999992370605,77.5,20-25C,60-80%,Partly Cloudy,Light breeze (4-7 mph) wind felt on face,Slight effect on count,5,5,0,0,0.0,False
CATO-0242|2018-05-26|V1,CATO,Catoctin Mountain Park,Forest,False,CATO-0242,CATO 5,2018-05-26,1,Brian Swimelar,2018-05,May,21,19,5,Early (5-6am),10.0,22.6000003814697,70.1999969482422,20-25C,60-80%,Partly Cloudy,Calm (< 1 mph) smoke rises vertically,No effect on count,8,10,1,0,10.0,True
CATO-0242|2018-06-28|V2,CATO,Catoctin Mountain Park,Forest,False,CATO-0242,CATO 5,2018-06-28,2,Kimberly Serno,2018-06,June,26,52,5,Early (5-6am),10.0,23.2000007629395,76.0999984741211,20-25C,60-80%,Fog,Light air movement (1-3 mph) smoke drifts,Slight effect on count,9,12,1,0,8.33,True
CATO-0258|2018-05-26|V1,CATO,Catoctin Mountain Park,Forest,False,CATO-0258,CATO 5,2018-05-26,1,Brian Swimelar,2018-05,May,21,19,6,Early (5-6am),10.0,28.0,57.0,25-30C,40-60%,Partly Cloudy,Light air movement (1-3 mph) smoke drifts,No effect on count,6,8,0,0,0.0,False
CATO-0258|2018-06-28|V2,CATO,Catoctin Mountain Park,Forest,False,CATO-0258,CATO 5,2018-06-28,2,Kimberly Serno,2018-06,June,26,52,6,Early (5-6am),10.0,23.1000003814697,74.0999984741211,20-25C,60-80%,Partly Cloudy,Light air movement (1-3 mph) smoke drifts,Slight effect on count,10,13,1,0,7.69,True
CATO-0268|2018-05-28|V1,CATO,Catoctin Mountain Park,Forest,False,CATO-0268,CATO 7,2018-05-28,1,Brian Swimelar,2018-05,May,22,21,6,Early (5-6am),10.0,17.3999996185303,83.3000030517578,15-20C,>80%,Mist/Drizzle,Calm (< 1 mph) smoke rises vertically,No effect on count,6,7,1,0,14.29,True
CATO-0268|2018-06-28|V2,CATO,Catoctin Mountain Park,Forest,False,CATO-0268,CATO 7,2018-06-28,2,Elizabeth Oswald,2018-06,June,26,52,6,Early (5-6am),10.0,23.2000007629395,81.5,20-25C,>80%,Partly Cloudy,Light air movement (1-3 mph) smoke drifts,Moderate effect on count,7,9,2,0,22.22,True
CATO-0271|2018-05-26|V1,CATO,Catoctin Mountain Park,Forest,False,CATO-0271,CATO 4,2018-05-26,1,Kimberly Serno,2018-05,May,21,19,8,Mid (7-8am),10.0,23.2000007629395,77.5,20-25C,60-80%,Clear or Few Clouds,Light breeze (4-7 mph) wind felt on face,Slight effect on count,9,11,0,0,0.0,False
CATO-0271|2018-06-13|V2,CATO,Catoctin Mountain Park,Forest,False,CATO-0271,CATO 4,2018-06-13,2,Brian Swimelar,2018-06,June,24,37,8,Mid (7-8am),10.0,20.7000007629395,73.1999969482422,20-25C,60-80%,Fog,Calm (< 1 mph) smoke rises vertically,No effect on count,5,6,0,0,0.0,False
CATO-0275|2018-05-26|V1,CATO,Catoctin Mountain Park,Forest,False,CATO-0275,CATO 5,2018-05-26,1,Brian Swimelar,2018-05,May,21,19,7,Mid (7-8am),10.0,26.2000007629395,59.7999992370605,25-30C,40-60%,Clear or Few Clouds,Calm (< 1 mph) smoke rises vertically,No effect on count,6,9,1,0,11.11,True
CATO-0275|2018-06-28|V2,CATO,Catoctin Mountain Park,Forest,False,CATO-0275,CATO 5,2018-06-28,2,Kimberly Serno,2018-06,June,26,52,7,Mid (7-8am),10.0,22.1000003814697,83.3000030517578,20-25C,>80%,Partly Cloudy,Light air movement (1-3 mph) smoke drifts,Slight effect on count,10,13,1,0,7.69,True
CATO-0280|2018-05-26|V1,CATO,Catoctin Mountain Park,Forest,False,CATO-0280,CATO 5,2018-05-26,1,Brian Swimelar,2018-05,May,21,19,8,Mid (7-8am),10.0,24.8999996185303,76.3000030517578,20-25C,60-80%,Clear or Few Clouds,Calm (< 1 mph) smoke rises vertically,No effect on count,5,7,1,0,14.29,True
CATO-0280|2018-06-28|V2,CATO,Catoctin Mountain Park,Forest,False,CATO-0280,CATO 5,2018-06-28,2,Kimberly Serno,2018-06,June,26,52,9,Late (9-10am),10.0,23.7000007629395,83.6999969482422,20-25C,>80%,Partly Cloudy,Light breeze (4-7 mph) wind felt on face,No effect on count,4,6,2,0,33.33,True
CATO-0294|2018-05-26|V1,CATO,Catoctin Mountain Park,Forest,False,CATO-0294,CATO 4,2018-05-26,1,Kimberly Serno,2018-05,May,21,19,8,Mid (7-8am),10.0,23.6000003814697,73.8000030517578,20-25C,60-80%,Partly Cloudy,Light air movement (1-3 mph) smoke drifts,Slight effect on count,9,13,0,0,0.0,False
CATO-0294|2018-06-13|V2,CATO,Catoctin Mountain Park,Forest,False,CATO-0294,CATO 4,2018-06-13,2,Brian Swimelar,2018-06,June,24,37,8,Mid (7-8am),10.0,20.7000007629395,73.1999969482422,20-25C,60-80%,Fog,Light air movement (1-3 mph) smoke drifts,Serious effect on count,5,6,0,0,0.0,False
CATO-0302|2018-05-26|V1,CATO,Catoctin Mountain Park,Forest,False,CATO-0302,CATO 5,2018-05-26,1,Brian Swimelar,2018-05,May,21,19,7,Mid (7-8am),10.0,24.8999996185303,76.8000030517578,20-25C,60-80%,Clear or Few Clouds,Light air movement (1-3 mph) smoke drifts,No effect on count,6,7,1,0,14.29,True
CATO-0302|2018-06-28|V2,CATO,Catoctin Mountain Park,Forest,False,CATO-0302,CATO 5,2018-06-28,2,Kimberly Serno,2018-06,June,26,52,8,Mid (7-8am),10.0,22.7999992370605,84.0,20-25C,>80%,Partly Cloudy,Light breeze (4-7 mph) wind felt on face,No effect on count,6,9,2,0,22.22,True
CATO-0303|2018-05-28|V1,CATO,Catoctin Mountain Park,Forest,False,CATO-0303,CATO 6,2018-05-28,1,Elizabeth Oswald,2018-05,May,22,21,8,Mid (7-8am),10.0,17.3999996185303,92.3000030517578,15-20C,>80%,Cloudy/Overcast,Light air movement (1-3 mph) smoke drifts,Moderate effect on count,5,5,1,0,20.0,True
CATO-0303|2018-06-28|V2,CATO,Catoctin Mountain Park,Forest,False,CATO-0303,CATO 6,2018-06-28,2,Brian Swimelar,2018-06,June,26,52,8,Mid (7-8am),10.0,24.5,79.0,20-25C,60-80%,Clear or Few Clouds,Light air movement (1-3 mph) smoke drifts,No effect on count,5,6,1,0,16.67,True
CATO-0311|2018-05-28|V1,CATO,Catoctin Mountain Park,Forest,False,CATO-0311,CATO 7,2018-05-28,1,Brian Swimelar,2018-05,May,22,21,7,Mid (7-8am),10.0,17.1000003814697,84.5999984741211,15-20C,>80%,Mist/Drizzle,Calm (< 1 mph) smoke rises vertically,No effect on count,6,8,0,0,0.0,False
CATO-0311|2018-06-28|V2,CATO,Catoctin Mountain Park,Forest,False,CATO-0311,CATO 7,2018-06-28,2,Elizabeth Oswald,2018-06,June,26,52,7,Mid (7-8am),10.0,22.2000007629395,88.4000015258789,20-25C,>80%,Partly Cloudy,Light breeze (4-7 mph) wind felt on face,No effect on count,13,14,1,0,7.14,True
CATO-0313|2018-05-28|V1,CATO,Catoctin Mountain Park,Forest,False,CATO-0313,CATO 7,2018-05-28,1,Brian Swimelar,2018-05,May,22,21,8,Mid (7-8am),10.0,17.2999992370605,86.8000030517578,15-20C,>80%,Mist/Drizzle,Calm (< 1 mph) smoke rises vertically,No effect on count,4,4,1,0,25.0,True
CATO-0313|2018-06-28|V2,CATO,Catoctin Mountain Park,Forest,False,CATO-0313,CATO 7,2018-06-28,2,Elizabeth Oswald,2018-06,June,26,52,7,Mid (7-8am),10.0,21.7999992370605,91.8000030517578,20-25C,>80%,Clear or Few Clouds,Light air movement (1-3 mph) smoke drifts,No effect on count,7,9,0,0,0.0,False
CATO-0316|2018-05-26|V1,CATO,Catoctin Mountain Park,Forest,False,CATO-0316,CATO 5,2018-05-26,1,Brian Swimelar,2018-05,May,21,19,8,Mid (7-8am),11.0,26.2000007629395,59.7999992370605,25-30C,40-60%,Clear or Few Clouds,Calm (< 1 mph) smoke rises vertically,Moderate effect on count,5,5,0,1,0.0,False
CATO-0316|2018-06-28|V2,CATO,Catoctin Mountain Park,Forest,False,CATO-0316,CATO 5,2018-06-28,2,Kimberly Serno,2018-06,June,26,52,7,Mid (7-8am),10.0,22.7000007629395,83.5,20-25C,>80%,Partly Cloudy,Light air movement (1-3 mph) smoke drifts,Moderate effect on count,7,11,3,0,27.27,True
CATO-0323|2018-05-28|V1,CATO,Catoctin Mountain Park,Forest,False,CATO-0323,CATO 6,2018-05-28,1,Elizabeth Oswald,2018-05,May,22,21,8,Mid (7-8am),10.0,17.0,89.6999969482422,15-20C,>80%,Cloudy/Overcast,Light air movement (1-3 mph) smoke drifts,Moderate effect on count,4,4,0,0,0.0,False
CATO-0323|2018-06-28|V2,CATO,Catoctin Mountain Park,Forest,False,CATO-0323,CATO 6,2018-06-28,2,Brian Swimelar,2018-06,June,26,52,7,Mid (7-8am),10.0,20.7999992370605,89.4000015258789,20-25C,>80%,Cloudy/Overcast,Light breeze (4-7 mph) wind felt on face,Slight effect on count,5,6,2,0,33.33,True
CATO-0330|2018-05-28|V1,CATO,Catoctin Mountain Park,Forest,False,CATO-0330,CATO 7,2018-05-28,1,Brian Swimelar,2018-05,May,22,21,7,Mid (7-8am),10.0,17.1000003814697,84.5999984741211,15-20C,>80%,Mist/Drizzle,Light air movement (1-3 mph) smoke drifts,No effect on count,6,8,0,0,0.0,False
CATO-0330|2018-06-28|V2,CATO,Catoctin Mountain Park,Forest,False,CATO-0330,CATO 7,2018-06-28,2,Elizabeth Oswald,2018-06,June,26,52,7,Mid (7-8am),10.0,21.8999996185303,87.0,20-25C,>80%,Partly Cloudy,Light air movement (1-3 mph) smoke drifts,No effect on count,9,9,1,0,11.11,True
CATO-0331|2018-05-28|V1,CATO,Catoctin Mountain Park,Forest,False,CATO-0331,CATO 7,2018-05-28,1,Brian Swimelar,2018-05,May,22,21,7,Mid (7-8am),10.0,17.2999992370605,86.8000030517578,15-20C,>80%,Mist/Drizzle,Light air movement (1-3 mph) smoke drifts,No effect on count,6,9,0,0,0.0,False
CATO-0331|2018-06-28|V2,CATO,Catoctin Mountain Park,Forest,False,CATO-0331,CATO 7,2018-06-28,2,Elizabeth Oswald,2018-06,June,26,52,7,Mid (7-8am),10.0,21.3999996185303,89.1999969482422,20-25C,>80%,Partly Cloudy,Light breeze (4-7 mph) wind felt on face,No effect on count,9,10,1,0,10.0,True
CATO-0333|2018-05-26|V1,CATO,Catoctin Mountain Park,Forest,False,CATO-0333,CATO 5,2018-05-26,1,Brian Swimelar,2018-05,May,21,19,8,Mid (7-8am),10.0,24.8999996185303,76.9000015258789,20-25C,60-80%,Clear or Few Clouds,Calm (< 1 mph) smoke rises vertically,Serious effect on count,7,9,0,0,0.0,False
CATO-0333|2018-06-28|V2,CATO,Catoctin Mountain Park,Forest,False,CATO-0333,CATO 5,2018-06-28,2,Kimberly Serno,2018-06,June,26,52,8,Mid (7-8am),10.0,22.2999992370605,84.3000030517578,20-25C,>80%,Clear or Few Clouds,Light air movement (1-3 mph) smoke drifts,Moderate effect on count,8,9,0,0,0.0,False
CATO-0342|2018-05-28|V1,CATO,Catoctin Mountain Park,Forest,False,CATO-0342,CATO 8,2018-05-28,1,Kimberly Serno,2018-05,May,22,21,7,Mid (7-8am),10.0,18.0,82.8000030517578,15-20C,>80%,Fog,Light air movement (1-3 mph) smoke drifts,No effect on count,9,9,0,0,0.0,False
CATO-0342|2018-06-20|V2,CATO,Catoctin Mountain Park,Forest,False,CATO-0342,CATO 8,2018-06-20,2,Brian Swimelar,2018-06,June,25,44,8,Mid (7-8am),10.0,24.6000003814697,58.0,20-25C,40-60%,Clear or Few Clouds,Light air movement (1-3 mph) smoke drifts,No effect on count,10,13,0,1,0.0,False
CATO-0346|2018-05-28|V1,CATO,Catoctin Mountain Park,Forest,False,CATO-0346,CATO 8,2018-05-28,1,Kimberly Serno,2018-05,May,22,21,6,Early (5-6am),10.0,19.6000003814697,74.3000030517578,15-20C,60-80%,Fog,Light air movement (1-3 mph) smoke drifts,No effect on count,8,10,0,0,0.0,False
CATO-0346|2018-06-20|V2,CATO,Catoctin Mountain Park,Forest,False,CATO-0346,CATO 8,2018-06-20,2,Brian Swimelar,2018-06,June,25,44,6,Early (5-6am),10.0,23.0,50.0999984741211,20-25C,40-60%,Clear or Few Clouds,Light air movement (1-3 mph) smoke drifts,No effect on count,7,9,1,0,11.11,True
CATO-0347|2018-05-28|V1,CATO,Catoctin Mountain Park,Forest,False,CATO-0347,CATO 8,2018-05-28,1,Kimberly Serno,2018-05,May,22,21,6,Early (5-6am),10.0,18.6000003814697,77.0,15-20C,60-80%,Fog,Light air movement (1-3 mph) smoke drifts,No effect on count,10,12,1,0,8.33,True
CATO-0347|2018-06-20|V2,CATO,Catoctin Mountain Park,Forest,False,CATO-0347,CATO 8,2018-06-20,2,Brian Swimelar,2018-06,June,25,44,6,Early (5-6am),10.0,23.2000007629395,51.7999992370605,20-25C,40-60%,Clear or Few Clouds,Light air movement (1-3 mph) smoke drifts,No effect on count,9,12,0,0,0.0,False
CATO-0359|2018-05-28|V1,CATO,Catoctin Mountain Park,Forest,False,CATO-0359,CATO 8,2018-05-28,1,Kimberly Serno,2018-05,May,22,21,8,Mid (7-8am),10.0,17.7999992370605,82.6999969482422,15-20C,>80%,Fog,Light air movement (1-3 mph) smoke drifts,No effect on count,7,8,2,0,25.0,True
CATO-0359|2018-06-20|V2,CATO,Catoctin Mountain Park,Forest,False,CATO-0359,CATO 8,2018-06-20,2,Brian Swimelar,2018-06,June,25,44,7,Mid (7-8am),10.0,20.6000003814697,57.9000015258789,20-25C,40-60%,Clear or Few Clouds,Light breeze (4-7 mph) wind felt on face,No effect on count,10,13,2,0,15.38,True
CATO-0365|2018-05-28|V1,CATO,Catoctin Mountain Park,Forest,False,CATO-0365,CATO 8,2018-05-28,1,Kimberly Serno,2018-05,May,22,21,8,Mid (7-8am),10.0,17.7999992370605,86.6999969482422,15-20C,>80%,Fog,Light air movement (1-3 mph) smoke drifts,Serious effect on count,3,3,1,0,33.33,True
CATO-0365|2018-06-20|V2,CATO,Catoctin Mountain Park,Forest,False,CATO-0365,CATO 8,2018-06-20,2,Brian Swimelar,2018-06,June,25,44,7,Mid (7-8am),10.0,21.8999996185303,64.4000015258789,20-25C,60-80%,Clear or Few Clouds,Light breeze (4-7 mph) wind felt on face,Serious effect on count,2,2,1,0,50.0,True
CHOH-0002|2018-05-20|V1,CHOH,Chesapeake & Ohio Canal National Historical Park,Forest,False,CHOH-0002,CHOH 7,2018-05-20,1,Elizabeth Oswald,2018-05,May,20,13,6,Early (5-6am),10.0,18.3999996185303,83.0999984741211,15-20C,>80%,Cloudy/Overcast,Light air movement (1-3 mph) smoke drifts,No effect on count,16,19,0,2,0.0,False
CHOH-0002|2018-06-24|V2,CHOH,Chesapeake & Ohio Canal National Historical Park,Forest,False,CHOH-0002,CHOH 7,2018-06-24,2,Brian Swimelar,2018-06,June,25,48,6,Early (5-6am),10.0,18.6000003814697,85.8000030517578,15-20C,>80%,Partly Cloudy,Light air movement (1-3 mph) smoke drifts,Slight effect on count,11,15,0,1,0.0,False
CHOH-0006|2018-05-20|V1,CHOH,Chesapeake & Ohio Canal National Historical Park,Forest,False,CHOH-0006,CHOH 7,2018-05-20,1,Elizabeth Oswald,2018-05,May,20,13,7,Mid (7-8am),10.0,17.2999992370605,90.6999969482422,15-20C,>80%,Cloudy/Overcast,Light air movement (1-3 mph) smoke drifts,No effect on count,17,18,0,0,0.0,False
CHOH-0006|2018-06-24|V2,CHOH,Chesapeake & Ohio Canal National Historical Park,Forest,False,CHOH-0006,CHOH 7,2018-06-24,2,Brian Swimelar,2018-06,June,25,48,7,Mid (7-8am),10.0,19.3999996185303,84.1999969482422,15-20C,>80%,Clear or Few Clouds,Light air movement (1-3 mph) smoke drifts,No effect on count,10,11,1,0,9.09,True
CHOH-0008|2018-05-20|V1,CHOH,Chesapeake & Ohio Canal National Historical Park,Forest,False,CHOH-0008,CHOH 7,2018-05-20,1,Elizabeth Oswald,2018-05,May,20,13,7,Mid (7-8am),10.0,17.6000003814697,92.4000015258789,15-20C,>80%,Cloudy/Overcast,Calm (< 1 mph) smoke rises vertically,Slight effect on count,13,15,0,0,0.0,False
CHOH-0008|2018-06-24|V2,CHOH,Chesapeake & Ohio Canal National Historical Park,Forest,False,CHOH-0008,CHOH 7,2018-06-24,2,Brian Swimelar,2018-06,June,25,48,6,Early (5-6am),10.0,18.6000003814697,85.8000030517578,15-20C,>80%,Clear or Few Clouds,Light air movement (1-3 mph) smoke drifts,No effect on count,11,11,0,2,0.0,False
CHOH-0012|2018-05-20|V1,CHOH,Chesapeake & Ohio Canal National Historical Park,Forest,False,CHOH-0012,CHOH 7,2018-05-20,1,Elizabeth Oswald,2018-05,May,20,13,8,Mid (7-8am),10.0,18.0,89.0999984741211,15-20C,>80%,Partly Cloudy,Light air movement (1-3 mph) smoke drifts,Moderate effect on count,10,11,0,0,0.0,False
CHOH-0012|2018-06-24|V2,CHOH,Chesapeake & Ohio Canal National Historical Park,Forest,False,CHOH-0012,CHOH 7,2018-06-24,2,Brian Swimelar,2018-06,June,25,48,5,Early (5-6am),10.0,18.6000003814697,85.8000030517578,15-20C,>80%,Partly Cloudy,Light air movement (1-3 mph) smoke drifts,Moderate effect on count,9,9,0,0,0.0,False
CHOH-0026|2018-05-20|V1,CHOH,Chesapeake & Ohio Canal National Historical Park,Forest,False,CHOH-0026,CHOH 7,2018-05-20,1,Elizabeth Oswald,2018-05,May,20,13,9,Late (9-10am),10.0,18.0,90.0,15-20C,>80%,Partly Cloudy,Calm (< 1 mph) smoke rises vertically,Slight effect on count,11,11,0,0,0.0,False
CHOH-0026|2018-06-24|V2,CHOH,Chesapeake & Ohio Canal National Historical Park,Forest,False,CHOH-0026,CHOH 7,2018-06-24,2,Brian Swimelar,2018-06,June,25,48,5,Early (5-6am),10.0,18.8999996185303,84.0999984741211,15-20C,>80%,Cloudy/Overcast,Light air movement (1-3 mph) smoke drifts,Moderate effect on count,8,12,0,0,0.0,False
CHOH-0074|2018-05-20|V1,CHOH,Chesapeake & Ohio Canal National Historical Park,Forest,False,CHOH-0074,CHOH 6,2018-05-20,1,Kimberly Serno,2018-05,May,20,13,8,Mid (7-8am),10.0,18.3999996185303,87.3000030517578,15-20C,>80%,Cloudy/Overcast,Calm (< 1 mph) smoke rises vertically,No effect on count,15,16,0,0,0.0,False
CHOH-0074|2018-06-24|V2,CHOH,Chesapeake & Ohio Canal National Historical Park,Forest,False,CHOH-0074,CHOH 6,2018-06-24,2,Brian Swimelar,2018-06,June,25,48,8,Mid (7-8am),10.0,19.3999996185303,84.1999969482422,15-20C,>80%,Clear or Few Clouds,Calm (< 1 mph) smoke rises vertically,No effect on count,10,11,0,0,0.0,False
CHOH-0076|2018-05-21|V1,CHOH,Chesapeake & Ohio Canal National Historical Park,Forest,False,CHOH-0076,CHOH 8,2018-05-21,1,Kimberly Serno,2018-05,May,21,14,9,Late (9-10am),10.0,23.2000007629395,68.6999969482422,20-25C,60-80%,Cloudy/Overcast,Light air movement (1-3 mph) smoke drifts,Slight effect on count,11,15,0,0,0.0,False
CHOH-0076|2018-07-09|V2,CHOH,Chesapeake & Ohio Canal National Historical Park,Forest,False,CHOH-0076,CHOH 8,2018-07-09,2,Elizabeth Oswald,2018-07,July,28,63,9,Late (9-10am),10.0,20.0,78.0999984741211,15-20C,60-80%,Clear or Few Clouds,Light air movement (1-3 mph) smoke drifts,No effect on count,13,15,1,0,6.67,True
CHOH-0081|2018-05-20|V1,CHOH,Chesapeake & Ohio Canal National Historical Park,Forest,False,CHOH-0081,CHOH 6,2018-05-20,1,Kimberly Serno,2018-05,May,20,13,7,Mid (7-8am),10.0,18.2000007629395,81.9000015258789,15-20C,>80%,Cloudy/Overcast,Light breeze (4-7 mph) wind felt on face,No effect on count,9,9,0,0,0.0,False
CHOH-0081|2018-06-24|V2,CHOH,Chesapeake & Ohio Canal National Historical Park,Forest,False,CHOH-0081,CHOH 6,2018-06-24,2,Brian Swimelar,2018-06,June,25,48,9,Late (9-10am),10.0,19.3999996185303,84.1999969482422,15-20C,>80%,Clear or Few Clouds,Light air movement (1-3 mph) smoke drifts,No effect on count,9,10,1,0,10.0,True
CHOH-0102|2018-05-21|V1,CHOH,Chesapeake & Ohio Canal National Historical Park,Forest,False,CHOH-0102,CHOH 8,2018-05-21,1,Kimberly Serno,2018-05,May,21,14,10,Late (9-10am),10.0,23.5,74.1999969482422,20-25C,60-80%,Partly Cloudy,Light air movement (1-3 mph) smoke drifts,No effect on count,13,15,0,0,0.0,False
CHOH-0102|2018-07-09|V2,CHOH,Chesapeake & Ohio Canal National Historical Park,Forest,False,CHOH-0102,CHOH 8,2018-07-09,2,Elizabeth Oswald,2018-07,July,28,63,10,Late (9-10am),10.0,21.2000007629395,79.3000030517578,20-25C,60-80%,Clear or Few Clouds,Light air movement (1-3 mph) smoke drifts,No effect on count,9,10,0,0,0.0,False
CHOH-0106|2018-05-20|V1,CHOH,Chesapeake & Ohio Canal National Historical Park,Forest,False,CHOH-0106,CHOH 6,2018-05-20,1,Kimberly Serno,2018-05,May,20,13,6,Early (5-6am),10.0,19.7000007629395,78.5999984741211,15-20C,60-80%,Cloudy/Overcast,Light air movement (1-3 mph) smoke drifts,Slight effect on count,10,13,0,0,0.0,False
CHOH-0106|2018-06-24|V2,CHOH,Chesapeake & Ohio Canal National Historical Park,Forest,False,CHOH-0106,CHOH 6,2018-06-24,2,Brian Swimelar,2018-06,June,25,48,9,Late (9-10am),10.0,19.3999996185303,84.1999969482422,15-20C,>80%,Clear or Few Clouds,Light air movement (1-3 mph) smoke drifts,No effect on count,7,9,1,0,11.11,True
CHOH-0196|2018-05-19|V1,CHOH,Chesapeake & Ohio Canal National Historical Park,Forest,False,CHOH-0196,CHOH 1,2018-05-19,1,Elizabeth Oswald,2018-05,May,20,12,7,Mid (7-8am),10.0,14.3999996185303,89.9000015258789,<15C,>80%,Cloudy/Overcast,Calm (< 1 mph) smoke rises vertically,No effect on count,12,13,0,0,0.0,False
CHOH-0196|2018-06-21|V2,CHOH,Chesapeake & Ohio Canal National Historical Park,Forest,False,CHOH-0196,CHOH 1,2018-06-21,2,Kimberly Serno,2018-06,June,25,45,6,Early (5-6am),10.0,22.8999996185303,77.0,20-25C,60-80%,Fog,Light air movement (1-3 mph) smoke drifts,No effect on count,9,13,0,0,0.0,False
CHOH-0198|2018-05-19|V1,CHOH,Chesapeake & Ohio Canal National Historical Park,Forest,False,CHOH-0198,CHOH 1,2018-05-19,1,Elizabeth Oswald,2018-05,May,20,12,7,Mid (7-8am),10.0,15.0,88.4000015258789,<15C,>80%,Cloudy/Overcast,Light air movement (1-3 mph) smoke drifts,No effect on count,11,14,0,0,0.0,False
CHOH-0198|2018-06-21|V2,CHOH,Chesapeake & Ohio Canal National Historical Park,Forest,False,CHOH-0198,CHOH 1,2018-06-21,2,Kimberly Serno,2018-06,June,25,45,5,Early (5-6am),10.0,23.0,76.0999984741211,20-25C,60-80%,Fog,Calm (< 1 mph) smoke rises vertically,No effect on count,7,9,0,0,0.0,False
CHOH-0239|2018-05-21|V1,CHOH,Chesapeake & Ohio Canal National Historical Park,Forest,False,CHOH-0239,CHOH 8,2018-05-21,1,Brian Swimelar,2018-05,May,21,14,6,Early (5-6am),10.0,14.0,71.0,<15C,60-80%,Clear or Few Clouds,Light air movement (1-3 mph) smoke drifts,No effect on count,9,14,0,0,0.0,False
CHOH-0239|2018-07-09|V2,CHOH,Chesapeake & Ohio Canal National Historical Park,Forest,False,CHOH-0239,CHOH 8,2018-07-09,2,Kimberly Serno,2018-07,July,28,63,6,Early (5-6am),10.0,21.2999992370605,59.0,20-25C,40-60%,Partly Cloudy,Light air movement (1-3 mph) smoke drifts,No effect on count,7,11,0,0,0.0,False
CHOH-0253|2018-05-21|V1,CHOH,Chesapeake & Ohio Canal National Historical Park,Forest,False,CHOH-0253,CHOH 1,2018-05-21,1,Brian Swimelar,2018-05,May,21,14,8,Mid (7-8am),11.0,16.0,71.0,15-20C,60-80%,Clear or Few Clouds,Light air movement (1-3 mph) smoke drifts,No effect on count,10,15,0,1,0.0,False
CHOH-0253|2018-07-09|V2,CHOH,Chesapeake & Ohio Canal National Historical Park,Forest,False,CHOH-0253,CHOH 1,2018-07-09,2,Kimberly Serno,2018-07,July,28,63,7,Mid (7-8am),10.0,18.3999996185303,81.0999984741211,15-20C,>80%,Clear or Few Clouds,Light air movement (1-3 mph) smoke drifts,No effect on count,9,12,1,0,8.33,True
CHOH-0256|2018-05-19|V1,CHOH,Chesapeake & Ohio Canal National Historical Park,Forest,False,CHOH-0256,CHOH 1,2018-05-19,1,Elizabeth Oswald,2018-05,May,20,12,9,Late (9-10am),10.0,13.8000001907349,91.5,<15C,>80%,Cloudy/Overcast,Light air movement (1-3 mph) smoke drifts,Moderate effect on count,6,8,0,0,0.0,False
CHOH-0256|2018-06-21|V2,CHOH,Chesapeake & Ohio Canal National Historical Park,Forest,False,CHOH-0256,CHOH 1,2018-06-21,2,Kimberly Serno,2018-06,June,25,45,7,Mid (7-8am),10.0,22.7999992370605,82.5999984741211,20-25C,>80%,Partly Cloudy,Light air movement (1-3 mph) smoke drifts,Slight effect on count,11,14,1,0,7.14,True
CHOH-0262|2018-05-21|V1,CHOH,Chesapeake & Ohio Canal National Historical Park,Forest,False,CHOH-0262,CHOH 7,2018-05-21,1,Kimberly Serno,2018-05,May,21,14,7,Mid (7-8am),10.0,19.8999996185303,78.1999969482422,15-20C,60-80%,Partly Cloudy,Light air movement (1-3 mph) smoke drifts,No effect on count,15,17,0,0,0.0,False
CHOH-0262|2018-07-09|V2,CHOH,Chesapeake & Ohio Canal National Historical Park,Forest,False,CHOH-0262,CHOH 7,2018-07-09,2,Elizabeth Oswald,2018-07,July,28,63,7,Mid (7-8am),10.0,17.7999992370605,83.8000030517578,15-20C,>80%,Clear or Few Clouds,Light air movement (1-3 mph) smoke drifts,No effect on count,14,16,0,0,0.0,False
CHOH-0267|2018-05-21|V1,CHOH,Chesapeake & Ohio Canal National Historical Park,Forest,False,CHOH-0267,CHOH 8,2018-05-21,1,Kimberly Serno,2018-05,May,21,14,6,Early (5-6am),10.0,21.0,71.6999969482422,20-25C,60-80%,Partly Cloudy,Calm (< 1 mph) smoke rises vertically,No effect on count,11,14,1,0,7.14,True
CHOH-0267|2018-07-09|V2,CHOH,Chesapeake & Ohio Canal National Historical Park,Forest,False,CHOH-0267,CHOH 8,2018-07-09,2,Elizabeth Oswald,2018-07,July,28,63,6,Early (5-6am),10.0,17.2000007629395,74.4000015258789,15-20C,60-80%,Partly Cloudy,Light air movement (1-3 mph) smoke drifts,No effect on count,7,13,3,0,23.08,True
CHOH-0281|2018-05-19|V1,CHOH,Chesapeake & Ohio Canal National Historical Park,Forest,False,CHOH-0281,CHOH 5,2018-05-19,1,Brian Swimelar,2018-05,May,20,12,10,Late (9-10am),10.0,15.0,68.0,<15C,60-80%,Fog,Light air movement (1-3 mph) smoke drifts,No effect on count,8,12,2,0,16.67,True
CHOH-0281|2018-06-24|V2,CHOH,Chesapeake & Ohio Canal National Historical Park,Forest,False,CHOH-0281,CHOH 5,2018-06-24,2,Elizabeth Oswald,2018-06,June,25,48,8,Mid (7-8am),10.0,21.6000003814697,83.9000015258789,20-25C,>80%,Clear or Few Clouds,Light air movement (1-3 mph) smoke drifts,No effect on count,8,9,0,0,0.0,False
CHOH-0286|2018-05-21|V1,CHOH,Chesapeake & Ohio Canal National Historical Park,Forest,False,CHOH-0286,CHOH 8,2018-05-21,1,Kimberly Serno,2018-05,May,21,14,7,Mid (7-8am),10.0,19.0,78.5,15-20C,60-80%,Partly Cloudy,Calm (< 1 mph) smoke rises vertically,No effect on count,12,17,1,0,5.88,True
CHOH-0286|2018-07-09|V2,CHOH,Chesapeake & Ohio Canal National Historical Park,Forest,False,CHOH-0286,CHOH 8,2018-07-09,2,Elizabeth Oswald,2018-07,July,28,63,6,Early (5-6am),10.0,17.8999996185303,83.0999984741211,15-20C,>80%,Partly Cloudy,Light breeze (4-7 mph) wind felt on face,No effect on count,13,15,0,0,0.0,False
CHOH-0360|2018-05-21|V1,CHOH,Chesapeake & Ohio Canal National Historical Park,Forest,False,CHOH-0360,CHOH 1,2018-05-21,1,Brian Swimelar,2018-05,May,21,14,7,Mid (7-8am),10.0,14.0,71.0,<15C,60-80%,Clear or Few Clouds,Light air movement (1-3 mph) smoke drifts,No effect on count,11,12,0,1,0.0,False
CHOH-0360|2018-07-09|V2,CHOH,Chesapeake & Ohio Canal National Historical Park,Forest,False,CHOH-0360,CHOH 1,2018-07-09,2,Kimberly Serno,2018-07,July,28,63,7,Mid (7-8am),10.0,17.7000007629395,80.9000015258789,15-20C,>80%,Partly Cloudy,Light air movement (1-3 mph) smoke drifts,No effect on count,13,19,0,0,0.0,False
CHOH-0380|2018-05-21|V1,CHOH,Chesapeake & Ohio Canal National Historical Park,Forest,False,CHOH-0380,CHOH 8,2018-05-21,1,Kimberly Serno,2018-05,May,21,14,8,Mid (7-8am),10.0,21.1000003814697,76.5999984741211,20-25C,60-80%,Partly Cloudy,Light air movement (1-3 mph) smoke drifts,No effect on count,15,18,1,0,5.56,True
CHOH-0380|2018-07-09|V2,CHOH,Chesapeake & Ohio Canal National Historical Park,Forest,False,CHOH-0380,CHOH 8,2018-07-09,2,Elizabeth Oswald,2018-07,July,28,63,8,Mid (7-8am),10.0,18.3999996185303,84.4000015258789,15-20C,>80%,Clear or Few Clouds,Light air movement (1-3 mph) smoke drifts,No effect on count,13,15,0,0,0.0,False
CHOH-0389|2018-05-21|V1,CHOH,Chesapeake & Ohio Canal National Historical Park,Forest,False,CHOH-0389,CHOH 1,2018-05-21,1,Brian Swimelar,2018-05,May,21,14,8,Mid (7-8am),10.0,19.0,73.0,15-20C,60-80%,Clear or Few Clouds,Light air movement (1-3 mph) smoke drifts,No effect on count,12,14,0,0,0.0,False
CHOH-0389|2018-07-09|V2,CHOH,Chesapeake & Ohio Canal National Historical Park,Forest,False,CHOH-0389,CHOH 1,2018-07-09,2,Kimberly Serno,2018-07,July,28,63,8,Mid (7-8am),10.0,19.1000003814697,79.9000015258789,15-20C,60-80%,Clear or Few Clouds,Calm (< 1 mph) smoke rises vertically,Slight effect on count,12,15,0,0,0.0,False
CHOH-0407|2018-05-21|V1,CHOH,Chesapeake & Ohio Canal National Historical Park,Forest,False,CHOH-0407,CHOH 1,2018-05-21,1,Brian Swimelar,2018-05,May,21,14,7,Mid (7-8am),11.0,14.0,71.0,<15C,60-80%,Clear or Few Clouds,Light air movement (1-3 mph) smoke drifts,No effect on count,7,12,0,0,0.0,False
CHOH-0407|2018-07-09|V2,CHOH,Chesapeake & Ohio Canal National Historical Park,Forest,False,CHOH-0407,CHOH 1,2018-07-09,2,Kimberly Serno,2018-07,July,28,63,7,Mid (7-8am),10.0,18.5,78.3000030517578,15-20C,60-80%,Partly Cloudy,Light air movement (1-3 mph) smoke drifts,Slight effect on count,13,14,0,0,0.0,False
CHOH-0428|2018-05-19|V1,CHOH,Chesapeake & Ohio Canal National Historical Park,Forest,False,CHOH-0428,CHOH 1,2018-05-19,1,Elizabeth Oswald,2018-05,May,20,12,10,Late (9-10am),10.0,15.0,93.3000030517578,<15C,>80%,Cloudy/Overcast,Light air movement (1-3 mph) smoke drifts,Moderate effect on count,10,10,0,0,0.0,False
CHOH-0428|2018-06-21|V2,CHOH,Chesapeake & Ohio Canal National Historical Park,Forest,False,CHOH-0428,CHOH 1,2018-06-21,2,Kimberly Serno,2018-06,June,25,45,7,Mid (7-8am),10.0,23.6000003814697,85.5,20-25C,>80%,Cloudy/Overcast,Calm (< 1 mph) smoke rises vertically,Moderate effect on count,10,14,0,0,0.0,False
CHOH-0433|2018-05-19|V1,CHOH,Chesapeake & Ohio Canal National Historical Park,Forest,False,CHOH-0433,CHOH 5,2018-05-19,1,Brian Swimelar,2018-05,May,20,12,10,Late (9-10am),10.0,15.0,68.0,<15C,60-80%,Fog,Light air movement (1-3 mph) smoke drifts,No effect on count,5,8,0,0,0.0,False
CHOH-0433|2018-06-24|V2,CHOH,Chesapeake & Ohio Canal National Historical Park,Forest,False,CHOH-0433,CHOH 5,2018-06-24,2,Elizabeth Oswald,2018-06,June,25,48,8,Mid (7-8am),10.0,20.6000003814697,88.0,20-25C,>80%,Clear or Few Clouds,Calm (< 1 mph) smoke rises vertically,Slight effect on count,13,15,1,0,6.67,True
CHOH-0443|2018-05-19|V1,CHOH,Chesapeake & Ohio Canal National Historical Park,Forest,False,CHOH-0443,CHOH 5,2018-05-19,1,Brian Swimelar,2018-05,May,20,12,8,Mid (7-8am),10.0,15.0,68.0,<15C,60-80%,Fog,Light air movement (1-3 mph) smoke drifts,Serious effect on count,2,2,0,0,0.0,False
CHOH-0443|2018-06-24|V2,CHOH,Chesapeake & Ohio Canal National Historical Park,Forest,False,CHOH-0443,CHOH 5,2018-06-24,2,Elizabeth Oswald,2018-06,June,25,48,7,Mid (7-8am),10.0,19.7999992370605,90.1999969482422,15-20C,>80%,Clear or Few Clouds,Calm (< 1 mph) smoke rises vertically,Moderate effect on count,8,9,0,1,0.0,False
CHOH-0487|2018-05-19|V1,CHOH,Chesapeake & Ohio Canal National Historical Park,Forest,False,CHOH-0487,CHOH 1,2018-05-19,1,Kimberly Serno,2018-05,May,20,12,7,Mid (7-8am),10.0,16.0,81.8000030517578,15-20C,>80%,Mist/Drizzle,Calm (< 1 mph) smoke rises vertically,Slight effect on count,9,11,0,0,0.0,False
CHOH-0487|2018-06-21|V2,CHOH,Chesapeake & Ohio Canal National Historical Park,Forest,False,CHOH-0487,CHOH 1,2018-06-21,2,Brian Swimelar,2018-06,June,25,45,6,Early (5-6am),10.0,24.2999992370605,61.9000015258789,20-25C,60-80%,Mist/Drizzle,Light air movement (1-3 mph) smoke drifts,No effect on count,9,14,0,0,0.0,False
CHOH-0489|2018-05-19|V1,CHOH,Chesapeake & Ohio Canal National Historical Park,Forest,False,CHOH-0489,CHOH 5,2018-05-19,1,Brian Swimelar,2018-05,May,20,12,9,Late (9-10am),10.0,15.0,68.0,<15C,60-80%,Fog,Light air movement (1-3 mph) smoke drifts,Slight effect on count,6,9,0,0,0.0,False
CHOH-0489|2018-06-24|V2,CHOH,Chesapeake & Ohio Canal National Historical Park,Forest,False,CHOH-0489,CHOH 5,2018-06-24,2,Elizabeth Oswald,2018-06,June,25,48,7,Mid (7-8am),10.0,19.2999992370605,88.1999969482422,15-20C,>80%,Clear or Few Clouds,Light air movement (1-3 mph) smoke drifts,Slight effect on count,12,14,0,0,0.0,False
CHOH-0539|2018-05-19|V1,CHOH,Chesapeake & Ohio Canal National Historical Park,Forest,False,CHOH-0539,CHOH 1,2018-05-19,1,Kimberly Serno,2018-05,May,20,12,7,Mid (7-8am),10.0,13.8000001907349,83.4000015258789,<15C,>80%,Cloudy/Overcast,Calm (< 1 mph) smoke rises vertically,No effect on count,10,10,0,0,0.0,False
CHOH-0539|2018-06-21|V2,CHOH,Chesapeake & Ohio Canal National Historical Park,Forest,False,CHOH-0539,CHOH 1,2018-06-21,2,Brian Swimelar,2018-06,June,25,45,6,Early (5-6am),10.0,21.6000003814697,82.0,20-25C,>80%,Mist/Drizzle,Light air movement (1-3 mph) smoke drifts,No effect on count,8,11,0,0,0.0,False
CHOH-0577|2018-05-19|V1,CHOH,Chesapeake & Ohio Canal National Historical Park,Forest,False,CHOH-0577,CHOH 5,2018-05-19,1,Brian Swimelar,2018-05,May,20,12,8,Mid (7-8am),10.0,15.0,68.0,<15C,60-80%,Fog,Light air movement (1-3 mph) smoke drifts,No effect on count,6,6,0,0,0.0,False
CHOH-0577|2018-06-21|V2,CHOH,Chesapeake & Ohio Canal National Historical Park,Forest,False,CHOH-0577,CHOH 5,2018-06-21,2,Elizabeth Oswald,2018-06,June,25,45,8,Mid (7-8am),10.0,22.3999996185303,94.0999984741211,20-25C,>80%,Cloudy/Overcast,Light air movement (1-3 mph) smoke drifts,No effect on count,9,10,1,0,10.0,True
CHOH-0586|2018-05-19|V1,CHOH,Chesapeake & Ohio Canal National Historical Park,Forest,False,CHOH-0586,CHOH 1,2018-05-19,1,Kimberly Serno,2018-05,May,20,12,8,Mid (7-8am),10.0,14.5,86.3000030517578,<15C,>80%,Cloudy/Overcast,Light air movement (1-3 mph) smoke drifts,No effect on count,13,19,1,1,5.26,True
CHOH-0586|2018-06-21|V2,CHOH,Chesapeake & Ohio Canal National Historical Park,Forest,False,CHOH-0586,CHOH 1,2018-06-21,2,Brian Swimelar,2018-06,June,25,45,7,Mid (7-8am),10.0,20.8999996185303,88.9000015258789,20-25C,>80%,Fog,Light air movement (1-3 mph) smoke drifts,No effect on count,11,12,0,0,0.0,False
CHOH-0609|2018-05-19|V1,CHOH,Chesapeake & Ohio Canal National Historical Park,Forest,False,CHOH-0609,CHOH 1,2018-05-19,1,Kimberly Serno,2018-05,May,20,12,8,Mid (7-8am),10.0,14.8000001907349,85.0,<15C,>80%,Cloudy/Overcast,Light air movement (1-3 mph) smoke drifts,Slight effect on count,9,11,1,0,9.09,True
CHOH-0609|2018-06-21|V2,CHOH,Chesapeake & Ohio Canal National Historical Park,Forest,False,CHOH-0609,CHOH 1,2018-06-21,2,Brian Swimelar,2018-06,June,25,45,7,Mid (7-8am),10.0,22.2000007629395,86.5999984741211,20-25C,>80%,Fog,Calm (< 1 mph) smoke rises vertically,No effect on count,9,11,0,0,0.0,False
CHOH-0661|2018-05-19|V1,CHOH,Chesapeake & Ohio Canal National Historical Park,Forest,False,CHOH-0661,CHOH 5,2018-05-19,1,Brian Swimelar,2018-05,May,20,12,8,Mid (7-8am),70.0,15.0,68.0,<15C,60-80%,Mist/Drizzle,Light air movement (1-3 mph) smoke drifts,No effect on count,3,3,0,0,0.0,False
CHOH-0661|2018-06-21|V2,CHOH,Chesapeake & Ohio Canal National Historical Park,Forest,False,CHOH-0661,CHOH 5,2018-06-21,2,Elizabeth Oswald,2018-06,June,25,45,7,Mid (7-8am),10.0,22.0,93.8000030517578,20-25C,>80%,Partly Cloudy,Light air movement (1-3 mph) smoke drifts,Slight effect on count,9,11,1,0,9.09,True
CHOH-0666|2018-05-19|V1,CHOH,Chesapeake & Ohio Canal National Historical Park,Forest,False,CHOH-0666,CHOH 5,2018-05-19,1,Brian Swimelar,2018-05,May,20,12,6,Early (5-6am),10.0,15.0,68.0,<15C,60-80%,Mist/Drizzle,Light breeze (4-7 mph) wind felt on face,Slight effect on count,6,6,0,0,0.0,False
CHOH-0666|2018-06-21|V2,CHOH,Chesapeake & Ohio Canal National Historical Park,Forest,False,CHOH-0666,CHOH 5,2018-06-21,2,Elizabeth Oswald,2018-06,June,25,45,6,Early (5-6am),10.0,21.3999996185303,91.1999969482422,20-25C,>80%,Partly Cloudy,Calm (< 1 mph) smoke rises vertically,Slight effect on count,16,18,0,0,0.0,False
CHOH-0677|2018-05-19|V1,CHOH,Chesapeake & Ohio Canal National Historical Park,Forest,False,CHOH-0677,CHOH 1,2018-05-19,1,Kimberly Serno,2018-05,May,20,12,9,Late (9-10am),10.0,15.1999998092651,87.6999969482422,15-20C,>80%,Cloudy/Overcast,Light air movement (1-3 mph) smoke drifts,No effect on count,9,13,0,0,0.0,False
CHOH-0677|2018-06-21|V2,CHOH,Chesapeake & Ohio Canal National Historical Park,Forest,False,CHOH-0677,CHOH 1,2018-06-21,2,Brian Swimelar,2018-06,June,25,45,8,Mid (7-8am),10.0,22.2999992370605,86.5999984741211,20-25C,>80%,Cloudy/Overcast,Light air movement (1-3 mph) smoke drifts,No effect on count,9,14,0,0,0.0,False
CHOH-0679|2018-05-19|V1,CHOH,Chesapeake & Ohio Canal National Historical Park,Forest,False,CHOH-0679,CHOH 5,2018-05-19,1,Brian Swimelar,2018-05,May,20,12,8,Mid (7-8am),10.0,15.0,68.0,<15C,60-80%,Mist/Drizzle,Light air movement (1-3 mph) smoke drifts,No effect on count,7,9,0,2,0.0,False
CHOH-0679|2018-06-21|V2,CHOH,Chesapeake & Ohio Canal National Historical Park,Forest,False,CHOH-0679,CHOH 5,2018-06-21,2,Elizabeth Oswald,2018-06,June,25,45,7,Mid (7-8am),10.0,21.3999996185303,93.4000015258789,20-25C,>80%,Partly Cloudy,Light air movement (1-3 mph) smoke drifts,No effect on count,14,15,0,0,0.0,False
CHOH-0755|2018-06-02|V1,CHOH,Chesapeake & Ohio Canal National Historical Park,Forest,False,CHOH-0755,CHOH 18,2018-06-02,1,Brian Swimelar,2018-06,June,22,26,7,Mid (7-8am),10.0,22.6000003814697,82.1999969482422,20-25C,>80%,Fog,Calm (< 1 mph) smoke rises vertically,No effect on count,5,5,0,0,0.0,False
CHOH-0755|2018-06-21|V2,CHOH,Chesapeake & Ohio Canal National Historical Park,Forest,False,CHOH-0755,CHOH 18,2018-06-21,2,Elizabeth Oswald,2018-06,June,25,45,10,Late (9-10am),10.0,22.7000007629395,94.5999984741211,20-25C,>80%,Cloudy/Overcast,Calm (< 1 mph) smoke rises vertically,No effect on count,9,9,0,0,0.0,False
CHOH-0795|2018-06-02|V1,CHOH,Chesapeake & Ohio Canal National Historical Park,Forest,False,CHOH-0795,CHOH 1,2018-06-02,1,Kimberly Serno,2018-06,June,22,26,6,Early (5-6am),10.0,22.2000007629395,82.5,20-25C,>80%,Cloudy/Overcast,Calm (< 1 mph) smoke rises vertically,No effect on count,17,20,0,1,0.0,False
CHOH-0795|2018-07-09|V2,CHOH,Chesapeake & Ohio Canal National Historical Park,Forest,False,CHOH-0795,CHOH 1,2018-07-09,2,Brian Swimelar,2018-07,July,28,63,5,Early (5-6am),10.0,16.8999996185303,71.5,15-20C,60-80%,Clear or Few Clouds,Light air movement (1-3 mph) smoke drifts,No effect on count,9,11,0,0,0.0,False
CHOH-0806|2018-06-02|V1,CHOH,Chesapeake & Ohio Canal National Historical Park,Forest,False,CHOH-0806,CHOH 10,2018-06-02,1,Kimberly Serno,2018-06,June,22,26,7,Mid (7-8am),10.0,23.0,87.1999969482422,20-25C,>80%,Cloudy/Overcast,Calm (< 1 mph) smoke rises vertically,No effect on count,15,16,0,0,0.0,False
CHOH-0806|2018-07-09|V2,CHOH,Chesapeake & Ohio Canal National Historical Park,Forest,False,CHOH-0806,CHOH 10,2018-07-09,2,Brian Swimelar,2018-07,July,28,63,6,Early (5-6am),10.0,21.0,65.1999969482422,20-25C,60-80%,Clear or Few Clouds,Light air movement (1-3 mph) smoke drifts,No effect on count,13,18,0,0,0.0,False
CHOH-0812|2018-05-21|V1,CHOH,Chesapeake & Ohio Canal National Historical Park,Forest,False,CHOH-0812,CHOH 10,2018-05-21,1,Elizabeth Oswald,2018-05,May,21,14,6,Early (5-6am),10.0,18.5,78.6999969482422,15-20C,60-80%,Partly Cloudy,Light air movement (1-3 mph) smoke drifts,No effect on count,19,24,0,0,0.0,False
CHOH-0812|2018-07-09|V2,CHOH,Chesapeake & Ohio Canal National Historical Park,Forest,False,CHOH-0812,CHOH 10,2018-07-09,2,Brian Swimelar,2018-07,July,28,63,7,Mid (7-8am),10.0,19.7000007629395,66.9000015258789,15-20C,60-80%,Clear or Few Clouds,Light air movement (1-3 mph) smoke drifts,No effect on count,12,18,0,0,0.0,False
CHOH-0832|2018-05-21|V1,CHOH,Chesapeake & Ohio Canal National Historical Park,Forest,False,CHOH-0832,CHOH 10,2018-05-21,1,Elizabeth Oswald,2018-05,May,21,14,7,Mid (7-8am),10.0,17.7000007629395,85.0999984741211,15-20C,>80%,Partly Cloudy,Calm (< 1 mph) smoke rises vertically,No effect on count,16,19,1,0,5.26,True
CHOH-0832|2018-07-09|V2,CHOH,Chesapeake & Ohio Canal National Historical Park,Forest,False,CHOH-0832,CHOH 10,2018-07-09,2,Brian Swimelar,2018-07,July,28,63,7,Mid (7-8am),10.0,22.0,73.5,20-25C,60-80%,Clear or Few Clouds,Light air movement (1-3 mph) smoke drifts,No effect on count,9,12,0,0,0.0,False
CHOH-0847|2018-05-21|V1,CHOH,Chesapeake & Ohio Canal National Historical Park,Forest,False,CHOH-0847,CHOH 10,2018-05-21,1,Elizabeth Oswald,2018-05,May,21,14,7,Mid (7-8am),10.0,18.0,85.1999969482422,15-20C,>80%,Partly Cloudy,Calm (< 1 mph) smoke rises vertically,No effect on count,14,16,0,0,0.0,False
CHOH-0847|2018-07-09|V2,CHOH,Chesapeake & Ohio Canal National Historical Park,Forest,False,CHOH-0847,CHOH 10,2018-07-09,2,Brian Swimelar,2018-07,July,28,63,8,Mid (7-8am),10.0,23.2000007629395,75.5,20-25C,60-80%,Clear or Few Clouds,Calm (< 1 mph) smoke rises vertically,No effect on count,10,14,2,0,14.29,True
CHOH-0856|2018-05-21|V1,CHOH,Chesapeake & Ohio Canal National Historical Park,Forest,False,CHOH-0856,CHOH 10,2018-05-21,1,Elizabeth Oswald,2018-05,May,21,14,8,Mid (7-8am),10.0,19.2000007629395,84.1999969482422,15-20C,>80%,Partly Cloudy,Calm (< 1 mph) smoke rises vertically,Slight effect on count,15,16,0,0,0.0,False
CHOH-0856|2018-07-09|V2,CHOH,Chesapeake & Ohio Canal National Historical Park,Forest,False,CHOH-0856,CHOH 10,2018-07-09,2,Brian Swimelar,2018-07,July,28,63,8,Mid (7-8am),10.0,23.2000007629395,70.0,20-25C,60-80%,Clear or Few Clouds,Light air movement (1-3 mph) smoke drifts,No effect on count,10,13,0,0,0.0,False
CHOH-0932|2018-06-12|V1,CHOH,Chesapeake & Ohio Canal National Historical Park,Forest,False,CHOH-0932,CHOH 11,2018-06-12,1,Elizabeth Oswald,2018-06,June,24,36,7,Mid (7-8am),10.0,17.2000007629395,75.9000015258789,15-20C,60-80%,Clear or Few Clouds,Light breeze (4-7 mph) wind felt on face,No effect on count,10,10,1,0,10.0,True
CHOH-0932|2018-07-12|V2,CHOH,Chesapeake & Ohio Canal National Historical Park,Forest,False,CHOH-0932,CHOH 11,2018-07-12,2,Brian Swimelar,2018-07,July,28,66,6,Early (5-6am),10.0,18.2000007629395,69.9000015258789,15-20C,60-80%,Partly Cloudy,Light air movement (1-3 mph) smoke drifts,No effect on count,7,8,0,0,0.0,False
CHOH-0941|2018-06-12|V1,CHOH,Chesapeake & Ohio Canal National Historical Park,Forest,False,CHOH-0941,CHOH 11,2018-06-12,1,Elizabeth Oswald,2018-06,June,24,36,8,Mid (7-8am),10.0,17.7999992370605,76.1999969482422,15-20C,60-80%,Partly Cloudy,Light breeze (4-7 mph) wind felt on face,No effect on count,13,14,0,0,0.0,False
CHOH-0941|2018-07-12|V2,CHOH,Chesapeake & Ohio Canal National Historical Park,Forest,False,CHOH-0941,CHOH 11,2018-07-12,2,Brian Swimelar,2018-07,July,28,66,7,Mid (7-8am),10.0,18.8999996185303,75.5999984741211,15-20C,60-80%,Partly Cloudy,Calm (< 1 mph) smoke rises vertically,No effect on count,9,10,1,1,10.0,True
CHOH-0942|2018-06-12|V1,CHOH,Chesapeake & Ohio Canal National Historical Park,Forest,False,CHOH-0942,CHOH 11,2018-06-12,1,Elizabeth Oswald,2018-06,June,24,36,8,Mid (7-8am),10.0,18.1000003814697,72.5999984741211,15-20C,60-80%,Partly Cloudy,Light breeze (4-7 mph) wind felt on face,No effect on count,10,12,0,0,0.0,False
CHOH-0942|2018-07-12|V2,CHOH,Chesapeake & Ohio Canal National Historical Park,Forest,False,CHOH-0942,CHOH 11,2018-07-12,2,Brian Swimelar,2018-07,July,28,66,8,Mid (7-8am),10.0,18.3999996185303,76.4000015258789,15-20C,60-80%,Clear or Few Clouds,Light air movement (1-3 mph) smoke drifts,No effect on count,8,11,0,0,0.0,False
CHOH-0961|2018-06-12|V1,CHOH,Chesapeake & Ohio Canal National Historical Park,Forest,False,CHOH-0961,CHOH 11,2018-06-12,1,Elizabeth Oswald,2018-06,June,24,36,9,Late (9-10am),10.0,17.6000003814697,78.0,15-20C,60-80%,Partly Cloudy,"Gentle breeze (8-12 mph), leaves in motion",Moderate effect on count,9,9,0,0,0.0,False
CHOH-0961|2018-07-12|V2,CHOH,Chesapeake & Ohio Canal National Historical Park,Forest,False,CHOH-0961,CHOH 11,2018-07-12,2,Brian Swimelar,2018-07,July,28,66,7,Mid (7-8am),10.0,17.7999992370605,67.9000015258789,15-20C,60-80%,Partly Cloudy,Light air movement (1-3 mph) smoke drifts,No effect on count,11,12,0,0,0.0,False
CHOH-0983|2018-06-04|V1,CHOH,Chesapeake & Ohio Canal National Historical Park,Forest,False,CHOH-0983,CHOH 12,2018-06-04,1,Brian Swimelar,2018-06,June,23,28,6,Early (5-6am),10.0,18.7000007629395,75.8000030517578,15-20C,60-80%,Cloudy/Overcast,Light air movement (1-3 mph) smoke drifts,Serious effect on count,9,12,0,0,0.0,False
CHOH-0983|2018-07-12|V2,CHOH,Chesapeake & Ohio Canal National Historical Park,Forest,False,CHOH-0983,CHOH 12,2018-07-12,2,Elizabeth Oswald,2018-07,July,28,66,6,Early (5-6am),10.0,19.6000003814697,79.0,15-20C,60-80%,Partly Cloudy,Light breeze (4-7 mph) wind felt on face,No effect on count,12,15,0,1,0.0,False
CHOH-0986|2018-06-04|V1,CHOH,Chesapeake & Ohio Canal National Historical Park,Forest,False,CHOH-0986,CHOH 12,2018-06-04,1,Brian Swimelar,2018-06,June,23,28,6,Early (5-6am),10.0,18.2999992370605,73.0999984741211,15-20C,60-80%,Cloudy/Overcast,Light air movement (1-3 mph) smoke drifts,No effect on count,10,16,0,0,0.0,False
CHOH-0986|2018-07-12|V2,CHOH,Chesapeake & Ohio Canal National Historical Park,Forest,False,CHOH-0986,CHOH 12,2018-07-12,2,Elizabeth Oswald,2018-07,July,28,66,6,Early (5-6am),10.0,19.2000007629395,77.9000015258789,15-20C,60-80%,Partly Cloudy,Light breeze (4-7 mph) wind felt on face,No effect on count,15,18,0,0,0.0,False
CHOH-0989|2018-06-04|V1,CHOH,Chesapeake & Ohio Canal National Historical Park,Forest,False,CHOH-0989,CHOH 12,2018-06-04,1,Brian Swimelar,2018-06,June,23,28,7,Mid (7-8am),10.0,18.2999992370605,73.0999984741211,15-20C,60-80%,Cloudy/Overcast,Light air movement (1-3 mph) smoke drifts,Serious effect on count,6,8,0,0,0.0,False
CHOH-0989|2018-07-12|V2,CHOH,Chesapeake & Ohio Canal National Historical Park,Forest,False,CHOH-0989,CHOH 12,2018-07-12,2,Elizabeth Oswald,2018-07,July,28,66,6,Early (5-6am),10.0,19.2999992370605,81.5,15-20C,>80%,Clear or Few Clouds,Light air movement (1-3 mph) smoke drifts,Slight effect on count,6,7,0,0,0.0,False
CHOH-1018|2018-06-04|V1,CHOH,Chesapeake & Ohio Canal National Historical Park,Forest,False,CHOH-1018,CHOH 12,2018-06-04,1,Brian Swimelar,2018-06,June,23,28,8,Mid (7-8am),10.0,16.0,84.3000030517578,15-20C,>80%,Cloudy/Overcast,Light air movement (1-3 mph) smoke drifts,Slight effect on count,9,10,0,0,0.0,False
CHOH-1018|2018-07-12|V2,CHOH,Chesapeake & Ohio Canal National Historical Park,Forest,False,CHOH-1018,CHOH 12,2018-07-12,2,Elizabeth Oswald,2018-07,July,28,66,7,Mid (7-8am),10.0,19.7999992370605,85.5,15-20C,>80%,Partly Cloudy,Light air movement (1-3 mph) smoke drifts,Slight effect on count,11,16,2,0,12.5,True
CHOH-1028|2018-06-12|V1,CHOH,Chesapeake & Ohio Canal National Historical Park,Forest,False,CHOH-1028,CHOH 12,2018-06-12,1,Brian Swimelar,2018-06,June,24,36,6,Early (5-6am),10.0,13.8999996185303,75.1999969482422,<15C,60-80%,Clear or Few Clouds,Light air movement (1-3 mph) smoke drifts,Moderate effect on count,6,8,0,0,0.0,False
CHOH-1028|2018-07-12|V2,CHOH,Chesapeake & Ohio Canal National Historical Park,Forest,False,CHOH-1028,CHOH 12,2018-07-12,2,Elizabeth Oswald,2018-07,July,28,66,8,Mid (7-8am),10.0,20.0,80.8000030517578,15-20C,>80%,Clear or Few Clouds,Light air movement (1-3 mph) smoke drifts,Moderate effect on count,13,13,0,0,0.0,False
CHOH-1036|2018-06-12|V1,CHOH,Chesapeake & Ohio Canal National Historical Park,Forest,False,CHOH-1036,CHOH 1,2018-06-12,1,Brian Swimelar,2018-06,June,24,36,6,Early (5-6am),10.0,15.0,80.5999984741211,<15C,>80%,Clear or Few Clouds,Calm (< 1 mph) smoke rises vertically,Moderate effect on count,10,13,0,0,0.0,False
CHOH-1036|2018-07-12|V2,CHOH,Chesapeake & Ohio Canal National Historical Park,Forest,False,CHOH-1036,CHOH 1,2018-07-12,2,Elizabeth Oswald,2018-07,July,28,66,8,Mid (7-8am),10.0,20.8999996185303,74.0999984741211,20-25C,60-80%,Clear or Few Clouds,Light air movement (1-3 mph) smoke drifts,No effect on count,10,10,0,1,0.0,False
CHOH-1044|2018-06-12|V1,CHOH,Chesapeake & Ohio Canal National Historical Park,Forest,False,CHOH-1044,CHOH 14,2018-06-12,1,Brian Swimelar,2018-06,June,24,36,7,Mid (7-8am),10.0,15.1000003814697,79.6999969482422,15-20C,60-80%,Clear or Few Clouds,Calm (< 1 mph) smoke rises vertically,No effect on count,9,14,1,0,7.14,True
CHOH-1044|2018-07-10|V2,CHOH,Chesapeake & Ohio Canal National Historical Park,Forest,False,CHOH-1044,CHOH 14,2018-07-10,2,Elizabeth Oswald,2018-07,July,28,64,5,Early (5-6am),10.0,18.7999992370605,76.6999969482422,15-20C,60-80%,Partly Cloudy,Light air movement (1-3 mph) smoke drifts,No effect on count,12,15,0,0,0.0,False
CHOH-1045|2018-06-12|V1,CHOH,Chesapeake & Ohio Canal National Historical Park,Forest,False,CHOH-1045,CHOH 14,2018-06-12,1,Brian Swimelar,2018-06,June,24,36,8,Mid (7-8am),10.0,15.1000003814697,79.6999969482422,15-20C,60-80%,Clear or Few Clouds,Light air movement (1-3 mph) smoke drifts,Slight effect on count,6,6,1,0,16.67,True
CHOH-1045|2018-07-10|V2,CHOH,Chesapeake & Ohio Canal National Historical Park,Forest,False,CHOH-1045,CHOH 14,2018-07-10,2,Elizabeth Oswald,2018-07,July,28,64,6,Early (5-6am),10.0,19.5,78.8000030517578,15-20C,60-80%,Partly Cloudy,Light air movement (1-3 mph) smoke drifts,No effect on count,11,13,1,0,7.69,True
CHOH-1055|2018-06-12|V1,CHOH,Chesapeake & Ohio Canal National Historical Park,Forest,False,CHOH-1055,CHOH 14,2018-06-12,1,Brian Swimelar,2018-06,June,24,36,8,Mid (7-8am),10.0,17.0,83.6999969482422,15-20C,>80%,Clear or Few Clouds,Calm (< 1 mph) smoke rises vertically,No effect on count,8,9,0,0,0.0,False
CHOH-1055|2018-07-10|V2,CHOH,Chesapeake & Ohio Canal National Historical Park,Forest,False,CHOH-1055,CHOH 14,2018-07-10,2,Elizabeth Oswald,2018-07,July,28,64,6,Early (5-6am),10.0,18.3999996185303,84.0,15-20C,>80%,Clear or Few Clouds,Calm (< 1 mph) smoke rises vertically,No effect on count,10,11,0,1,0.0,False
CHOH-1063|2018-06-12|V1,CHOH,Chesapeake & Ohio Canal National Historical Park,Forest,False,CHOH-1063,CHOH 14,2018-06-12,1,Brian Swimelar,2018-06,June,24,36,9,Late (9-10am),10.0,16.5,80.9000015258789,15-20C,>80%,Partly Cloudy,Light air movement (1-3 mph) smoke drifts,No effect on count,9,9,0,0,0.0,False
CHOH-1063|2018-07-10|V2,CHOH,Chesapeake & Ohio Canal National Historical Park,Forest,False,CHOH-1063,CHOH 14,2018-07-10,2,Elizabeth Oswald,2018-07,July,28,64,6,Early (5-6am),10.0,19.1000003814697,85.3000030517578,15-20C,>80%,Clear or Few Clouds,Light air movement (1-3 mph) smoke drifts,No effect on count,9,14,0,0,0.0,False
CHOH-1081|2018-06-12|V1,CHOH,Chesapeake & Ohio Canal National Historical Park,Forest,False,CHOH-1081,CHOH 14,2018-06-12,1,Kimberly Serno,2018-06,June,24,36,5,Early (5-6am),10.0,19.8999996185303,68.5,15-20C,60-80%,Partly Cloudy,Light air movement (1-3 mph) smoke drifts,Slight effect on count,15,20,0,0,0.0,False
CHOH-1081|2018-07-10|V2,CHOH,Chesapeake & Ohio Canal National Historical Park,Forest,False,CHOH-1081,CHOH 14,2018-07-10,2,Elizabeth Oswald,2018-07,July,28,64,7,Mid (7-8am),10.0,19.2999992370605,81.5,15-20C,>80%,Clear or Few Clouds,Light air movement (1-3 mph) smoke drifts,No effect on count,13,18,0,0,0.0,False
CHOH-1111|2018-06-12|V1,CHOH,Chesapeake & Ohio Canal National Historical Park,Forest,False,CHOH-1111,CHOH 14,2018-06-12,1,Kimberly Serno,2018-06,June,24,36,7,Mid (7-8am),10.0,16.5,75.5,15-20C,60-80%,Partly Cloudy,Light air movement (1-3 mph) smoke drifts,No effect on count,9,12,0,0,0.0,False
CHOH-1111|2018-07-10|V2,CHOH,Chesapeake & Ohio Canal National Historical Park,Forest,False,CHOH-1111,CHOH 14,2018-07-10,2,Elizabeth Oswald,2018-07,July,28,64,8,Mid (7-8am),10.0,20.7999992370605,83.5999984741211,20-25C,>80%,Clear or Few Clouds,Light air movement (1-3 mph) smoke drifts,No effect on count,14,18,2,0,11.11,True
CHOH-1124|2018-06-12|V1,CHOH,Chesapeake & Ohio Canal National Historical Park,Forest,False,CHOH-1124,CHOH 14,2018-06-12,1,Kimberly Serno,2018-06,June,24,36,7,Mid (7-8am),10.0,16.0,77.3000030517578,15-20C,60-80%,Partly Cloudy,Light air movement (1-3 mph) smoke drifts,No effect on count,8,11,2,0,18.18,True
CHOH-1124|2018-07-10|V2,CHOH,Chesapeake & Ohio Canal National Historical Park,Forest,False,CHOH-1124,CHOH 14,2018-07-10,2,Elizabeth Oswald,2018-07,July,28,64,8,Mid (7-8am),10.0,21.1000003814697,85.0,20-25C,>80%,Clear or Few Clouds,Light air movement (1-3 mph) smoke drifts,No effect on count,10,11,1,0,9.09,True
CHOH-1136|2018-06-12|V1,CHOH,Chesapeake & Ohio Canal National Historical Park,Forest,False,CHOH-1136,CHOH 14,2018-06-12,1,Kimberly Serno,2018-06,June,24,36,8,Mid (7-8am),10.0,16.7999992370605,81.0999984741211,15-20C,>80%,Partly Cloudy,Light breeze (4-7 mph) wind felt on face,Slight effect on count,8,9,0,0,0.0,False
CHOH-1136|2018-07-10|V2,CHOH,Chesapeake & Ohio Canal National Historical Park,Forest,False,CHOH-1136,CHOH 14,2018-07-10,2,Elizabeth Oswald,2018-07,July,28,64,9,Late (9-10am),10.0,23.2999992370605,78.8000030517578,20-25C,60-80%,Clear or Few Clouds,Light breeze (4-7 mph) wind felt on face,No effect on count,8,9,1,0,11.11,True
CHOH-1143|2018-06-12|V1,CHOH,Chesapeake & Ohio Canal National Historical Park,Forest,False,CHOH-1143,CHOH 14,2018-06-12,1,Kimberly Serno,2018-06,June,24,36,8,Mid (7-8am),10.0,16.5,80.1999969482422,15-20C,>80%,Partly Cloudy,Light air movement (1-3 mph) smoke drifts,Slight effect on count,11,12,1,0,8.33,True
CHOH-1143|2018-07-10|V2,CHOH,Chesapeake & Ohio Canal National Historical Park,Forest,False,CHOH-1143,CHOH 14,2018-07-10,2,Elizabeth Oswald,2018-07,July,28,64,9,Late (9-10am),10.0,23.1000003814697,80.5999984741211,20-25C,>80%,Clear or Few Clouds,Light air movement (1-3 mph) smoke drifts,No effect on count,13,15,1,0,6.67,True
CHOH-1148|2018-06-12|V1,CHOH,Chesapeake & Ohio Canal National Historical Park,Forest,False,CHOH-1148,CHOH 1,2018-06-12,1,Kimberly Serno,2018-06,June,24,36,9,Late (9-10am),10.0,20.3999996185303,73.5,20-25C,60-80%,Partly Cloudy,Light air movement (1-3 mph) smoke drifts,Slight effect on count,16,18,0,0,0.0,False
CHOH-1148|2018-07-10|V2,CHOH,Chesapeake & Ohio Canal National Historical Park,Forest,False,CHOH-1148,CHOH 1,2018-07-10,2,Elizabeth Oswald,2018-07,July,28,64,10,Late (9-10am),10.0,23.7000007629395,79.6999969482422,20-25C,60-80%,Clear or Few Clouds,Light air movement (1-3 mph) smoke drifts,No effect on count,9,14,0,0,0.0,False
CHOH-1183|2018-06-13|V1,CHOH,Chesapeake & Ohio Canal National Historical Park,Forest,False,CHOH-1183,CHOH 15,2018-06-13,1,Kimberly Serno,2018-06,June,24,37,7,Mid (7-8am),10.0,21.7999992370605,78.5999984741211,20-25C,60-80%,Cloudy/Overcast,Light air movement (1-3 mph) smoke drifts,Slight effect on count,9,10,0,0,0.0,False
CHOH-1183|2018-07-10|V2,CHOH,Chesapeake & Ohio Canal National Historical Park,Forest,False,CHOH-1183,CHOH 15,2018-07-10,2,Brian Swimelar,2018-07,July,28,64,8,Mid (7-8am),10.0,23.5,66.0999984741211,20-25C,60-80%,Clear or Few Clouds,Light air movement (1-3 mph) smoke drifts,No effect on count,8,10,0,0,0.0,False
CHOH-1186|2018-06-13|V1,CHOH,Chesapeake & Ohio Canal National Historical Park,Forest,False,CHOH-1186,CHOH 15,2018-06-13,1,Kimberly Serno,2018-06,June,24,37,7,Mid (7-8am),10.0,22.0,84.1999969482422,20-25C,>80%,Cloudy/Overcast,Calm (< 1 mph) smoke rises vertically,No effect on count,12,16,0,0,0.0,False
CHOH-1186|2018-07-10|V2,CHOH,Chesapeake & Ohio Canal National Historical Park,Forest,False,CHOH-1186,CHOH 15,2018-07-10,2,Brian Swimelar,2018-07,July,28,64,7,Mid (7-8am),10.0,23.7000007629395,70.0,20-25C,60-80%,Clear or Few Clouds,Light air movement (1-3 mph) smoke drifts,No effect on count,11,12,0,0,0.0,False
CHOH-1191|2018-06-13|V1,CHOH,Chesapeake & Ohio Canal National Historical Park,Forest,False,CHOH-1191,CHOH 15,2018-06-13,1,Kimberly Serno,2018-06,June,24,37,8,Mid (7-8am),10.0,21.8999996185303,80.5,20-25C,>80%,Cloudy/Overcast,Light air movement (1-3 mph) smoke drifts,No effect on count,9,12,0,0,0.0,False
CHOH-1191|2018-07-10|V2,CHOH,Chesapeake & Ohio Canal National Historical Park,Forest,False,CHOH-1191,CHOH 15,2018-07-10,2,Brian Swimelar,2018-07,July,28,64,8,Mid (7-8am),10.0,23.5,66.0999984741211,20-25C,60-80%,Clear or Few Clouds,Calm (< 1 mph) smoke rises vertically,No effect on count,11,12,0,0,0.0,False
CHOH-1196|2018-06-13|V1,CHOH,Chesapeake & Ohio Canal National Historical Park,Forest,False,CHOH-1196,CHOH 15,2018-06-13,1,Kimberly Serno,2018-06,June,24,37,8,Mid (7-8am),10.0,22.1000003814697,81.5,20-25C,>80%,Cloudy/Overcast,Light air movement (1-3 mph) smoke drifts,Slight effect on count,7,13,0,0,0.0,False
CHOH-1196|2018-07-10|V2,CHOH,Chesapeake & Ohio Canal National Historical Park,Forest,False,CHOH-1196,CHOH 15,2018-07-10,2,Brian Swimelar,2018-07,July,28,64,8,Mid (7-8am),10.0,23.5,66.0999984741211,20-25C,60-80%,Clear or Few Clouds,Calm (< 1 mph) smoke rises vertically,No effect on count,5,10,0,0,0.0,False
CHOH-1197|2018-06-13|V1,CHOH,Chesapeake & Ohio Canal National Historical Park,Forest,False,CHOH-1197,CHOH 15,2018-06-13,1,Kimberly Serno,2018-06,June,24,37,6,Early (5-6am),10.0,21.3999996185303,78.0999984741211,20-25C,60-80%,Cloudy/Overcast,Calm (< 1 mph) smoke rises vertically,No effect on count,9,12,0,0,0.0,False
CHOH-1197|2018-07-10|V2,CHOH,Chesapeake & Ohio Canal National Historical Park,Forest,False,CHOH-1197,CHOH 15,2018-07-10,2,Brian Swimelar,2018-07,July,28,64,6,Early (5-6am),10.0,23.7000007629395,73.3000030517578,20-25C,60-80%,Clear or Few Clouds,Light air movement (1-3 mph) smoke drifts,No effect on count,10,13,0,0,0.0,False
CHOH-1201|2018-06-13|V1,CHOH,Chesapeake & Ohio Canal National Historical Park,Forest,False,CHOH-1201,CHOH 15,2018-06-13,1,Kimberly Serno,2018-06,June,24,37,6,Early (5-6am),10.0,21.2999992370605,76.1999969482422,20-25C,60-80%,Cloudy/Overcast,Calm (< 1 mph) smoke rises vertically,Slight effect on count,10,13,0,0,0.0,False
CHOH-1201|2018-07-10|V2,CHOH,Chesapeake & Ohio Canal National Historical Park,Forest,False,CHOH-1201,CHOH 15,2018-07-10,2,Brian Swimelar,2018-07,July,28,64,6,Early (5-6am),10.0,23.7000007629395,73.3000030517578,20-25C,60-80%,Clear or Few Clouds,Light air movement (1-3 mph) smoke drifts,No effect on count,7,9,0,0,0.0,False
CHOH-1211|2018-06-13|V1,CHOH,Chesapeake & Ohio Canal National Historical Park,Forest,False,CHOH-1211,CHOH 15,2018-06-13,1,Kimberly Serno,2018-06,June,24,37,9,Late (9-10am),10.0,22.7000007629395,76.9000015258789,20-25C,60-80%,Cloudy/Overcast,Light breeze (4-7 mph) wind felt on face,No effect on count,9,11,0,0,0.0,False
CHOH-1211|2018-07-10|V2,CHOH,Chesapeake & Ohio Canal National Historical Park,Forest,False,CHOH-1211,CHOH 15,2018-07-10,2,Brian Swimelar,2018-07,July,28,64,9,Late (9-10am),10.0,24.1000003814697,65.0,20-25C,60-80%,Clear or Few Clouds,Calm (< 1 mph) smoke rises vertically,No effect on count,5,5,0,0,0.0,False
CHOH-1217|2018-06-13|V1,CHOH,Chesapeake & Ohio Canal National Historical Park,Forest,False,CHOH-1217,CHOH 16,2018-06-13,1,Elizabeth Oswald,2018-06,June,24,37,6,Early (5-6am),10.0,20.5,81.8000030517578,20-25C,>80%,Cloudy/Overcast,Light breeze (4-7 mph) wind felt on face,Slight effect on count,15,16,0,0,0.0,False
CHOH-1217|2018-07-10|V2,CHOH,Chesapeake & Ohio Canal National Historical Park,Forest,False,CHOH-1217,CHOH 16,2018-07-10,2,Kimberly Serno,2018-07,July,28,64,6,Early (5-6am),10.0,21.1000003814697,72.1999969482422,20-25C,60-80%,Clear or Few Clouds,Light air movement (1-3 mph) smoke drifts,Slight effect on count,8,12,0,0,0.0,False
CHOH-1223|2018-06-13|V1,CHOH,Chesapeake & Ohio Canal National Historical Park,Forest,False,CHOH-1223,CHOH 16,2018-06-13,1,Elizabeth Oswald,2018-06,June,24,37,6,Early (5-6am),10.0,20.6000003814697,82.6999969482422,20-25C,>80%,Cloudy/Overcast,Light breeze (4-7 mph) wind felt on face,Slight effect on count,8,9,0,0,0.0,False
CHOH-1223|2018-07-10|V2,CHOH,Chesapeake & Ohio Canal National Historical Park,Forest,False,CHOH-1223,CHOH 16,2018-07-10,2,Kimberly Serno,2018-07,July,28,64,6,Early (5-6am),10.0,20.0,75.9000015258789,15-20C,60-80%,Clear or Few Clouds,Light air movement (1-3 mph) smoke drifts,No effect on count,7,11,0,0,0.0,False
CHOH-1226|2018-06-13|V1,CHOH,Chesapeake & Ohio Canal National Historical Park,Forest,False,CHOH-1226,CHOH 16,2018-06-13,1,Elizabeth Oswald,2018-06,June,24,37,7,Mid (7-8am),10.0,20.8999996185303,82.8000030517578,20-25C,>80%,Cloudy/Overcast,Light breeze (4-7 mph) wind felt on face,Slight effect on count,10,11,0,0,0.0,False
CHOH-1226|2018-07-10|V2,CHOH,Chesapeake & Ohio Canal National Historical Park,Forest,False,CHOH-1226,CHOH 16,2018-07-10,2,Kimberly Serno,2018-07,July,28,64,7,Mid (7-8am),10.0,20.6000003814697,75.5,20-25C,60-80%,Partly Cloudy,Light air movement (1-3 mph) smoke drifts,Slight effect on count,11,14,0,0,0.0,False
CHOH-1235|2018-06-13|V1,CHOH,Chesapeake & Ohio Canal National Historical Park,Forest,False,CHOH-1235,CHOH 17,2018-06-13,1,Elizabeth Oswald,2018-06,June,24,37,7,Mid (7-8am),10.0,20.7999992370605,85.4000015258789,20-25C,>80%,Cloudy/Overcast,Light breeze (4-7 mph) wind felt on face,No effect on count,10,12,0,0,0.0,False
CHOH-1235|2018-07-10|V2,CHOH,Chesapeake & Ohio Canal National Historical Park,Forest,False,CHOH-1235,CHOH 17,2018-07-10,2,Kimberly Serno,2018-07,July,28,64,7,Mid (7-8am),10.0,20.7999992370605,77.0,20-25C,60-80%,Partly Cloudy,Light air movement (1-3 mph) smoke drifts,Slight effect on count,14,15,0,0,0.0,False
CHOH-1241|2018-06-13|V1,CHOH,Chesapeake & Ohio Canal National Historical Park,Forest,False,CHOH-1241,CHOH 17,2018-06-13,1,Elizabeth Oswald,2018-06,June,24,37,7,Mid (7-8am),10.0,20.3999996185303,85.3000030517578,20-25C,>80%,Cloudy/Overcast,"Gentle breeze (8-12 mph), leaves in motion",No effect on count,6,8,0,0,0.0,False
CHOH-1241|2018-07-10|V2,CHOH,Chesapeake & Ohio Canal National Historical Park,Forest,False,CHOH-1241,CHOH 17,2018-07-10,2,Kimberly Serno,2018-07,July,28,64,7,Mid (7-8am),10.0,21.1000003814697,77.0999984741211,20-25C,60-80%,Partly Cloudy,Light air movement (1-3 mph) smoke drifts,Slight effect on count,9,14,0,0,0.0,False
CHOH-1256|2018-06-13|V1,CHOH,Chesapeake & Ohio Canal National Historical Park,Forest,False,CHOH-1256,CHOH 18,2018-06-13,1,Elizabeth Oswald,2018-06,June,24,37,8,Mid (7-8am),10.0,21.0,84.0999984741211,20-25C,>80%,Cloudy/Overcast,"Gentle breeze (8-12 mph), leaves in motion",Slight effect on count,11,13,0,1,0.0,False
CHOH-1256|2018-07-10|V2,CHOH,Chesapeake & Ohio Canal National Historical Park,Forest,False,CHOH-1256,CHOH 18,2018-07-10,2,Kimberly Serno,2018-07,July,28,64,8,Mid (7-8am),10.0,21.7999992370605,82.8000030517578,20-25C,>80%,Clear or Few Clouds,Light air movement (1-3 mph) smoke drifts,Slight effect on count,6,7,0,0,0.0,False
CHOH-1319|2018-06-13|V1,CHOH,Chesapeake & Ohio Canal National Historical Park,Forest,False,CHOH-1319,CHOH 18,2018-06-13,1,Elizabeth Oswald,2018-06,June,24,37,9,Late (9-10am),10.0,22.7999992370605,84.0999984741211,20-25C,>80%,Partly Cloudy,Light breeze (4-7 mph) wind felt on face,Slight effect on count,13,16,0,2,0.0,False
CHOH-1319|2018-07-10|V2,CHOH,Chesapeake & Ohio Canal National Historical Park,Forest,False,CHOH-1319,CHOH 18,2018-07-10,2,Kimberly Serno,2018-07,July,28,64,8,Mid (7-8am),10.0,23.2999992370605,78.5,20-25C,60-80%,Clear or Few Clouds,Light air movement (1-3 mph) smoke drifts,No effect on count,10,11,0,0,0.0,False
CHOH-1328|2018-06-13|V1,CHOH,Chesapeake & Ohio Canal National Historical Park,Forest,False,CHOH-1328,CHOH 18,2018-06-13,1,Elizabeth Oswald,2018-06,June,24,37,9,Late (9-10am),10.0,25.2999992370605,76.4000015258789,25-30C,60-80%,Partly Cloudy,Light breeze (4-7 mph) wind felt on face,Slight effect on count,12,12,1,0,8.33,True
CHOH-1328|2018-07-10|V2,CHOH,Chesapeake & Ohio Canal National Historical Park,Forest,False,CHOH-1328,CHOH 18,2018-07-10,2,Kimberly Serno,2018-07,July,28,64,9,Late (9-10am),10.0,24.2999992370605,74.4000015258789,20-25C,60-80%,Clear or Few Clouds,Light air movement (1-3 mph) smoke drifts,Slight effect on count,10,14,0,0,0.0,False
CHOH-1336|2018-05-29|V1,CHOH,Chesapeake & Ohio Canal National Historical Park,Forest,False,CHOH-1336,GWMP 2,2018-05-29,1,Kimberly Serno,2018-05,May,22,22,6,Early (5-6am),10.0,22.5,83.4000015258789,20-25C,>80%,Fog,Calm (< 1 mph) smoke rises vertically,Slight effect on count,14,19,0,5,0.0,False
CHOH-1336|2018-06-29|V2,CHOH,Chesapeake & Ohio Canal National Historical Park,Forest,False,CHOH-1336,GWMP 2,2018-06-29,2,Brian Swimelar,2018-06,June,26,53,6,Early (5-6am),10.0,25.1000003814697,71.3000030517578,25-30C,60-80%,Partly Cloudy,Light air movement (1-3 mph) smoke drifts,No effect on count,7,14,0,2,0.0,False
CHOH-1342|2018-05-29|V1,CHOH,Chesapeake & Ohio Canal National Historical Park,Forest,False,CHOH-1342,GWMP 3,2018-05-29,1,Elizabeth Oswald,2018-05,May,22,22,5,Early (5-6am),10.0,23.7999992370605,77.0,20-25C,60-80%,Cloudy/Overcast,Light air movement (1-3 mph) smoke drifts,Slight effect on count,13,13,0,0,0.0,False
CHOH-1342|2018-06-29|V2,CHOH,Chesapeake & Ohio Canal National Historical Park,Forest,False,CHOH-1342,GWMP 3,2018-06-29,2,Kimberly Serno,2018-06,June,26,53,5,Early (5-6am),10.0,22.8999996185303,79.4000015258789,20-25C,60-80%,Partly Cloudy,Light air movement (1-3 mph) smoke drifts,Slight effect on count,7,8,0,0,0.0,False
CHOH-1343|2018-05-29|V1,CHOH,Chesapeake & Ohio Canal National Historical Park,Forest,False,CHOH-1343,GWMP 3,2018-05-29,1,Elizabeth Oswald,2018-05,May,22,22,6,Early (5-6am),10.0,21.8999996185303,85.6999969482422,20-25C,>80%,Cloudy/Overcast,Calm (< 1 mph) smoke rises vertically,Moderate effect on count,7,8,0,0,0.0,False
CHOH-1343|2018-06-29|V2,CHOH,Chesapeake & Ohio Canal National Historical Park,Forest,False,CHOH-1343,GWMP 3,2018-06-29,2,Kimberly Serno,2018-06,June,26,53,6,Early (5-6am),10.0,23.3999996185303,76.0999984741211,20-25C,60-80%,Partly Cloudy,Light air movement (1-3 mph) smoke drifts,Slight effect on count,6,11,0,0,0.0,False
CHOH-1350|2018-05-29|V1,CHOH,Chesapeake & Ohio Canal National Historical Park,Forest,False,CHOH-1350,GWMP 3,2018-05-29,1,Elizabeth Oswald,2018-05,May,22,22,6,Early (5-6am),10.0,21.7999992370605,87.8000030517578,20-25C,>80%,Cloudy/Overcast,Light air movement (1-3 mph) smoke drifts,Slight effect on count,8,9,0,0,0.0,False
CHOH-1350|2018-06-29|V2,CHOH,Chesapeake & Ohio Canal National Historical Park,Forest,False,CHOH-1350,GWMP 3,2018-06-29,2,Kimberly Serno,2018-06,June,26,53,6,Early (5-6am),10.0,24.2000007629395,72.9000015258789,20-25C,60-80%,Partly Cloudy,Light air movement (1-3 mph) smoke drifts,Slight effect on count,12,13,0,0,0.0,False
CHOH-1388|2018-05-29|V1,CHOH,Chesapeake & Ohio Canal National Historical Park,Forest,False,CHOH-1388,GWMP 4,2018-05-29,1,Brian Swimelar,2018-05,May,22,22,6,Early (5-6am),10.0,19.2999992370605,86.8000030517578,15-20C,>80%,Fog,Calm (< 1 mph) smoke rises vertically,Serious effect on count,5,7,0,1,0.0,False
CHOH-1388|2018-06-29|V2,CHOH,Chesapeake & Ohio Canal National Historical Park,Forest,False,CHOH-1388,GWMP 4,2018-06-29,2,Elizabeth Oswald,2018-06,June,26,53,6,Early (5-6am),10.0,22.0,77.3000030517578,20-25C,60-80%,Partly Cloudy,Light air movement (1-3 mph) smoke drifts,Moderate effect on count,6,8,0,2,0.0,False
GWMP-0008|2018-05-30|V1,GWMP,George Washington Memorial Parkway,Forest,False,GWMP-0008,GWMP 1,2018-05-30,1,Brian Swimelar,2018-05,May,22,23,5,Early (5-6am),10.0,23.0,76.9000015258789,20-25C,60-80%,Clear or Few Clouds,Calm (< 1 mph) smoke rises vertically,Slight effect on count,5,10,2,0,20.0,True
GWMP-0008|2018-06-30|V2,GWMP,George Washington Memorial Parkway,Forest,False,GWMP-0008,GWMP 1,2018-06-30,2,Elizabeth Oswald,2018-06,June,26,54,5,Early (5-6am),10.0,21.0,75.8000030517578,20-25C,60-80%,Partly Cloudy,Light air movement (1-3 mph) smoke drifts,No effect on count,10,13,1,0,7.69,True
GWMP-0019|2018-05-30|V1,GWMP,George Washington Memorial Parkway,Forest,False,GWMP-0019,GWMP 1,2018-05-30,1,Brian Swimelar,2018-05,May,22,23,6,Early (5-6am),11.0,22.5,82.0999984741211,20-25C,>80%,Cloudy/Overcast,Calm (< 1 mph) smoke rises vertically,No effect on count,4,6,0,0,0.0,False
GWMP-0019|2018-06-30|V2,GWMP,George Washington Memorial Parkway,Forest,False,GWMP-0019,GWMP 1,2018-06-30,2,Elizabeth Oswald,2018-06,June,26,54,6,Early (5-6am),10.0,21.2000007629395,81.9000015258789,20-25C,>80%,Clear or Few Clouds,Light breeze (4-7 mph) wind felt on face,Slight effect on count,5,5,1,0,20.0,True
GWMP-0040|2018-05-30|V1,GWMP,George Washington Memorial Parkway,Forest,False,GWMP-0040,GWMP 1,2018-05-30,1,Brian Swimelar,2018-05,May,22,23,6,Early (5-6am),10.0,22.5,84.5,20-25C,>80%,Cloudy/Overcast,Calm (< 1 mph) smoke rises vertically,Moderate effect on count,5,6,0,1,0.0,False
GWMP-0040|2018-06-30|V2,GWMP,George Washington Memorial Parkway,Forest,False,GWMP-0040,GWMP 1,2018-06-30,2,Elizabeth Oswald,2018-06,June,26,54,7,Mid (7-8am),10.0,23.6000003814697,80.5999984741211,20-25C,>80%,Clear or Few Clouds,Light breeze (4-7 mph) wind felt on face,Serious effect on count,3,4,0,0,0.0,False
GWMP-0045|2018-05-29|V1,CHOH,Chesapeake & Ohio Canal National Historical Park,Forest,False,GWMP-0045,GWMP 2,2018-05-29,1,Kimberly Serno,2018-05,May,22,22,8,Mid (7-8am),10.0,21.8999996185303,84.6999969482422,20-25C,>80%,Cloudy/Overcast,Calm (< 1 mph) smoke rises vertically,Slight effect on count,9,10,1,0,10.0,True
GWMP-0045|2018-06-29|V2,CHOH,Chesapeake & Ohio Canal National Historical Park,Forest,False,GWMP-0045,GWMP 2,2018-06-29,2,Brian Swimelar,2018-06,June,26,53,8,Mid (7-8am),10.0,26.1000003814697,89.3000030517578,25-30C,>80%,Partly Cloudy,Calm (< 1 mph) smoke rises vertically,No effect on count,7,9,0,0,0.0,False
GWMP-0054|2018-05-29|V1,CHOH,Chesapeake & Ohio Canal National Historical Park,Forest,False,GWMP-0054,GWMP 2,2018-05-29,1,Kimberly Serno,2018-05,May,22,22,7,Mid (7-8am),10.0,21.8999996185303,83.8000030517578,20-25C,>80%,Cloudy/Overcast,Light air movement (1-3 mph) smoke drifts,Slight effect on count,9,14,2,0,14.29,True
GWMP-0054|2018-06-29|V2,CHOH,Chesapeake & Ohio Canal National Historical Park,Forest,False,GWMP-0054,GWMP 2,2018-06-29,2,Brian Swimelar,2018-06,June,26,53,8,Mid (7-8am),10.0,23.2000007629395,80.5999984741211,20-25C,>80%,Partly Cloudy,Light air movement (1-3 mph) smoke drifts,No effect on count,5,6,0,0,0.0,False
GWMP-0055|2018-05-29|V1,CHOH,Chesapeake & Ohio Canal National Historical Park,Forest,False,GWMP-0055,GWMP 2,2018-05-29,1,Kimberly Serno,2018-05,May,22,22,8,Mid (7-8am),10.0,22.7000007629395,88.0,20-25C,>80%,Cloudy/Overcast,Light air movement (1-3 mph) smoke drifts,No effect on count,8,8,0,0,0.0,False
GWMP-0055|2018-06-29|V2,CHOH,Chesapeake & Ohio Canal National Historical Park,Forest,False,GWMP-0055,GWMP 2,2018-06-29,2,Brian Swimelar,2018-06,June,26,53,9,Late (9-10am),10.0,27.2000007629395,83.6999969482422,25-30C,>80%,Partly Cloudy,Calm (< 1 mph) smoke rises vertically,Slight effect on count,6,7,0,0,0.0,False
GWMP-0057|2018-05-30|V1,GWMP,George Washington Memorial Parkway,Forest,False,GWMP-0057,GWMP 1,2018-05-30,1,Brian Swimelar,2018-05,May,22,23,8,Mid (7-8am),10.0,23.1000003814697,81.5,20-25C,>80%,Cloudy/Overcast,Calm (< 1 mph) smoke rises vertically,Slight effect on count,7,7,0,1,0.0,False
GWMP-0057|2018-06-30|V2,GWMP,George Washington Memorial Parkway,Forest,False,GWMP-0057,GWMP 1,2018-06-30,2,Elizabeth Oswald,2018-06,June,26,54,9,Late (9-10am),10.0,24.8999996185303,84.5999984741211,20-25C,>80%,Clear or Few Clouds,Calm (< 1 mph) smoke rises vertically,Slight effect on count,10,14,1,0,7.14,True
GWMP-0058|2018-05-30|V1,GWMP,George Washington Memorial Parkway,Forest,False,GWMP-0058,GWMP 1,2018-05-30,1,Brian Swimelar,2018-05,May,22,23,8,Mid (7-8am),10.0,23.2999992370605,83.6999969482422,20-25C,>80%,Cloudy/Overcast,Light air movement (1-3 mph) smoke drifts,Moderate effect on count,5,6,0,0,0.0,False
GWMP-0058|2018-06-30|V2,GWMP,George Washington Memorial Parkway,Forest,False,GWMP-0058,GWMP 1,2018-06-30,2,Elizabeth Oswald,2018-06,June,26,54,8,Mid (7-8am),10.0,24.2999992370605,84.9000015258789,20-25C,>80%,Clear or Few Clouds,Calm (< 1 mph) smoke rises vertically,No effect on count,12,13,0,0,0.0,False
GWMP-0059|2018-05-30|V1,GWMP,George Washington Memorial Parkway,Forest,False,GWMP-0059,GWMP 1,2018-05-30,1,Brian Swimelar,2018-05,May,22,23,7,Mid (7-8am),10.0,22.5,84.5,20-25C,>80%,Cloudy/Overcast,Calm (< 1 mph) smoke rises vertically,Slight effect on count,11,13,0,1,0.0,False
GWMP-0059|2018-06-30|V2,GWMP,George Washington Memorial Parkway,Forest,False,GWMP-0059,GWMP 1,2018-06-30,2,Elizabeth Oswald,2018-06,June,26,54,7,Mid (7-8am),10.0,24.5,78.0999984741211,20-25C,60-80%,Clear or Few Clouds,Calm (< 1 mph) smoke rises vertically,No effect on count,14,15,0,0,0.0,False
GWMP-0062|2018-05-29|V1,CHOH,Chesapeake & Ohio Canal National Historical Park,Forest,False,GWMP-0062,GWMP 2,2018-05-29,1,Kimberly Serno,2018-05,May,22,22,7,Mid (7-8am),10.0,22.2000007629395,82.0,20-25C,>80%,Cloudy/Overcast,Light air movement (1-3 mph) smoke drifts,No effect on count,10,13,0,1,0.0,False
GWMP-0062|2018-06-29|V2,CHOH,Chesapeake & Ohio Canal National Historical Park,Forest,False,GWMP-0062,GWMP 2,2018-06-29,2,Brian Swimelar,2018-06,June,26,53,7,Mid (7-8am),10.0,24.6000003814697,79.5,20-25C,60-80%,Partly Cloudy,Light air movement (1-3 mph) smoke drifts,No effect on count,8,8,0,0,0.0,False
GWMP-0072|2018-05-29|V1,CHOH,Chesapeake & Ohio Canal National Historical Park,Forest,False,GWMP-0072,GWMP 2,2018-05-29,1,Kimberly Serno,2018-05,May,22,22,6,Early (5-6am),10.0,22.3999996185303,80.6999969482422,20-25C,>80%,Cloudy/Overcast,Calm (< 1 mph) smoke rises vertically,No effect on count,9,10,0,0,0.0,False
GWMP-0072|2018-06-29|V2,CHOH,Chesapeake & Ohio Canal National Historical Park,Forest,False,GWMP-0072,GWMP 2,2018-06-29,2,Brian Swimelar,2018-06,June,26,53,6,Early (5-6am),10.0,26.2999992370605,76.5999984741211,25-30C,60-80%,Cloudy/Overcast,Calm (< 1 mph) smoke rises vertically,No effect on count,11,11,0,0,0.0,False
GWMP-0080|2018-05-29|V1,CHOH,Chesapeake & Ohio Canal National Historical Park,Forest,False,GWMP-0080,GWMP 2,2018-05-29,1,Kimberly Serno,2018-05,May,22,22,5,Early (5-6am),10.0,22.2000007629395,79.6999969482422,20-25C,60-80%,Cloudy/Overcast,Calm (< 1 mph) smoke rises vertically,No effect on count,5,7,0,0,0.0,False
GWMP-0080|2018-06-29|V2,CHOH,Chesapeake & Ohio Canal National Historical Park,Forest,False,GWMP-0080,GWMP 2,2018-06-29,2,Brian Swimelar,2018-06,June,26,53,6,Early (5-6am),10.0,26.2999992370605,76.5999984741211,25-30C,60-80%,Partly Cloudy,Light air movement (1-3 mph) smoke drifts,No effect on count,6,8,0,0,0.0,False
GWMP-0086|2018-05-30|V1,GWMP,George Washington Memorial Parkway,Forest,False,GWMP-0086,GWMP 1,2018-05-30,1,Brian Swimelar,2018-05,May,22,23,7,Mid (7-8am),10.0,23.2000007629395,84.5999984741211,20-25C,>80%,Cloudy/Overcast,Calm (< 1 mph) smoke rises vertically,No effect on count,6,10,0,0,0.0,False
GWMP-0086|2018-06-30|V2,GWMP,George Washington Memorial Parkway,Forest,False,GWMP-0086,GWMP 1,2018-06-30,2,Elizabeth Oswald,2018-06,June,26,54,8,Mid (7-8am),10.0,23.3999996185303,82.9000015258789,20-25C,>80%,Clear or Few Clouds,Light air movement (1-3 mph) smoke drifts,No effect on count,11,13,1,0,7.69,True
GWMP-0094|2018-05-29|V1,CHOH,Chesapeake & Ohio Canal National Historical Park,Forest,False,GWMP-0094,GWMP 3,2018-05-29,1,Elizabeth Oswald,2018-05,May,22,22,7,Mid (7-8am),10.0,22.3999996185303,86.6999969482422,20-25C,>80%,Cloudy/Overcast,Calm (< 1 mph) smoke rises vertically,Slight effect on count,14,17,0,0,0.0,False
GWMP-0094|2018-06-29|V2,CHOH,Chesapeake & Ohio Canal National Historical Park,Forest,False,GWMP-0094,GWMP 3,2018-06-29,2,Kimberly Serno,2018-06,June,26,53,7,Mid (7-8am),10.0,22.3999996185303,81.0999984741211,20-25C,>80%,Partly Cloudy,Light air movement (1-3 mph) smoke drifts,Slight effect on count,13,15,0,0,0.0,False
GWMP-0120|2018-05-29|V1,GWMP,George Washington Memorial Parkway,Forest,False,GWMP-0120,GWMP 4,2018-05-29,1,Brian Swimelar,2018-05,May,22,22,8,Mid (7-8am),10.0,21.8999996185303,83.0,20-25C,>80%,Cloudy/Overcast,Calm (< 1 mph) smoke rises vertically,Moderate effect on count,6,7,0,1,0.0,False
GWMP-0120|2018-06-29|V2,GWMP,George Washington Memorial Parkway,Forest,False,GWMP-0120,GWMP 4,2018-06-29,2,Elizabeth Oswald,2018-06,June,26,53,9,Late (9-10am),10.0,26.7000007629395,72.0,25-30C,60-80%,Clear or Few Clouds,Light breeze (4-7 mph) wind felt on face,Slight effect on count,12,14,0,0,0.0,False
GWMP-0129|2018-05-29|V1,GWMP,George Washington Memorial Parkway,Forest,False,GWMP-0129,GWMP 4,2018-05-29,1,Brian Swimelar,2018-05,May,22,22,9,Late (9-10am),10.0,22.2999992370605,84.0,20-25C,>80%,Cloudy/Overcast,Calm (< 1 mph) smoke rises vertically,Serious effect on count,6,10,0,0,0.0,False
GWMP-0129|2018-06-29|V2,GWMP,George Washington Memorial Parkway,Forest,False,GWMP-0129,GWMP 4,2018-06-29,2,Elizabeth Oswald,2018-06,June,26,53,8,Mid (7-8am),10.0,23.2000007629395,79.1999969482422,20-25C,60-80%,Clear or Few Clouds,Light breeze (4-7 mph) wind felt on face,Serious effect on count,7,7,0,0,0.0,False
GWMP-0139|2018-05-29|V1,GWMP,George Washington Memorial Parkway,Forest,False,GWMP-0139,GWMP 4,2018-05-29,1,Brian Swimelar,2018-05,May,22,22,7,Mid (7-8am),10.0,20.7999992370605,83.5999984741211,20-25C,>80%,Fog,Calm (< 1 mph) smoke rises vertically,Moderate effect on count,6,8,0,0,0.0,False
GWMP-0139|2018-06-29|V2,GWMP,George Washington Memorial Parkway,Forest,False,GWMP-0139,GWMP 4,2018-06-29,2,Elizabeth Oswald,2018-06,June,26,53,8,Mid (7-8am),10.0,23.6000003814697,82.5,20-25C,>80%,Clear or Few Clouds,Light breeze (4-7 mph) wind felt on face,Moderate effect on count,8,9,0,0,0.0,False
GWMP-0145|2018-05-29|V1,GWMP,George Washington Memorial Parkway,Forest,False,GWMP-0145,GWMP 4,2018-05-29,1,Brian Swimelar,2018-05,May,22,22,8,Mid (7-8am),10.0,21.8999996185303,83.0,20-25C,>80%,Cloudy/Overcast,Calm (< 1 mph) smoke rises vertically,Moderate effect on count,4,5,0,0,0.0,False
GWMP-0145|2018-06-29|V2,GWMP,George Washington Memorial Parkway,Forest,False,GWMP-0145,GWMP 4,2018-06-29,2,Elizabeth Oswald,2018-06,June,26,53,9,Late (9-10am),10.0,24.5,82.6999969482422,20-25C,>80%,Clear or Few Clouds,Light air movement (1-3 mph) smoke drifts,Moderate effect on count,6,6,0,0,0.0,False
GWMP-0173|2018-05-29|V1,GWMP,George Washington Memorial Parkway,Forest,False,GWMP-0173,GWMP 4,2018-05-29,1,Brian Swimelar,2018-05,May,22,22,6,Early (5-6am),10.0,21.7000007629395,82.0,20-25C,>80%,Fog,Calm (< 1 mph) smoke rises vertically,Moderate effect on count,6,8,0,0,0.0,False
GWMP-0173|2018-06-29|V2,GWMP,George Washington Memorial Parkway,Forest,False,GWMP-0173,GWMP 4,2018-06-29,2,Elizabeth Oswald,2018-06,June,26,53,6,Early (5-6am),10.0,22.2000007629395,85.6999969482422,20-25C,>80%,Partly Cloudy,Calm (< 1 mph) smoke rises vertically,Slight effect on count,7,10,0,0,0.0,False
GWMP-0200|2018-05-30|V1,GWMP,George Washington Memorial Parkway,Forest,False,GWMP-0200,GWMP 5,2018-05-30,1,Kimberly Serno,2018-05,May,22,23,7,Mid (7-8am),10.0,24.2999992370605,80.5999984741211,20-25C,>80%,Cloudy/Overcast,Light air movement (1-3 mph) smoke drifts,Serious effect on count,5,6,0,2,0.0,False
GWMP-0200|2018-06-30|V2,GWMP,George Washington Memorial Parkway,Forest,False,GWMP-0200,GWMP 5,2018-06-30,2,Brian Swimelar,2018-06,June,26,54,8,Mid (7-8am),10.0,25.2000007629395,73.5999984741211,25-30C,60-80%,Clear or Few Clouds,Light air movement (1-3 mph) smoke drifts,Serious effect on count,3,6,0,1,0.0,False
GWMP-0207|2018-05-30|V1,GWMP,George Washington Memorial Parkway,Forest,False,GWMP-0207,GWMP 5,2018-05-30,1,Kimberly Serno,2018-05,May,22,23,6,Early (5-6am),10.0,24.0,77.1999969482422,20-25C,60-80%,Cloudy/Overcast,Calm (< 1 mph) smoke rises vertically,Moderate effect on count,8,11,0,1,0.0,False
GWMP-0207|2018-06-30|V2,GWMP,George Washington Memorial Parkway,Forest,False,GWMP-0207,GWMP 5,2018-06-30,2,Brian Swimelar,2018-06,June,26,54,6,Early (5-6am),10.0,23.6000003814697,77.0,20-25C,60-80%,Clear or Few Clouds,Light air movement (1-3 mph) smoke drifts,Moderate effect on count,5,7,0,0,0.0,False
GWMP-0208|2018-05-30|V1,GWMP,George Washington Memorial Parkway,Forest,False,GWMP-0208,GWMP 5,2018-05-30,1,Kimberly Serno,2018-05,May,22,23,6,Early (5-6am),10.0,24.3999996185303,83.9000015258789,20-25C,>80%,Cloudy/Overcast,Calm (< 1 mph) smoke rises vertically,Moderate effect on count,9,10,0,1,0.0,False
GWMP-0208|2018-06-30|V2,GWMP,George Washington Memorial Parkway,Forest,False,GWMP-0208,GWMP 5,2018-06-30,2,Brian Swimelar,2018-06,June,26,54,6,Early (5-6am),10.0,24.3999996185303,77.5999984741211,20-25C,60-80%,Clear or Few Clouds,Calm (< 1 mph) smoke rises vertically,No effect on count,8,10,0,0,0.0,False
GWMP-0253|2018-05-30|V1,GWMP,George Washington Memorial Parkway,Forest,False,GWMP-0253,GWMP 6,2018-05-30,1,Elizabeth Oswald,2018-05,May,22,23,8,Mid (7-8am),10.0,24.2000007629395,81.6999969482422,20-25C,>80%,Cloudy/Overcast,Light air movement (1-3 mph) smoke drifts,Slight effect on count,8,10,0,1,0.0,False
GWMP-0253|2018-06-30|V2,GWMP,George Washington Memorial Parkway,Forest,False,GWMP-0253,GWMP 6,2018-06-30,2,Kimberly Serno,2018-06,June,26,54,7,Mid (7-8am),10.0,23.2000007629395,81.8000030517578,20-25C,>80%,Clear or Few Clouds,Calm (< 1 mph) smoke rises vertically,Moderate effect on count,8,12,0,0,0.0,False
GWMP-0254|2018-05-30|V1,GWMP,George Washington Memorial Parkway,Forest,False,GWMP-0254,GWMP 6,2018-05-30,1,Elizabeth Oswald,2018-05,May,22,23,8,Mid (7-8am),10.0,23.2000007629395,84.1999969482422,20-25C,>80%,Cloudy/Overcast,Light air movement (1-3 mph) smoke drifts,Moderate effect on count,7,9,0,0,0.0,False
GWMP-0254|2018-06-30|V2,GWMP,George Washington Memorial Parkway,Forest,False,GWMP-0254,GWMP 6,2018-06-30,2,Kimberly Serno,2018-06,June,26,54,8,Mid (7-8am),10.0,24.6000003814697,85.3000030517578,20-25C,>80%,Partly Cloudy,Calm (< 1 mph) smoke rises vertically,Moderate effect on count,6,10,0,0,0.0,False
GWMP-0256|2018-05-30|V1,GWMP,George Washington Memorial Parkway,Forest,False,GWMP-0256,GWMP 6,2018-05-30,1,Elizabeth Oswald,2018-05,May,22,23,8,Mid (7-8am),10.0,23.5,84.1999969482422,20-25C,>80%,Cloudy/Overcast,Light air movement (1-3 mph) smoke drifts,Slight effect on count,5,9,0,1,0.0,False
GWMP-0256|2018-06-30|V2,GWMP,George Washington Memorial Parkway,Forest,False,GWMP-0256,GWMP 6,2018-06-30,2,Kimberly Serno,2018-06,June,26,54,8,Mid (7-8am),10.0,26.8999996185303,78.4000015258789,25-30C,60-80%,Partly Cloudy,Calm (< 1 mph) smoke rises vertically,Moderate effect on count,5,8,0,0,0.0,False
GWMP-0286|2018-05-30|V1,GWMP,George Washington Memorial Parkway,Forest,False,GWMP-0286,GWMP 6,2018-05-30,1,Elizabeth Oswald,2018-05,May,22,23,7,Mid (7-8am),10.0,24.1000003814697,83.5,20-25C,>80%,Cloudy/Overcast,Light air movement (1-3 mph) smoke drifts,Slight effect on count,11,15,0,1,0.0,False
GWMP-0286|2018-06-30|V2,GWMP,George Washington Memorial Parkway,Forest,False,GWMP-0286,GWMP 6,2018-06-30,2,Kimberly Serno,2018-06,June,26,54,7,Mid (7-8am),10.0,22.5,81.5999984741211,20-25C,>80%,Clear or Few Clouds,Calm (< 1 mph) smoke rises vertically,Moderate effect on count,11,15,0,0,0.0,False
GWMP-0307|2018-05-30|V1,GWMP,George Washington Memorial Parkway,Forest,False,GWMP-0307,GWMP 6,2018-05-30,1,Elizabeth Oswald,2018-05,May,22,23,6,Early (5-6am),10.0,24.5,77.1999969482422,20-25C,60-80%,Cloudy/Overcast,Calm (< 1 mph) smoke rises vertically,Moderate effect on count,11,13,0,0,0.0,False
GWMP-0307|2018-06-30|V2,GWMP,George Washington Memorial Parkway,Forest,False,GWMP-0307,GWMP 6,2018-06-30,2,Kimberly Serno,2018-06,June,26,54,6,Early (5-6am),10.0,22.3999996185303,77.4000015258789,20-25C,60-80%,Clear or Few Clouds,Calm (< 1 mph) smoke rises vertically,Moderate effect on count,12,16,0,2,0.0,False
HAFE-0009|2018-06-01|V1,HAFE,Harpers Ferry National Historical Park,Forest,True,HAFE-0009,HAFE 1,2018-06-01,1,Kimberly Serno,2018-06,June,22,25,7,Mid (7-8am),10.0,21.2999992370605,82.6999969482422,20-25C,>80%,Partly Cloudy,Light air movement (1-3 mph) smoke drifts,No effect on count,9,10,1,0,10.0,True
HAFE-0009|2018-07-15|V2,HAFE,Harpers Ferry National Historical Park,Forest,True,HAFE-0009,HAFE 1,2018-07-15,2,Brian Swimelar,2018-07,July,28,69,6,Early (5-6am),10.0,22.5,74.9000015258789,20-25C,60-80%,Cloudy/Overcast,Light breeze (4-7 mph) wind felt on face,No effect on count,5,6,0,0,0.0,False
HAFE-0021|2018-06-01|V1,HAFE,Harpers Ferry National Historical Park,Forest,True,HAFE-0021,HAFE 1,2018-06-01,1,Kimberly Serno,2018-06,June,22,25,8,Mid (7-8am),10.0,22.1000003814697,87.8000030517578,20-25C,>80%,Partly Cloudy,Light air movement (1-3 mph) smoke drifts,No effect on count,10,12,1,0,8.33,True
HAFE-0021|2018-07-15|V2,HAFE,Harpers Ferry National Historical Park,Forest,True,HAFE-0021,HAFE 1,2018-07-15,2,Brian Swimelar,2018-07,July,28,69,7,Mid (7-8am),10.0,22.3999996185303,74.9000015258789,20-25C,60-80%,Cloudy/Overcast,Light air movement (1-3 mph) smoke drifts,No effect on count,8,9,2,0,22.22,True
HAFE-0028|2018-06-01|V1,HAFE,Harpers Ferry National Historical Park,Forest,True,HAFE-0028,HAFE 1,2018-06-01,1,Kimberly Serno,2018-06,June,22,25,8,Mid (7-8am),10.0,23.2000007629395,82.6999969482422,20-25C,>80%,Partly Cloudy,Light breeze (4-7 mph) wind felt on face,No effect on count,10,13,2,0,15.38,True
HAFE-0028|2018-07-15|V2,HAFE,Harpers Ferry National Historical Park,Forest,True,HAFE-0028,HAFE 1,2018-07-15,2,Brian Swimelar,2018-07,July,28,69,7,Mid (7-8am),10.0,22.3999996185303,74.9000015258789,20-25C,60-80%,Cloudy/Overcast,Light air movement (1-3 mph) smoke drifts,No effect on count,5,7,2,0,28.57,True
HAFE-0030|2018-06-01|V1,HAFE,Harpers Ferry National Historical Park,Forest,True,HAFE-0030,HAFE 2,2018-06-01,1,Brian Swimelar,2018-06,June,22,25,9,Late (9-10am),10.0,20.2999992370605,82.1999969482422,20-25C,>80%,Fog,Calm (< 1 mph) smoke rises vertically,No effect on count,8,9,1,0,11.11,True
HAFE-0030|2018-07-07|V2,HAFE,Harpers Ferry National Historical Park,Forest,True,HAFE-0030,HAFE 2,2018-07-07,2,Elizabeth Oswald,2018-07,July,27,61,8,Mid (7-8am),10.0,20.5,66.0999984741211,20-25C,60-80%,Clear or Few Clouds,"Gentle breeze (8-12 mph), leaves in motion",Slight effect on count,8,9,1,0,11.11,True
HAFE-0039|2018-06-01|V1,HAFE,Harpers Ferry National Historical Park,Forest,True,HAFE-0039,HAFE 1,2018-06-01,1,Kimberly Serno,2018-06,June,22,25,9,Late (9-10am),10.0,23.1000003814697,85.4000015258789,20-25C,>80%,Partly Cloudy,Light air movement (1-3 mph) smoke drifts,No effect on count,8,10,0,0,0.0,False
HAFE-0039|2018-07-15|V2,HAFE,Harpers Ferry National Historical Park,Forest,True,HAFE-0039,HAFE 1,2018-07-15,2,Brian Swimelar,2018-07,July,28,69,8,Mid (7-8am),10.0,22.3999996185303,74.9000015258789,20-25C,60-80%,Cloudy/Overcast,Light air movement (1-3 mph) smoke drifts,No effect on count,6,7,0,0,0.0,False
HAFE-0042|2018-05-31|V1,HAFE,Harpers Ferry National Historical Park,Forest,True,HAFE-0042,HAFE 2,2018-05-31,1,Brian Swimelar,2018-05,May,22,24,6,Early (5-6am),10.0,22.3999996185303,78.0999984741211,20-25C,60-80%,Mist/Drizzle,Light air movement (1-3 mph) smoke drifts,No effect on count,7,11,0,0,0.0,False
HAFE-0042|2018-07-06|V2,HAFE,Harpers Ferry National Historical Park,Forest,True,HAFE-0042,HAFE 2,2018-07-06,2,Elizabeth Oswald,2018-07,July,27,60,8,Mid (7-8am),10.0,25.3999996185303,88.1999969482422,25-30C,>80%,Cloudy/Overcast,Light air movement (1-3 mph) smoke drifts,No effect on count,15,19,0,1,0.0,False
HAFE-0044|2018-06-01|V1,HAFE,Harpers Ferry National Historical Park,Forest,True,HAFE-0044,HAFE 2,2018-06-01,1,Brian Swimelar,2018-06,June,22,25,9,Late (9-10am),10.0,21.5,80.0,20-25C,60-80%,Cloudy/Overcast,Light air movement (1-3 mph) smoke drifts,Serious effect on count,13,15,1,3,6.67,True
HAFE-0044|2018-07-07|V2,HAFE,Harpers Ferry National Historical Park,Forest,True,HAFE-0044,HAFE 2,2018-07-07,2,Elizabeth Oswald,2018-07,July,27,61,9,Late (9-10am),10.0,21.6000003814697,57.5999984741211,20-25C,40-60%,Clear or Few Clouds,Light breeze (4-7 mph) wind felt on face,Slight effect on count,12,15,0,1,0.0,False
HAFE-0053|2018-05-31|V1,HAFE,Harpers Ferry National Historical Park,Forest,True,HAFE-0053,HAFE 2,2018-05-31,1,Brian Swimelar,2018-05,May,22,24,6,Early (5-6am),10.0,22.6000003814697,79.0999984741211,20-25C,60-80%,Mist/Drizzle,Light breeze (4-7 mph) wind felt on face,No effect on count,7,9,0,0,0.0,False
HAFE-0053|2018-07-06|V2,HAFE,Harpers Ferry National Historical Park,Forest,True,HAFE-0053,HAFE 2,2018-07-06,2,Elizabeth Oswald,2018-07,July,27,60,6,Early (5-6am),10.0,23.2000007629395,89.9000015258789,20-25C,>80%,Cloudy/Overcast,Calm (< 1 mph) smoke rises vertically,No effect on count,12,19,0,2,0.0,False
HAFE-0061|2018-06-01|V1,HAFE,Harpers Ferry National Historical Park,Forest,True,HAFE-0061,HAFE 1,2018-06-01,1,Kimberly Serno,2018-06,June,22,25,9,Late (9-10am),10.0,23.2000007629395,84.5,20-25C,>80%,Partly Cloudy,Light air movement (1-3 mph) smoke drifts,No effect on count,11,14,1,0,7.14,True
HAFE-0061|2018-07-15|V2,HAFE,Harpers Ferry National Historical Park,Forest,True,HAFE-0061,HAFE 1,2018-07-15,2,Brian Swimelar,2018-07,July,28,69,8,Mid (7-8am),10.0,24.3999996185303,77.9000015258789,20-25C,60-80%,Cloudy/Overcast,Light air movement (1-3 mph) smoke drifts,Slight effect on count,8,8,0,0,0.0,False
HAFE-0067|2018-05-31|V1,HAFE,Harpers Ferry National Historical Park,Grassland,True,HAFE-0067,,2018-05-31,1,Elizabeth Oswald,2018-05,May,22,24,5,Early (5-6am),10.0,22.6000003814697,77.8000030517578,20-25C,60-80%,Cloudy/Overcast,Light breeze (4-7 mph) wind felt on face,No effect on count,18,21,0,0,0.0,False
HAFE-0067|2018-07-06|V2,HAFE,Harpers Ferry National Historical Park,Grassland,True,HAFE-0067,,2018-07-06,2,Kimberly Serno,2018-07,July,27,60,7,Mid (7-8am),10.0,26.3999996185303,83.0,25-30C,>80%,Cloudy/Overcast,Light air movement (1-3 mph) smoke drifts,Slight effect on count,12,18,0,3,0.0,False
HAFE-0067|2018-07-18|V3,HAFE,Harpers Ferry National Historical Park,Grassland,True,HAFE-0067,,2018-07-18,3,Brian Swimelar,2018-07,July,29,72,7,Mid (7-8am),10.0,27.2000007629395,55.7000007629395,25-30C,40-60%,Clear or Few Clouds,Light air movement (1-3 mph) smoke drifts,Slight effect on count,8,13,0,2,0.0,False
HAFE-0074|2018-06-01|V1,HAFE,Harpers Ferry National Historical Park,Forest,True,HAFE-0074,HAFE 1,2018-06-01,1,Kimberly Serno,2018-06,June,22,25,10,Late (9-10am),10.0,24.3999996185303,85.6999969482422,20-25C,>80%,Partly Cloudy,Light breeze (4-7 mph) wind felt on face,No effect on count,10,11,0,1,0.0,False
HAFE-0074|2018-07-15|V2,HAFE,Harpers Ferry National Historical Park,Forest,True,HAFE-0074,HAFE 1,2018-07-15,2,Brian Swimelar,2018-07,July,28,69,8,Mid (7-8am),10.0,22.8999996185303,75.0,20-25C,60-80%,Cloudy/Overcast,Light breeze (4-7 mph) wind felt on face,No effect on count,8,9,0,0,0.0,False
HAFE-0083|2018-06-01|V1,HAFE,Harpers Ferry National Historical Park,Forest,True,HAFE-0083,HAFE 2,2018-06-01,1,Brian Swimelar,2018-06,June,22,25,8,Mid (7-8am),10.0,20.2999992370605,82.1999969482422,20-25C,>80%,Fog,Light air movement (1-3 mph) smoke drifts,No effect on count,9,16,0,2,0.0,False
HAFE-0083|2018-07-07|V2,HAFE,Harpers Ferry National Historical Park,Forest,True,HAFE-0083,HAFE 2,2018-07-07,2,Elizabeth Oswald,2018-07,July,27,61,8,Mid (7-8am),10.0,19.7000007629395,58.5999984741211,15-20C,40-60%,Clear or Few Clouds,Light breeze (4-7 mph) wind felt on face,Slight effect on count,10,12,0,1,0.0,False
HAFE-0118|2018-06-01|V1,HAFE,Harpers Ferry National Historical Park,Forest,True,HAFE-0118,HAFE 2,2018-06-01,1,Brian Swimelar,2018-06,June,22,25,7,Mid (7-8am),10.0,25.6000003814697,78.8000030517578,25-30C,60-80%,Fog,Calm (< 1 mph) smoke rises vertically,No effect on count,6,7,1,0,14.29,True
HAFE-0118|2018-07-07|V2,HAFE,Harpers Ferry National Historical Park,Forest,True,HAFE-0118,HAFE 2,2018-07-07,2,Elizabeth Oswald,2018-07,July,27,61,6,Early (5-6am),10.0,18.6000003814697,59.7999992370605,15-20C,40-60%,Clear or Few Clouds,Light breeze (4-7 mph) wind felt on face,Slight effect on count,7,10,2,0,20.0,True
HAFE-0124|2018-05-31|V1,HAFE,Harpers Ferry National Historical Park,Grassland,True,HAFE-0124,,2018-05-31,1,Kimberly Serno,2018-05,May,22,24,6,Early (5-6am),10.0,22.2999992370605,85.1999969482422,20-25C,>80%,Cloudy/Overcast,Light breeze (4-7 mph) wind felt on face,Slight effect on count,9,11,0,0,0.0,False
HAFE-0124|2018-07-06|V2,HAFE,Harpers Ferry National Historical Park,Grassland,True,HAFE-0124,,2018-07-06,2,Brian Swimelar,2018-07,July,27,60,9,Late (9-10am),10.0,28.7999992370605,67.9000015258789,25-30C,60-80%,Cloudy/Overcast,Light breeze (4-7 mph) wind felt on face,Serious effect on count,3,4,0,0,0.0,False
HAFE-0124|2018-07-18|V3,HAFE,Harpers Ferry National Historical Park,Grassland,True,HAFE-0124,,2018-07-18,3,Elizabeth Oswald,2018-07,July,29,72,8,Mid (7-8am),10.0,20.7999992370605,74.0999984741211,20-25C,60-80%,Clear or Few Clouds,Light breeze (4-7 mph) wind felt on face,Moderate effect on count,6,6,0,2,0.0,False
HAFE-0133|2018-06-01|V1,HAFE,Harpers Ferry National Historical Park,Forest,True,HAFE-0133,HAFE 3,2018-06-01,1,Elizabeth Oswald,2018-06,June,22,25,8,Mid (7-8am),10.0,21.1000003814697,92.5,20-25C,>80%,Cloudy/Overcast,Light air movement (1-3 mph) smoke drifts,Slight effect on count,13,15,0,0,0.0,False
HAFE-0133|2018-07-07|V2,HAFE,Harpers Ferry National Historical Park,Forest,True,HAFE-0133,HAFE 3,2018-07-07,2,Kimberly Serno,2018-07,July,27,61,8,Mid (7-8am),10.0,20.3999996185303,56.0999984741211,20-25C,40-60%,Clear or Few Clouds,Light breeze (4-7 mph) wind felt on face,Slight effect on count,8,8,0,0,0.0,False
HAFE-0154|2018-06-01|V1,HAFE,Harpers Ferry National Historical Park,Forest,True,HAFE-0154,HAFE 3,2018-06-01,1,Elizabeth Oswald,2018-06,June,22,25,8,Mid (7-8am),10.0,21.0,92.4000015258789,20-25C,>80%,Cloudy/Overcast,Light air movement (1-3 mph) smoke drifts,Moderate effect on count,11,14,0,0,0.0,False
HAFE-0154|2018-07-07|V2,HAFE,Harpers Ferry National Historical Park,Forest,True,HAFE-0154,HAFE 3,2018-07-07,2,Kimberly Serno,2018-07,July,27,61,8,Mid (7-8am),10.0,18.8999996185303,69.3000030517578,15-20C,60-80%,Partly Cloudy,"Gentle breeze (8-12 mph), leaves in motion",Slight effect on count,6,9,0,0,0.0,False
HAFE-0160|2018-06-01|V1,HAFE,Harpers Ferry National Historical Park,Forest,True,HAFE-0160,HAFE 2,2018-06-01,1,Brian Swimelar,2018-06,June,22,25,6,Early (5-6am),10.0,22.6000003814697,80.4000015258789,20-25C,>80%,Mist/Drizzle,Light air movement (1-3 mph) smoke drifts,No effect on count,5,6,0,0,0.0,False
HAFE-0160|2018-07-07|V2,HAFE,Harpers Ferry National Historical Park,Forest,True,HAFE-0160,HAFE 2,2018-07-07,2,Elizabeth Oswald,2018-07,July,27,61,7,Mid (7-8am),10.0,18.8999996185303,71.0,15-20C,60-80%,Clear or Few Clouds,"Gentle breeze (8-12 mph), leaves in motion",No effect on count,7,7,0,0,0.0,False
HAFE-0174|2018-06-01|V1,HAFE,Harpers Ferry National Historical Park,Forest,True,HAFE-0174,HAFE 3,2018-06-01,1,Elizabeth Oswald,2018-06,June,22,25,8,Mid (7-8am),10.0,20.7000007629395,89.8000030517578,20-25C,>80%,Fog,Light air movement (1-3 mph) smoke drifts,Slight effect on count,11,12,0,0,0.0,False
HAFE-0174|2018-07-07|V2,HAFE,Harpers Ferry National Historical Park,Forest,True,HAFE-0174,HAFE 3,2018-07-07,2,Kimberly Serno,2018-07,July,27,61,7,Mid (7-8am),10.0,19.5,60.7000007629395,15-20C,60-80%,Partly Cloudy,"Gentle breeze (8-12 mph), leaves in motion",Slight effect on count,7,9,0,0,0.0,False
HAFE-0184|2018-05-31|V1,HAFE,Harpers Ferry National Historical Park,Grassland,True,HAFE-0184,,2018-05-31,1,Kimberly Serno,2018-05,May,22,24,7,Mid (7-8am),10.0,23.8999996185303,81.0,20-25C,>80%,Cloudy/Overcast,Light breeze (4-7 mph) wind felt on face,Slight effect on count,12,15,0,0,0.0,False
HAFE-0184|2018-07-06|V2,HAFE,Harpers Ferry National Historical Park,Grassland,True,HAFE-0184,,2018-07-06,2,Brian Swimelar,2018-07,July,27,60,6,Early (5-6am),10.0,26.3999996185303,84.4000015258789,25-30C,>80%,Cloudy/Overcast,Light air movement (1-3 mph) smoke drifts,Slight effect on count,8,12,0,2,0.0,False
HAFE-0184|2018-07-18|V3,HAFE,Harpers Ferry National Historical Park,Grassland,True,HAFE-0184,,2018-07-18,3,Elizabeth Oswald,2018-07,July,29,72,7,Mid (7-8am),10.0,19.7999992370605,81.5999984741211,15-20C,>80%,Clear or Few Clouds,Light breeze (4-7 mph) wind felt on face,Slight effect on count,7,8,0,0,0.0,False
HAFE-0192|2018-06-01|V1,HAFE,Harpers Ferry National Historical Park,Forest,True,HAFE-0192,HAFE 3,2018-06-01,1,Elizabeth Oswald,2018-06,June,22,25,7,Mid (7-8am),10.0,21.1000003814697,89.9000015258789,20-25C,>80%,Fog,Light breeze (4-7 mph) wind felt on face,Slight effect on count,7,8,0,0,0.0,False
HAFE-0192|2018-07-07|V2,HAFE,Harpers Ferry National Historical Park,Forest,True,HAFE-0192,HAFE 3,2018-07-07,2,Kimberly Serno,2018-07,July,27,61,8,Mid (7-8am),10.0,18.8999996185303,68.8000030517578,15-20C,60-80%,Partly Cloudy,Light breeze (4-7 mph) wind felt on face,Slight effect on count,8,10,0,0,0.0,False
HAFE-0195|2018-06-01|V1,HAFE,Harpers Ferry National Historical Park,Forest,True,HAFE-0195,HAFE 3,2018-06-01,1,Elizabeth Oswald,2018-06,June,22,25,7,Mid (7-8am),10.0,21.0,83.6999969482422,20-25C,>80%,Fog,Light breeze (4-7 mph) wind felt on face,Moderate effect on count,7,8,1,0,12.5,True
HAFE-0195|2018-07-07|V2,HAFE,Harpers Ferry National Historical Park,Forest,True,HAFE-0195,HAFE 3,2018-07-07,2,Kimberly Serno,2018-07,July,27,61,6,Early (5-6am),10.0,20.1000003814697,56.0999984741211,20-25C,40-60%,Partly Cloudy,"Gentle breeze (8-12 mph), leaves in motion",No effect on count,6,7,2,0,28.57,True
HAFE-0208|2018-06-01|V1,HAFE,Harpers Ferry National Historical Park,Forest,True,HAFE-0208,HAFE 3,2018-06-01,1,Elizabeth Oswald,2018-06,June,22,25,5,Early (5-6am),10.0,22.7000007629395,74.5,20-25C,60-80%,Fog,Calm (< 1 mph) smoke rises vertically,No effect on count,10,12,2,0,16.67,True
HAFE-0208|2018-07-07|V2,HAFE,Harpers Ferry National Historical Park,Forest,True,HAFE-0208,HAFE 3,2018-07-07,2,Kimberly Serno,2018-07,July,27,61,5,Early (5-6am),10.0,22.5,54.2999992370605,20-25C,40-60%,Partly Cloudy,Light air movement (1-3 mph) smoke drifts,Slight effect on count,9,9,1,0,11.11,True
HAFE-0218|2018-06-01|V1,HAFE,Harpers Ferry National Historical Park,Forest,True,HAFE-0218,HAFE 3,2018-06-01,1,Elizabeth Oswald,2018-06,June,22,25,6,Early (5-6am),10.0,21.3999996185303,83.8000030517578,20-25C,>80%,Fog,Light air movement (1-3 mph) smoke drifts,No effect on count,9,12,2,0,16.67,True
HAFE-0218|2018-07-07|V2,HAFE,Harpers Ferry National Historical Park,Forest,True,HAFE-0218,HAFE 3,2018-07-07,2,Kimberly Serno,2018-07,July,27,61,6,Early (5-6am),10.0,22.3999996185303,49.7999992370605,20-25C,40-60%,Partly Cloudy,Light air movement (1-3 mph) smoke drifts,No effect on count,7,9,2,0,22.22,True
MANA-0002|2018-05-15|V1,MANA,Manassas National Battlefield Park,Forest,True,MANA-0002,MANA 2,2018-05-15,1,Elizabeth Oswald,2018-05,May,20,8,8,Mid (7-8am),10.0,25.2000007629395,78.1999969482422,25-30C,60-80%,Partly Cloudy,Light air movement (1-3 mph) smoke drifts,Slight effect on count,7,8,0,0,0.0,False
MANA-0002|2018-06-19|V2,MANA,Manassas National Battlefield Park,Forest,True,MANA-0002,MANA 2,2018-06-19,2,Brian Swimelar,2018-06,June,25,43,10,Late (9-10am),10.0,33.0,78.4000015258789,>30C,60-80%,Clear or Few Clouds,Light breeze (4-7 mph) wind felt on face,No effect on count,5,7,0,0,0.0,False
MANA-0004|2018-05-15|V1,MANA,Manassas National Battlefield Park,Grassland,True,MANA-0004,,2018-05-15,1,Brian Swimelar,2018-05,May,20,8,9,Late (9-10am),10.0,27.0,70.0,25-30C,60-80%,Clear or Few Clouds,Light breeze (4-7 mph) wind felt on face,Slight effect on count,6,8,0,0,0.0,False
MANA-0004|2018-06-19|V2,MANA,Manassas National Battlefield Park,Grassland,True,MANA-0004,,2018-06-19,2,Kimberly Serno,2018-06,June,25,43,10,Late (9-10am),10.0,34.4000015258789,64.5999984741211,>30C,60-80%,Partly Cloudy,Light breeze (4-7 mph) wind felt on face,No effect on count,9,13,0,0,0.0,False
MANA-0004|2018-07-14|V3,MANA,Manassas National Battlefield Park,Grassland,True,MANA-0004,,2018-07-14,3,Elizabeth Oswald,2018-07,July,28,68,8,Mid (7-8am),10.0,21.8999996185303,88.5999984741211,20-25C,>80%,Clear or Few Clouds,Light breeze (4-7 mph) wind felt on face,No effect on count,8,9,0,0,0.0,False
MANA-0008|2018-05-15|V1,MANA,Manassas National Battlefield Park,Grassland,True,MANA-0008,,2018-05-15,1,Brian Swimelar,2018-05,May,20,8,10,Late (9-10am),10.0,27.0,70.0,25-30C,60-80%,Clear or Few Clouds,Light breeze (4-7 mph) wind felt on face,No effect on count,9,11,0,1,0.0,False
MANA-0008|2018-06-19|V2,MANA,Manassas National Battlefield Park,Grassland,True,MANA-0008,,2018-06-19,2,Kimberly Serno,2018-06,June,25,43,8,Mid (7-8am),10.0,29.7999992370605,79.5,25-30C,60-80%,Partly Cloudy,Light breeze (4-7 mph) wind felt on face,Slight effect on count,7,7,0,0,0.0,False
MANA-0008|2018-07-14|V3,MANA,Manassas National Battlefield Park,Grassland,True,MANA-0008,,2018-07-14,3,Elizabeth Oswald,2018-07,July,28,68,8,Mid (7-8am),10.0,23.6000003814697,88.6999969482422,20-25C,>80%,Clear or Few Clouds,Light breeze (4-7 mph) wind felt on face,No effect on count,9,10,0,5,0.0,False
MANA-0009|2018-05-15|V1,MANA,Manassas National Battlefield Park,Grassland,True,MANA-0009,,2018-05-15,1,Brian Swimelar,2018-05,May,20,8,10,Late (9-10am),10.0,27.0,70.0,25-30C,60-80%,Clear or Few Clouds,Light breeze (4-7 mph) wind felt on face,No effect on count,4,12,0,1,0.0,False
MANA-0009|2018-06-19|V2,MANA,Manassas National Battlefield Park,Grassland,True,MANA-0009,,2018-06-19,2,Kimberly Serno,2018-06,June,25,43,9,Late (9-10am),10.0,33.5,69.6999969482422,>30C,60-80%,Partly Cloudy,Light air movement (1-3 mph) smoke drifts,No effect on count,8,11,0,1,0.0,False
MANA-0009|2018-07-14|V3,MANA,Manassas National Battlefield Park,Grassland,True,MANA-0009,,2018-07-14,3,Elizabeth Oswald,2018-07,July,28,68,8,Mid (7-8am),10.0,22.7000007629395,84.3000030517578,20-25C,>80%,Clear or Few Clouds,Light breeze (4-7 mph) wind felt on face,No effect on count,11,13,0,3,0.0,False
MANA-0010|2018-05-15|V1,MANA,Manassas National Battlefield Park,Grassland,True,MANA-0010,,2018-05-15,1,Brian Swimelar,2018-05,May,20,8,9,Late (9-10am),10.0,27.0,70.0,25-30C,60-80%,Clear or Few Clouds,Light breeze (4-7 mph) wind felt on face,No effect on count,9,11,0,0,0.0,False
MANA-0010|2018-06-19|V2,MANA,Manassas National Battlefield Park,Grassland,True,MANA-0010,,2018-06-19,2,Kimberly Serno,2018-06,June,25,43,9,Late (9-10am),10.0,35.0,63.5999984741211,>30C,60-80%,Partly Cloudy,Light breeze (4-7 mph) wind felt on face,No effect on count,5,6,0,0,0.0,False
MANA-0010|2018-07-14|V3,MANA,Manassas National Battlefield Park,Grassland,True,MANA-0010,,2018-07-14,3,Elizabeth Oswald,2018-07,July,28,68,7,Mid (7-8am),10.0,21.3999996185303,91.1999969482422,20-25C,>80%,Clear or Few Clouds,Light air movement (1-3 mph) smoke drifts,No effect on count,8,9,0,1,0.0,False
MANA-0011|2018-05-15|V1,MANA,Manassas National Battlefield Park,Forest,True,MANA-0011,MANA 1,2018-05-15,1,Brian Swimelar,2018-05,May,20,8,9,Late (9-10am),11.0,27.0,70.0,25-30C,60-80%,Clear or Few Clouds,Light air movement (1-3 mph) smoke drifts,No effect on count,8,10,0,0,0.0,False
MANA-0011|2018-06-19|V2,MANA,Manassas National Battlefield Park,Forest,True,MANA-0011,MANA 1,2018-06-19,2,Kimberly Serno,2018-06,June,25,43,9,Late (9-10am),10.0,34.4000015258789,61.2999992370605,>30C,60-80%,Partly Cloudy,Light breeze (4-7 mph) wind felt on face,No effect on count,6,8,0,0,0.0,False
MANA-0024|2018-05-15|V1,MANA,Manassas National Battlefield Park,Grassland,True,MANA-0024,,2018-05-15,1,Brian Swimelar,2018-05,May,20,8,8,Mid (7-8am),10.0,27.0,70.0,25-30C,60-80%,Partly Cloudy,Light air movement (1-3 mph) smoke drifts,No effect on count,10,12,0,4,0.0,False
MANA-0024|2018-06-19|V2,MANA,Manassas National Battlefield Park,Grassland,True,MANA-0024,,2018-06-19,2,Kimberly Serno,2018-06,June,25,43,7,Mid (7-8am),10.0,26.7999992370605,82.0999984741211,25-30C,>80%,Partly Cloudy,Calm (< 1 mph) smoke rises vertically,No effect on count,14,18,1,2,5.56,True
MANA-0024|2018-07-14|V3,MANA,Manassas National Battlefield Park,Grassland,True,MANA-0024,,2018-07-14,3,Elizabeth Oswald,2018-07,July,28,68,7,Mid (7-8am),10.0,20.1000003814697,87.8000030517578,20-25C,>80%,Clear or Few Clouds,Calm (< 1 mph) smoke rises vertically,No effect on count,7,9,0,1,0.0,False
MANA-0025|2018-05-15|V1,MANA,Manassas National Battlefield Park,Forest,True,MANA-0025,MANA 1,2018-05-15,1,Brian Swimelar,2018-05,May,20,8,8,Mid (7-8am),11.0,27.0,70.0,25-30C,60-80%,Partly Cloudy,Light air movement (1-3 mph) smoke drifts,Moderate effect on count,4,5,0,0,0.0,False
MANA-0025|2018-06-19|V2,MANA,Manassas National Battlefield Park,Forest,True,MANA-0025,MANA 1,2018-06-19,2,Kimberly Serno,2018-06,June,25,43,8,Mid (7-8am),10.0,27.1000003814697,76.0,25-30C,60-80%,Partly Cloudy,Calm (< 1 mph) smoke rises vertically,No effect on count,9,12,0,0,0.0,False
MANA-0027|2018-05-15|V1,MANA,Manassas National Battlefield Park,Forest,True,MANA-0027,MANA 2,2018-05-15,1,Elizabeth Oswald,2018-05,May,20,8,9,Late (9-10am),10.0,24.8999996185303,80.5,20-25C,>80%,Partly Cloudy,"Gentle breeze (8-12 mph), leaves in motion",No effect on count,9,12,0,0,0.0,False
MANA-0027|2018-06-19|V2,MANA,Manassas National Battlefield Park,Forest,True,MANA-0027,MANA 2,2018-06-19,2,Brian Swimelar,2018-06,June,25,43,9,Late (9-10am),10.0,31.2000007629395,63.5,>30C,60-80%,Clear or Few Clouds,Light breeze (4-7 mph) wind felt on face,No effect on count,5,6,0,0,0.0,False
MANA-0030|2018-05-15|V1,MANA,Manassas National Battlefield Park,Forest,True,MANA-0030,MANA 1,2018-05-15,1,Elizabeth Oswald,2018-05,May,20,8,8,Mid (7-8am),10.0,26.3999996185303,71.5,25-30C,60-80%,Partly Cloudy,Light breeze (4-7 mph) wind felt on face,Slight effect on count,11,13,0,0,0.0,False
MANA-0030|2018-06-19|V2,MANA,Manassas National Battlefield Park,Forest,True,MANA-0030,MANA 1,2018-06-19,2,Brian Swimelar,2018-06,June,25,43,7,Mid (7-8am),10.0,29.3999996185303,86.5,25-30C,>80%,Clear or Few Clouds,Calm (< 1 mph) smoke rises vertically,No effect on count,10,12,0,0,0.0,False
MANA-0039|2018-05-15|V1,MANA,Manassas National Battlefield Park,Forest,True,MANA-0039,MANA 2,2018-05-15,1,Elizabeth Oswald,2018-05,May,20,8,9,Late (9-10am),10.0,27.5,85.0999984741211,25-30C,>80%,Partly Cloudy,"Gentle breeze (8-12 mph), leaves in motion",Slight effect on count,10,10,1,1,10.0,True
MANA-0039|2018-06-19|V2,MANA,Manassas National Battlefield Park,Forest,True,MANA-0039,MANA 2,2018-06-19,2,Brian Swimelar,2018-06,June,25,43,9,Late (9-10am),10.0,30.6000003814697,83.0999984741211,>30C,>80%,Clear or Few Clouds,Light breeze (4-7 mph) wind felt on face,No effect on count,9,10,1,0,10.0,True
MANA-0047|2018-05-15|V1,MANA,Manassas National Battlefield Park,Grassland,True,MANA-0047,,2018-05-15,1,Brian Swimelar,2018-05,May,20,8,7,Mid (7-8am),10.0,27.0,70.0,25-30C,60-80%,Partly Cloudy,Light air movement (1-3 mph) smoke drifts,No effect on count,10,13,0,2,0.0,False
MANA-0047|2018-06-19|V2,MANA,Manassas National Battlefield Park,Grassland,True,MANA-0047,,2018-06-19,2,Kimberly Serno,2018-06,June,25,43,6,Early (5-6am),10.0,24.1000003814697,87.5,20-25C,>80%,Partly Cloudy,Calm (< 1 mph) smoke rises vertically,Slight effect on count,14,18,0,1,0.0,False
MANA-0047|2018-07-14|V3,MANA,Manassas National Battlefield Park,Grassland,True,MANA-0047,,2018-07-14,3,Elizabeth Oswald,2018-07,July,28,68,6,Early (5-6am),10.0,19.6000003814697,82.5,15-20C,>80%,Clear or Few Clouds,Calm (< 1 mph) smoke rises vertically,No effect on count,12,15,0,1,0.0,False
MANA-0048|2018-05-15|V1,MANA,Manassas National Battlefield Park,Grassland,True,MANA-0048,,2018-05-15,1,Brian Swimelar,2018-05,May,20,8,7,Mid (7-8am),11.0,27.0,70.0,25-30C,60-80%,Partly Cloudy,Light breeze (4-7 mph) wind felt on face,No effect on count,6,7,0,1,0.0,False
MANA-0048|2018-06-19|V2,MANA,Manassas National Battlefield Park,Grassland,True,MANA-0048,,2018-06-19,2,Kimberly Serno,2018-06,June,25,43,7,Mid (7-8am),10.0,25.8999996185303,84.3000030517578,25-30C,>80%,Partly Cloudy,Calm (< 1 mph) smoke rises vertically,Slight effect on count,16,23,0,3,0.0,False
MANA-0048|2018-07-14|V3,MANA,Manassas National Battlefield Park,Grassland,True,MANA-0048,,2018-07-14,3,Elizabeth Oswald,2018-07,July,28,68,7,Mid (7-8am),10.0,19.1000003814697,85.0,15-20C,>80%,Clear or Few Clouds,Light air movement (1-3 mph) smoke drifts,No effect on count,18,20,0,0,0.0,False
MANA-0054|2018-05-15|V1,MANA,Manassas National Battlefield Park,Forest,True,MANA-0054,MANA 2,2018-05-15,1,Elizabeth Oswald,2018-05,May,20,8,10,Late (9-10am),10.0,28.2000007629395,83.9000015258789,25-30C,>80%,Clear or Few Clouds,Light breeze (4-7 mph) wind felt on face,No effect on count,9,9,1,0,11.11,True
MANA-0054|2018-06-19|V2,MANA,Manassas National Battlefield Park,Forest,True,MANA-0054,MANA 2,2018-06-19,2,Brian Swimelar,2018-06,June,25,43,8,Mid (7-8am),10.0,30.5,77.4000015258789,>30C,60-80%,Clear or Few Clouds,Light breeze (4-7 mph) wind felt on face,No effect on count,4,5,0,0,0.0,False
MANA-0055|2018-05-15|V1,MANA,Manassas National Battlefield Park,Grassland,True,MANA-0055,,2018-05-15,1,Elizabeth Oswald,2018-05,May,20,8,10,Late (9-10am),10.0,27.2999992370605,82.8000030517578,25-30C,>80%,Clear or Few Clouds,Light breeze (4-7 mph) wind felt on face,No effect on count,9,12,1,1,8.33,True
MANA-0055|2018-06-19|V2,MANA,Manassas National Battlefield Park,Grassland,True,MANA-0055,,2018-06-19,2,Brian Swimelar,2018-06,June,25,43,8,Mid (7-8am),10.0,31.7999992370605,67.5999984741211,>30C,60-80%,Clear or Few Clouds,Light breeze (4-7 mph) wind felt on face,No effect on count,6,7,0,0,0.0,False
MANA-0055|2018-07-14|V3,MANA,Manassas National Battlefield Park,Grassland,True,MANA-0055,,2018-07-14,3,Kimberly Serno,2018-07,July,28,68,6,Early (5-6am),10.0,16.7999992370605,71.3000030517578,15-20C,60-80%,Clear or Few Clouds,Light air movement (1-3 mph) smoke drifts,Slight effect on count,8,12,0,0,0.0,False
MANA-0058|2018-05-15|V1,MANA,Manassas National Battlefield Park,Grassland,True,MANA-0058,,2018-05-15,1,Elizabeth Oswald,2018-05,May,20,8,8,Mid (7-8am),10.0,24.8999996185303,73.5,20-25C,60-80%,Partly Cloudy,Light breeze (4-7 mph) wind felt on face,No effect on count,10,12,0,2,0.0,False
MANA-0058|2018-06-19|V2,MANA,Manassas National Battlefield Park,Grassland,True,MANA-0058,,2018-06-19,2,Brian Swimelar,2018-06,June,25,43,7,Mid (7-8am),10.0,29.6000003814697,77.6999969482422,25-30C,60-80%,Clear or Few Clouds,Calm (< 1 mph) smoke rises vertically,Slight effect on count,7,9,0,0,0.0,False
MANA-0058|2018-07-14|V3,MANA,Manassas National Battlefield Park,Grassland,True,MANA-0058,,2018-07-14,3,Kimberly Serno,2018-07,July,28,68,5,Early (5-6am),10.0,20.8999996185303,54.5999984741211,20-25C,40-60%,Clear or Few Clouds,Light air movement (1-3 mph) smoke drifts,Slight effect on count,10,11,1,1,9.09,True
MANA-0060|2018-05-20|V1,MANA,Manassas National Battlefield Park,Forest,True,MANA-0060,MANA 1,2018-05-20,1,Brian Swimelar,2018-05,May,20,13,6,Early (5-6am),10.0,14.0,71.0,<15C,60-80%,Cloudy/Overcast,Light air movement (1-3 mph) smoke drifts,Slight effect on count,5,6,0,0,0.0,False
MANA-0060|2018-06-19|V2,MANA,Manassas National Battlefield Park,Forest,True,MANA-0060,MANA 1,2018-06-19,2,Kimberly Serno,2018-06,June,25,43,6,Early (5-6am),10.0,23.3999996185303,74.6999969482422,20-25C,60-80%,Cloudy/Overcast,Light air movement (1-3 mph) smoke drifts,Slight effect on count,9,12,0,0,0.0,False
MANA-0064|2018-05-15|V1,MANA,Manassas National Battlefield Park,Grassland,True,MANA-0064,,2018-05-15,1,Brian Swimelar,2018-05,May,20,8,7,Mid (7-8am),11.0,27.0,70.0,25-30C,60-80%,Partly Cloudy,Light breeze (4-7 mph) wind felt on face,Slight effect on count,5,9,0,0,0.0,False
MANA-0064|2018-06-19|V2,MANA,Manassas National Battlefield Park,Grassland,True,MANA-0064,,2018-06-19,2,Kimberly Serno,2018-06,June,25,43,7,Mid (7-8am),10.0,25.0,84.0999984741211,20-25C,>80%,Partly Cloudy,Calm (< 1 mph) smoke rises vertically,Slight effect on count,12,15,0,0,0.0,False
MANA-0064|2018-07-14|V3,MANA,Manassas National Battlefield Park,Grassland,True,MANA-0064,,2018-07-14,3,Elizabeth Oswald,2018-07,July,28,68,6,Early (5-6am),10.0,17.7999992370605,83.8000030517578,15-20C,>80%,Clear or Few Clouds,Light air movement (1-3 mph) smoke drifts,No effect on count,12,15,0,0,0.0,False
MANA-0067|2018-05-15|V1,MANA,Manassas National Battlefield Park,Forest,True,MANA-0067,MANA 1,2018-05-15,1,Brian Swimelar,2018-05,May,20,8,6,Early (5-6am),10.0,25.0,57.0,20-25C,40-60%,Cloudy/Overcast,Calm (< 1 mph) smoke rises vertically,No effect on count,8,13,0,1,0.0,False
MANA-0067|2018-07-01|V2,MANA,Manassas National Battlefield Park,Forest,True,MANA-0067,MANA 1,2018-07-01,2,Kimberly Serno,2018-07,July,26,55,7,Mid (7-8am),10.0,26.0,70.4000015258789,25-30C,60-80%,Clear or Few Clouds,Light air movement (1-3 mph) smoke drifts,Slight effect on count,15,18,0,0,0.0,False
MANA-0076|2018-05-15|V1,MANA,Manassas National Battlefield Park,Grassland,True,MANA-0076,,2018-05-15,1,Elizabeth Oswald,2018-05,May,20,8,7,Mid (7-8am),10.0,24.2000007629395,74.3000030517578,20-25C,60-80%,Partly Cloudy,Light breeze (4-7 mph) wind felt on face,Slight effect on count,8,10,1,3,10.0,True
MANA-0076|2018-06-19|V2,MANA,Manassas National Battlefield Park,Grassland,True,MANA-0076,,2018-06-19,2,Brian Swimelar,2018-06,June,25,43,7,Mid (7-8am),10.0,30.2999992370605,68.8000030517578,>30C,60-80%,Partly Cloudy,Light air movement (1-3 mph) smoke drifts,Slight effect on count,10,10,0,0,0.0,False
MANA-0076|2018-07-14|V3,MANA,Manassas National Battlefield Park,Grassland,True,MANA-0076,,2018-07-14,3,Kimberly Serno,2018-07,July,28,68,5,Early (5-6am),10.0,17.6000003814697,70.0,15-20C,60-80%,Clear or Few Clouds,Light air movement (1-3 mph) smoke drifts,Slight effect on count,10,14,0,1,0.0,False
MANA-0091|2018-05-15|V1,MANA,Manassas National Battlefield Park,Forest,True,MANA-0091,MANA 2,2018-05-15,1,Kimberly Serno,2018-05,May,20,8,7,Mid (7-8am),10.0,19.5,81.3000030517578,15-20C,>80%,Cloudy/Overcast,Light breeze (4-7 mph) wind felt on face,Slight effect on count,11,14,1,0,7.14,True
MANA-0091|2018-06-19|V2,MANA,Manassas National Battlefield Park,Forest,True,MANA-0091,MANA 2,2018-06-19,2,Elizabeth Oswald,2018-06,June,25,43,8,Mid (7-8am),10.0,30.0,86.8000030517578,25-30C,>80%,Partly Cloudy,Light air movement (1-3 mph) smoke drifts,No effect on count,8,9,0,0,0.0,False
MANA-0093|2018-05-15|V1,MANA,Manassas National Battlefield Park,Grassland,True,MANA-0093,,2018-05-15,1,Kimberly Serno,2018-05,May,20,8,7,Mid (7-8am),10.0,19.7999992370605,81.4000015258789,15-20C,>80%,Cloudy/Overcast,Light breeze (4-7 mph) wind felt on face,Slight effect on count,7,9,0,2,0.0,False
MANA-0093|2018-06-19|V2,MANA,Manassas National Battlefield Park,Grassland,True,MANA-0093,,2018-06-19,2,Elizabeth Oswald,2018-06,June,25,43,8,Mid (7-8am),10.0,31.7999992370605,59.5999984741211,>30C,40-60%,Partly Cloudy,"Gentle breeze (8-12 mph), leaves in motion",No effect on count,11,15,0,0,0.0,False
MANA-0093|2018-07-14|V3,MANA,Manassas National Battlefield Park,Grassland,True,MANA-0093,,2018-07-14,3,Brian Swimelar,2018-07,July,28,68,7,Mid (7-8am),10.0,17.7999992370605,79.4000015258789,15-20C,60-80%,Cloudy/Overcast,Light air movement (1-3 mph) smoke drifts,No effect on count,8,14,0,0,0.0,False
MANA-0094|2018-05-15|V1,MANA,Manassas National Battlefield Park,Forest,True,MANA-0094,MANA 2,2018-05-15,1,Kimberly Serno,2018-05,May,20,8,7,Mid (7-8am),10.0,21.0,77.5,20-25C,60-80%,Cloudy/Overcast,Light breeze (4-7 mph) wind felt on face,Slight effect on count,11,13,0,0,0.0,False
MANA-0094|2018-06-19|V2,MANA,Manassas National Battlefield Park,Forest,True,MANA-0094,MANA 2,2018-06-19,2,Elizabeth Oswald,2018-06,June,25,43,9,Late (9-10am),10.0,32.0999984741211,58.4000015258789,>30C,40-60%,Partly Cloudy,"Gentle breeze (8-12 mph), leaves in motion",No effect on count,8,8,0,1,0.0,False
MANA-0097|2018-05-15|V1,MANA,Manassas National Battlefield Park,Grassland,True,MANA-0097,,2018-05-15,1,Elizabeth Oswald,2018-05,May,20,8,7,Mid (7-8am),10.0,22.5,76.6999969482422,20-25C,60-80%,Partly Cloudy,Light air movement (1-3 mph) smoke drifts,No effect on count,19,23,1,3,4.35,True
MANA-0097|2018-06-19|V2,MANA,Manassas National Battlefield Park,Grassland,True,MANA-0097,,2018-06-19,2,Brian Swimelar,2018-06,June,25,43,6,Early (5-6am),10.0,27.2999992370605,79.0999984741211,25-30C,60-80%,Partly Cloudy,Calm (< 1 mph) smoke rises vertically,No effect on count,8,10,0,0,0.0,False
MANA-0097|2018-07-14|V3,MANA,Manassas National Battlefield Park,Grassland,True,MANA-0097,,2018-07-14,3,Kimberly Serno,2018-07,July,28,68,6,Early (5-6am),10.0,16.7999992370605,76.0999984741211,15-20C,60-80%,Clear or Few Clouds,Light air movement (1-3 mph) smoke drifts,Slight effect on count,10,13,0,0,0.0,False
MANA-0101|2018-05-20|V1,MANA,Manassas National Battlefield Park,Grassland,True,MANA-0101,,2018-05-20,1,Brian Swimelar,2018-05,May,20,13,6,Early (5-6am),10.0,14.0,71.0,<15C,60-80%,Cloudy/Overcast,"Gentle breeze (8-12 mph), leaves in motion",No effect on count,8,14,0,6,0.0,False
MANA-0101|2018-07-01|V2,MANA,Manassas National Battlefield Park,Grassland,True,MANA-0101,,2018-07-01,2,Kimberly Serno,2018-07,July,26,55,6,Early (5-6am),10.0,22.3999996185303,77.4000015258789,20-25C,60-80%,Clear or Few Clouds,Light air movement (1-3 mph) smoke drifts,Slight effect on count,11,14,1,0,7.14,True
MANA-0101|2018-07-14|V3,MANA,Manassas National Battlefield Park,Grassland,True,MANA-0101,,2018-07-14,3,Elizabeth Oswald,2018-07,July,28,68,5,Early (5-6am),10.0,17.6000003814697,67.4000015258789,15-20C,60-80%,Clear or Few Clouds,Light air movement (1-3 mph) smoke drifts,Slight effect on count,9,12,0,0,0.0,False
MANA-0106|2018-05-14|V1,MANA,Manassas National Battlefield Park,Forest,True,MANA-0106,MANA 1,2018-05-14,1,Brian Swimelar,2018-05,May,20,7,6,Early (5-6am),11.0,25.0,55.0,20-25C,40-60%,Mist/Drizzle,Calm (< 1 mph) smoke rises vertically,Slight effect on count,6,8,0,0,0.0,False
MANA-0106|2018-06-18|V2,MANA,Manassas National Battlefield Park,Forest,True,MANA-0106,MANA 1,2018-06-18,2,Kimberly Serno,2018-06,June,25,42,10,Late (9-10am),10.0,33.5999984741211,58.9000015258789,>30C,40-60%,Partly Cloudy,Light air movement (1-3 mph) smoke drifts,Slight effect on count,9,10,2,0,20.0,True
MANA-0111|2018-05-15|V1,MANA,Manassas National Battlefield Park,Grassland,True,MANA-0111,,2018-05-15,1,Kimberly Serno,2018-05,May,20,8,6,Early (5-6am),10.0,21.0,76.0999984741211,20-25C,60-80%,Cloudy/Overcast,Light air movement (1-3 mph) smoke drifts,Slight effect on count,10,11,0,1,0.0,False
MANA-0111|2018-06-19|V2,MANA,Manassas National Battlefield Park,Grassland,True,MANA-0111,,2018-06-19,2,Elizabeth Oswald,2018-06,June,25,43,7,Mid (7-8am),10.0,25.8999996185303,79.6999969482422,25-30C,60-80%,Partly Cloudy,Light air movement (1-3 mph) smoke drifts,No effect on count,12,13,1,0,7.69,True
MANA-0111|2018-07-14|V3,MANA,Manassas National Battlefield Park,Grassland,True,MANA-0111,,2018-07-14,3,Brian Swimelar,2018-07,July,28,68,6,Early (5-6am),10.0,19.2000007629395,77.9000015258789,15-20C,60-80%,Clear or Few Clouds,Light air movement (1-3 mph) smoke drifts,No effect on count,11,13,0,1,0.0,False
MANA-0113|2018-05-15|V1,MANA,Manassas National Battlefield Park,Grassland,True,MANA-0113,,2018-05-15,1,Kimberly Serno,2018-05,May,20,8,8,Mid (7-8am),10.0,22.6000003814697,78.4000015258789,20-25C,60-80%,Cloudy/Overcast,Light breeze (4-7 mph) wind felt on face,Slight effect on count,12,13,0,1,0.0,False
MANA-0113|2018-06-19|V2,MANA,Manassas National Battlefield Park,Grassland,True,MANA-0113,,2018-06-19,2,Elizabeth Oswald,2018-06,June,25,43,8,Mid (7-8am),10.0,29.6000003814697,77.1999969482422,25-30C,60-80%,Partly Cloudy,"Gentle breeze (8-12 mph), leaves in motion",No effect on count,6,7,1,0,14.29,True
MANA-0113|2018-07-14|V3,MANA,Manassas National Battlefield Park,Grassland,True,MANA-0113,,2018-07-14,3,Brian Swimelar,2018-07,July,28,68,5,Early (5-6am),10.0,19.2000007629395,77.9000015258789,15-20C,60-80%,Partly Cloudy,Light air movement (1-3 mph) smoke drifts,No effect on count,6,11,0,0,0.0,False
MANA-0119|2018-05-15|V1,MANA,Manassas National Battlefield Park,Forest,True,MANA-0119,MANA 2,2018-05-15,1,Elizabeth Oswald,2018-05,May,20,8,7,Mid (7-8am),10.0,19.6000003814697,85.0999984741211,15-20C,>80%,Partly Cloudy,Light air movement (1-3 mph) smoke drifts,No effect on count,13,14,1,1,7.14,True
MANA-0119|2018-06-19|V2,MANA,Manassas National Battlefield Park,Forest,True,MANA-0119,MANA 2,2018-06-19,2,Brian Swimelar,2018-06,June,25,43,6,Early (5-6am),10.0,27.6000003814697,73.5,25-30C,60-80%,Partly Cloudy,Light air movement (1-3 mph) smoke drifts,No effect on count,6,9,0,0,0.0,False
MANA-0120|2018-05-15|V1,MANA,Manassas National Battlefield Park,Grassland,True,MANA-0120,,2018-05-15,1,Elizabeth Oswald,2018-05,May,20,8,7,Mid (7-8am),10.0,20.2000007629395,84.4000015258789,20-25C,>80%,Partly Cloudy,Light breeze (4-7 mph) wind felt on face,No effect on count,10,12,1,3,8.33,True
MANA-0120|2018-06-19|V2,MANA,Manassas National Battlefield Park,Grassland,True,MANA-0120,,2018-06-19,2,Brian Swimelar,2018-06,June,25,43,6,Early (5-6am),10.0,27.2999992370605,74.0,25-30C,60-80%,Partly Cloudy,Calm (< 1 mph) smoke rises vertically,Slight effect on count,3,6,0,0,0.0,False
MANA-0120|2018-07-14|V3,MANA,Manassas National Battlefield Park,Grassland,True,MANA-0120,,2018-07-14,3,Kimberly Serno,2018-07,July,28,68,6,Early (5-6am),10.0,17.0,81.5999984741211,15-20C,>80%,Clear or Few Clouds,Light air movement (1-3 mph) smoke drifts,Slight effect on count,9,11,0,1,0.0,False
MANA-0131|2018-05-15|V1,MANA,Manassas National Battlefield Park,Forest,True,MANA-0131,MANA 4,2018-05-15,1,Kimberly Serno,2018-05,May,20,8,6,Early (5-6am),10.0,22.8999996185303,70.0999984741211,20-25C,60-80%,Cloudy/Overcast,Light air movement (1-3 mph) smoke drifts,Slight effect on count,8,12,0,0,0.0,False
MANA-0131|2018-06-19|V2,MANA,Manassas National Battlefield Park,Forest,True,MANA-0131,MANA 4,2018-06-19,2,Elizabeth Oswald,2018-06,June,25,43,7,Mid (7-8am),10.0,24.7000007629395,84.8000030517578,20-25C,>80%,Clear or Few Clouds,Light air movement (1-3 mph) smoke drifts,No effect on count,11,12,1,0,8.33,True
MANA-0134|2018-05-15|V1,MANA,Manassas National Battlefield Park,Grassland,True,MANA-0134,,2018-05-15,1,Kimberly Serno,2018-05,May,20,8,8,Mid (7-8am),10.0,24.7999992370605,67.5,20-25C,60-80%,Cloudy/Overcast,Light breeze (4-7 mph) wind felt on face,Slight effect on count,10,12,0,0,0.0,False
MANA-0134|2018-06-19|V2,MANA,Manassas National Battlefield Park,Grassland,True,MANA-0134,,2018-06-19,2,Elizabeth Oswald,2018-06,June,25,43,8,Mid (7-8am),10.0,29.2999992370605,73.1999969482422,25-30C,60-80%,Partly Cloudy,Light breeze (4-7 mph) wind felt on face,No effect on count,11,12,1,0,8.33,True
MANA-0134|2018-07-14|V3,MANA,Manassas National Battlefield Park,Grassland,True,MANA-0134,,2018-07-14,3,Brian Swimelar,2018-07,July,28,68,6,Early (5-6am),10.0,22.0,66.0,20-25C,60-80%,Clear or Few Clouds,Light air movement (1-3 mph) smoke drifts,Slight effect on count,7,12,0,0,0.0,False
MANA-0137|2018-05-15|V1,MANA,Manassas National Battlefield Park,Grassland,True,MANA-0137,,2018-05-15,1,Elizabeth Oswald,2018-05,May,20,8,6,Early (5-6am),10.0,20.2999992370605,77.3000030517578,20-25C,60-80%,Partly Cloudy,Light air movement (1-3 mph) smoke drifts,Slight effect on count,8,10,1,0,10.0,True
MANA-0137|2018-06-19|V2,MANA,Manassas National Battlefield Park,Grassland,True,MANA-0137,,2018-06-19,2,Brian Swimelar,2018-06,June,25,43,5,Early (5-6am),10.0,23.3999996185303,84.1999969482422,20-25C,>80%,Cloudy/Overcast,Calm (< 1 mph) smoke rises vertically,No effect on count,9,11,0,0,0.0,False
MANA-0137|2018-07-14|V3,MANA,Manassas National Battlefield Park,Grassland,True,MANA-0137,,2018-07-14,3,Kimberly Serno,2018-07,July,28,68,7,Mid (7-8am),10.0,23.6000003814697,70.3000030517578,20-25C,60-80%,Clear or Few Clouds,Light air movement (1-3 mph) smoke drifts,Slight effect on count,8,13,0,0,0.0,False
MANA-0138|2018-05-15|V1,MANA,Manassas National Battlefield Park,Grassland,True,MANA-0138,,2018-05-15,1,Elizabeth Oswald,2018-05,May,20,8,6,Early (5-6am),10.0,19.6000003814697,85.0999984741211,15-20C,>80%,Partly Cloudy,Light air movement (1-3 mph) smoke drifts,Slight effect on count,9,11,1,1,9.09,True
MANA-0138|2018-06-19|V2,MANA,Manassas National Battlefield Park,Grassland,True,MANA-0138,,2018-06-19,2,Brian Swimelar,2018-06,June,25,43,5,Early (5-6am),10.0,27.1000003814697,70.0999984741211,25-30C,60-80%,Partly Cloudy,Light air movement (1-3 mph) smoke drifts,No effect on count,7,9,0,1,0.0,False
MANA-0138|2018-07-14|V3,MANA,Manassas National Battlefield Park,Grassland,True,MANA-0138,,2018-07-14,3,Kimberly Serno,2018-07,July,28,68,7,Mid (7-8am),10.0,21.6000003814697,84.0999984741211,20-25C,>80%,Clear or Few Clouds,Calm (< 1 mph) smoke rises vertically,Slight effect on count,11,13,0,0,0.0,False
MANA-0146|2018-05-14|V1,MANA,Manassas National Battlefield Park,Grassland,True,MANA-0146,,2018-05-14,1,Brian Swimelar,2018-05,May,20,7,6,Early (5-6am),11.0,21.0,72.0,20-25C,60-80%,Mist/Drizzle,Calm (< 1 mph) smoke rises vertically,No effect on count,9,10,0,1,0.0,False
MANA-0146|2018-06-18|V2,MANA,Manassas National Battlefield Park,Grassland,True,MANA-0146,,2018-06-18,2,Kimberly Serno,2018-06,June,25,42,9,Late (9-10am),10.0,35.0999984741211,47.5999984741211,>30C,40-60%,Partly Cloudy,Light breeze (4-7 mph) wind felt on face,No effect on count,10,14,0,1,0.0,False
MANA-0146|2018-07-16|V3,MANA,Manassas National Battlefield Park,Grassland,True,MANA-0146,,2018-07-16,3,Elizabeth Oswald,2018-07,July,29,70,6,Early (5-6am),10.0,20.1000003814697,82.6999969482422,20-25C,>80%,Partly Cloudy,Light air movement (1-3 mph) smoke drifts,No effect on count,6,7,0,1,0.0,False
MANA-0154|2018-05-15|V1,MANA,Manassas National Battlefield Park,Grassland,True,MANA-0154,,2018-05-15,1,Kimberly Serno,2018-05,May,20,8,9,Late (9-10am),10.0,26.3999996185303,62.0,25-30C,60-80%,Partly Cloudy,Light breeze (4-7 mph) wind felt on face,Slight effect on count,9,13,0,3,0.0,False
MANA-0154|2018-06-19|V2,MANA,Manassas National Battlefield Park,Grassland,True,MANA-0154,,2018-06-19,2,Elizabeth Oswald,2018-06,June,25,43,5,Early (5-6am),10.0,22.5,86.1999969482422,20-25C,>80%,Partly Cloudy,Light air movement (1-3 mph) smoke drifts,No effect on count,10,10,1,1,10.0,True
MANA-0154|2018-07-14|V3,MANA,Manassas National Battlefield Park,Grassland,True,MANA-0154,,2018-07-14,3,Brian Swimelar,2018-07,July,28,68,7,Mid (7-8am),10.0,23.1000003814697,69.9000015258789,20-25C,60-80%,Clear or Few Clouds,Light breeze (4-7 mph) wind felt on face,No effect on count,6,10,0,0,0.0,False
MANA-0156|2018-06-19|V2,MANA,Manassas National Battlefield Park,Grassland,True,MANA-0156,,2018-06-19,2,Elizabeth Oswald,2018-06,June,25,43,5,Early (5-6am),10.0,23.6000003814697,76.0,20-25C,60-80%,Partly Cloudy,Calm (< 1 mph) smoke rises vertically,No effect on count,6,7,0,0,0.0,False
MANA-0156|2018-07-14|V3,MANA,Manassas National Battlefield Park,Grassland,True,MANA-0156,,2018-07-14,3,Brian Swimelar,2018-07,July,28,68,6,Early (5-6am),10.0,22.8999996185303,69.9000015258789,20-25C,60-80%,Clear or Few Clouds,Light air movement (1-3 mph) smoke drifts,No effect on count,9,9,0,2,0.0,False
MANA-0163|2018-05-14|V1,MANA,Manassas National Battlefield Park,Forest,True,MANA-0163,MANA 3,2018-05-14,1,Elizabeth Oswald,2018-05,May,20,7,9,Late (9-10am),10.0,19.2000007629395,92.8000030517578,15-20C,>80%,Cloudy/Overcast,Light breeze (4-7 mph) wind felt on face,Serious effect on count,4,5,0,0,0.0,False
MANA-0163|2018-06-18|V2,MANA,Manassas National Battlefield Park,Forest,True,MANA-0163,MANA 3,2018-06-18,2,Brian Swimelar,2018-06,June,25,42,9,Late (9-10am),10.0,31.0,68.9000015258789,>30C,60-80%,Clear or Few Clouds,Calm (< 1 mph) smoke rises vertically,Serious effect on count,8,9,0,1,0.0,False
MANA-0165|2018-05-14|V1,MANA,Manassas National Battlefield Park,Grassland,True,MANA-0165,,2018-05-14,1,Brian Swimelar,2018-05,May,20,7,7,Mid (7-8am),11.0,22.0,68.0,20-25C,60-80%,Mist/Drizzle,Light breeze (4-7 mph) wind felt on face,No effect on count,9,13,0,1,0.0,False
MANA-0165|2018-06-18|V2,MANA,Manassas National Battlefield Park,Grassland,True,MANA-0165,,2018-06-18,2,Kimberly Serno,2018-06,June,25,42,9,Late (9-10am),10.0,30.7999992370605,64.0,>30C,60-80%,Partly Cloudy,Light air movement (1-3 mph) smoke drifts,No effect on count,12,17,0,3,0.0,False
MANA-0165|2018-07-16|V3,MANA,Manassas National Battlefield Park,Grassland,True,MANA-0165,,2018-07-16,3,Elizabeth Oswald,2018-07,July,29,70,6,Early (5-6am),10.0,20.3999996185303,89.6999969482422,20-25C,>80%,Partly Cloudy,Light air movement (1-3 mph) smoke drifts,No effect on count,7,8,0,1,0.0,False
MANA-0170|2018-05-14|V1,MANA,Manassas National Battlefield Park,Forest,True,MANA-0170,MANA 3,2018-05-14,1,Brian Swimelar,2018-05,May,20,7,9,Late (9-10am),10.0,22.0,69.0,20-25C,60-80%,Fog,Calm (< 1 mph) smoke rises vertically,No effect on count,6,7,0,0,0.0,False
MANA-0170|2018-06-18|V2,MANA,Manassas National Battlefield Park,Forest,True,MANA-0170,MANA 3,2018-06-18,2,Kimberly Serno,2018-06,June,25,42,8,Mid (7-8am),10.0,25.7000007629395,74.6999969482422,25-30C,60-80%,Partly Cloudy,Light air movement (1-3 mph) smoke drifts,No effect on count,5,8,0,0,0.0,False
MANA-0171|2018-05-15|V1,MANA,Manassas National Battlefield Park,Grassland,True,MANA-0171,,2018-05-15,1,Kimberly Serno,2018-05,May,20,8,6,Early (5-6am),10.0,22.8999996185303,70.0999984741211,20-25C,60-80%,Cloudy/Overcast,Calm (< 1 mph) smoke rises vertically,Moderate effect on count,8,10,0,1,0.0,False
MANA-0171|2018-06-19|V2,MANA,Manassas National Battlefield Park,Grassland,True,MANA-0171,,2018-06-19,2,Elizabeth Oswald,2018-06,June,25,43,6,Early (5-6am),10.0,23.3999996185303,86.5,20-25C,>80%,Partly Cloudy,Light air movement (1-3 mph) smoke drifts,No effect on count,8,8,2,0,25.0,True
MANA-0171|2018-07-14|V3,MANA,Manassas National Battlefield Park,Grassland,True,MANA-0171,,2018-07-14,3,Brian Swimelar,2018-07,July,28,68,8,Mid (7-8am),10.0,25.1000003814697,63.4000015258789,25-30C,60-80%,Clear or Few Clouds,Light air movement (1-3 mph) smoke drifts,Slight effect on count,5,8,0,0,0.0,False
MANA-0173|2018-05-15|V1,MANA,Manassas National Battlefield Park,Grassland,True,MANA-0173,,2018-05-15,1,Kimberly Serno,2018-05,May,20,8,9,Late (9-10am),10.0,27.2999992370605,60.0,25-30C,40-60%,Partly Cloudy,"Gentle breeze (8-12 mph), leaves in motion",Slight effect on count,8,8,0,1,0.0,False
MANA-0173|2018-06-19|V2,MANA,Manassas National Battlefield Park,Grassland,True,MANA-0173,,2018-06-19,2,Elizabeth Oswald,2018-06,June,25,43,6,Early (5-6am),10.0,22.8999996185303,88.5,20-25C,>80%,Partly Cloudy,Light air movement (1-3 mph) smoke drifts,Slight effect on count,11,12,0,1,0.0,False
MANA-0173|2018-07-14|V3,MANA,Manassas National Battlefield Park,Grassland,True,MANA-0173,,2018-07-14,3,Brian Swimelar,2018-07,July,28,68,7,Mid (7-8am),10.0,24.5,67.1999969482422,20-25C,60-80%,Clear or Few Clouds,Light air movement (1-3 mph) smoke drifts,Moderate effect on count,7,7,0,0,0.0,False
MANA-0178|2018-05-14|V1,MANA,Manassas National Battlefield Park,Grassland,True,MANA-0178,,2018-05-14,1,Elizabeth Oswald,2018-05,May,20,7,6,Early (5-6am),10.0,23.3999996185303,69.4000015258789,20-25C,60-80%,Fog,Light air movement (1-3 mph) smoke drifts,Slight effect on count,13,14,0,0,0.0,False
MANA-0178|2018-06-18|V2,MANA,Manassas National Battlefield Park,Grassland,True,MANA-0178,,2018-06-18,2,Brian Swimelar,2018-06,June,25,42,5,Early (5-6am),10.0,23.2999992370605,74.0999984741211,20-25C,60-80%,Clear or Few Clouds,Light air movement (1-3 mph) smoke drifts,No effect on count,5,5,0,1,0.0,False
MANA-0178|2018-07-14|V3,MANA,Manassas National Battlefield Park,Grassland,True,MANA-0178,,2018-07-14,3,Kimberly Serno,2018-07,July,28,68,8,Mid (7-8am),10.0,25.2000007629395,77.5,25-30C,60-80%,Clear or Few Clouds,Light air movement (1-3 mph) smoke drifts,Slight effect on count,6,7,0,1,0.0,False
MANA-0196|2018-05-15|V1,MANA,Manassas National Battlefield Park,Grassland,True,MANA-0196,,2018-05-15,1,Kimberly Serno,2018-05,May,20,8,10,Late (9-10am),10.0,31.2000007629395,56.7999992370605,>30C,40-60%,Partly Cloudy,Light breeze (4-7 mph) wind felt on face,Slight effect on count,8,8,0,2,0.0,False
MANA-0196|2018-06-19|V2,MANA,Manassas National Battlefield Park,Grassland,True,MANA-0196,,2018-06-19,2,Elizabeth Oswald,2018-06,June,25,43,6,Early (5-6am),10.0,23.2999992370605,88.1999969482422,20-25C,>80%,Partly Cloudy,Light air movement (1-3 mph) smoke drifts,Slight effect on count,11,11,0,1,0.0,False
MANA-0196|2018-07-14|V3,MANA,Manassas National Battlefield Park,Grassland,True,MANA-0196,,2018-07-14,3,Brian Swimelar,2018-07,July,28,68,7,Mid (7-8am),10.0,28.2000007629395,52.0,25-30C,40-60%,Clear or Few Clouds,Light air movement (1-3 mph) smoke drifts,Moderate effect on count,8,9,0,0,0.0,False
MANA-0197|2018-05-15|V1,MANA,Manassas National Battlefield Park,Grassland,True,MANA-0197,,2018-05-15,1,Kimberly Serno,2018-05,May,20,8,9,Late (9-10am),10.0,26.5,69.3000030517578,25-30C,60-80%,Partly Cloudy,"Gentle breeze (8-12 mph), leaves in motion",Slight effect on count,4,5,0,0,0.0,False
MANA-0197|2018-06-19|V2,MANA,Manassas National Battlefield Park,Grassland,True,MANA-0197,,2018-06-19,2,Elizabeth Oswald,2018-06,June,25,43,6,Early (5-6am),10.0,23.2000007629395,85.5,20-25C,>80%,Partly Cloudy,Light air movement (1-3 mph) smoke drifts,Moderate effect on count,10,10,1,0,10.0,True
MANA-0197|2018-07-14|V3,MANA,Manassas National Battlefield Park,Grassland,True,MANA-0197,,2018-07-14,3,Brian Swimelar,2018-07,July,28,68,7,Mid (7-8am),10.0,24.1000003814697,71.6999969482422,20-25C,60-80%,Clear or Few Clouds,Light air movement (1-3 mph) smoke drifts,Moderate effect on count,9,12,0,2,0.0,False
MANA-0202|2018-05-14|V1,MANA,Manassas National Battlefield Park,Forest,True,MANA-0202,MANA 4,2018-05-14,1,Kimberly Serno,2018-05,May,20,7,9,Late (9-10am),10.0,21.5,78.5,20-25C,60-80%,Cloudy/Overcast,Light air movement (1-3 mph) smoke drifts,Slight effect on count,5,7,0,0,0.0,False
MANA-0202|2018-06-18|V2,MANA,Manassas National Battlefield Park,Forest,True,MANA-0202,MANA 4,2018-06-18,2,Elizabeth Oswald,2018-06,June,25,42,7,Mid (7-8am),10.0,23.2000007629395,87.6999969482422,20-25C,>80%,Clear or Few Clouds,Light air movement (1-3 mph) smoke drifts,No effect on count,9,10,0,0,0.0,False
MANA-0205|2018-05-14|V1,MANA,Manassas National Battlefield Park,Forest,True,MANA-0205,MANA 3,2018-05-14,1,Elizabeth Oswald,2018-05,May,20,7,6,Early (5-6am),10.0,22.5,68.8000030517578,20-25C,60-80%,Mist/Drizzle,Light air movement (1-3 mph) smoke drifts,Moderate effect on count,7,7,0,0,0.0,False
MANA-0205|2018-06-18|V2,MANA,Manassas National Battlefield Park,Forest,True,MANA-0205,MANA 3,2018-06-18,2,Brian Swimelar,2018-06,June,25,42,6,Early (5-6am),10.0,22.7999992370605,77.6999969482422,20-25C,60-80%,Clear or Few Clouds,Calm (< 1 mph) smoke rises vertically,No effect on count,5,7,0,0,0.0,False
MANA-0213|2018-05-14|V1,MANA,Manassas National Battlefield Park,Grassland,True,MANA-0213,,2018-05-14,1,Brian Swimelar,2018-05,May,20,7,8,Mid (7-8am),11.0,22.0,69.0,20-25C,60-80%,Fog,Light air movement (1-3 mph) smoke drifts,No effect on count,9,10,1,1,10.0,True
MANA-0213|2018-06-18|V2,MANA,Manassas National Battlefield Park,Grassland,True,MANA-0213,,2018-06-18,2,Kimberly Serno,2018-06,June,25,42,7,Mid (7-8am),10.0,25.2000007629395,85.9000015258789,25-30C,>80%,Partly Cloudy,Calm (< 1 mph) smoke rises vertically,Slight effect on count,10,13,0,0,0.0,False
MANA-0213|2018-07-16|V3,MANA,Manassas National Battlefield Park,Grassland,True,MANA-0213,,2018-07-16,3,Elizabeth Oswald,2018-07,July,29,70,8,Mid (7-8am),10.0,23.8999996185303,91.3000030517578,20-25C,>80%,Clear or Few Clouds,Calm (< 1 mph) smoke rises vertically,No effect on count,5,5,0,2,0.0,False
MANA-0214|2018-05-14|V1,MANA,Manassas National Battlefield Park,Grassland,True,MANA-0214,,2018-05-14,1,Brian Swimelar,2018-05,May,20,7,9,Late (9-10am),10.0,22.0,69.0,20-25C,60-80%,Fog,Light air movement (1-3 mph) smoke drifts,No effect on count,7,12,0,3,0.0,False
MANA-0214|2018-06-18|V2,MANA,Manassas National Battlefield Park,Grassland,True,MANA-0214,,2018-06-18,2,Kimberly Serno,2018-06,June,25,42,7,Mid (7-8am),10.0,25.2999992370605,81.4000015258789,25-30C,>80%,Partly Cloudy,Calm (< 1 mph) smoke rises vertically,Slight effect on count,10,13,0,0,0.0,False
MANA-0214|2018-07-16|V3,MANA,Manassas National Battlefield Park,Grassland,True,MANA-0214,,2018-07-16,3,Elizabeth Oswald,2018-07,July,29,70,8,Mid (7-8am),10.0,22.7000007629395,87.5,20-25C,>80%,Clear or Few Clouds,Light air movement (1-3 mph) smoke drifts,No effect on count,7,10,0,0,0.0,False
MANA-0215|2018-05-14|V1,MANA,Manassas National Battlefield Park,Grassland,True,MANA-0215,,2018-05-14,1,Brian Swimelar,2018-05,May,20,7,10,Late (9-10am),11.0,22.0,69.0,20-25C,60-80%,Fog,Calm (< 1 mph) smoke rises vertically,No effect on count,7,15,0,5,0.0,False
MANA-0215|2018-06-18|V2,MANA,Manassas National Battlefield Park,Grassland,True,MANA-0215,,2018-06-18,2,Kimberly Serno,2018-06,June,25,42,8,Mid (7-8am),10.0,27.0,86.4000015258789,25-30C,>80%,Partly Cloudy,Calm (< 1 mph) smoke rises vertically,Slight effect on count,9,12,0,2,0.0,False
MANA-0215|2018-07-16|V3,MANA,Manassas National Battlefield Park,Grassland,True,MANA-0215,,2018-07-16,3,Elizabeth Oswald,2018-07,July,29,70,7,Mid (7-8am),10.0,22.7999992370605,89.5,20-25C,>80%,Clear or Few Clouds,Calm (< 1 mph) smoke rises vertically,No effect on count,4,7,0,1,0.0,False
MANA-0218|2018-05-14|V1,MANA,Manassas National Battlefield Park,Forest,True,MANA-0218,MANA 3,2018-05-14,1,Elizabeth Oswald,2018-05,May,20,7,10,Late (9-10am),10.0,20.8999996185303,88.9000015258789,20-25C,>80%,Cloudy/Overcast,Calm (< 1 mph) smoke rises vertically,Slight effect on count,8,9,1,0,11.11,True
MANA-0218|2018-06-18|V2,MANA,Manassas National Battlefield Park,Forest,True,MANA-0218,MANA 3,2018-06-18,2,Kimberly Serno,2018-06,June,25,42,5,Early (5-6am),10.0,23.0,70.5999984741211,20-25C,60-80%,Cloudy/Overcast,Calm (< 1 mph) smoke rises vertically,Moderate effect on count,5,6,1,0,16.67,True
MANA-0223|2018-06-18|V2,MANA,Manassas National Battlefield Park,Forest,True,MANA-0223,MANA 4,2018-06-18,2,Elizabeth Oswald,2018-06,June,25,42,5,Early (5-6am),10.0,21.3999996185303,70.9000015258789,20-25C,60-80%,Partly Cloudy,Light air movement (1-3 mph) smoke drifts,No effect on count,9,12,0,0,0.0,False
MANA-0229|2018-05-14|V1,MANA,Manassas National Battlefield Park,Forest,True,MANA-0229,MANA 3,2018-05-14,1,Elizabeth Oswald,2018-05,May,20,7,7,Mid (7-8am),10.0,20.0,82.5999984741211,15-20C,>80%,Mist/Drizzle,Calm (< 1 mph) smoke rises vertically,Slight effect on count,9,10,0,0,0.0,False
MANA-0229|2018-06-18|V2,MANA,Manassas National Battlefield Park,Forest,True,MANA-0229,MANA 3,2018-06-18,2,Brian Swimelar,2018-06,June,25,42,6,Early (5-6am),10.0,22.2999992370605,79.5,20-25C,60-80%,Clear or Few Clouds,Calm (< 1 mph) smoke rises vertically,No effect on count,7,8,0,0,0.0,False
MANA-0230|2018-05-14|V1,MANA,Manassas National Battlefield Park,Grassland,True,MANA-0230,,2018-05-14,1,Elizabeth Oswald,2018-05,May,20,7,8,Mid (7-8am),10.0,19.3999996185303,89.5,15-20C,>80%,Cloudy/Overcast,Light air movement (1-3 mph) smoke drifts,No effect on count,11,14,0,1,0.0,False
MANA-0230|2018-06-18|V2,MANA,Manassas National Battlefield Park,Grassland,True,MANA-0230,,2018-06-18,2,Brian Swimelar,2018-06,June,25,42,7,Mid (7-8am),10.0,27.7999992370605,68.3000030517578,25-30C,60-80%,Clear or Few Clouds,Calm (< 1 mph) smoke rises vertically,No effect on count,9,11,0,0,0.0,False
MANA-0230|2018-07-14|V3,MANA,Manassas National Battlefield Park,Grassland,True,MANA-0230,,2018-07-14,3,Kimberly Serno,2018-07,July,28,68,8,Mid (7-8am),10.0,24.7999992370605,72.0,20-25C,60-80%,Clear or Few Clouds,Light air movement (1-3 mph) smoke drifts,Slight effect on count,11,13,0,0,0.0,False
MANA-0232|2018-05-14|V1,MANA,Manassas National Battlefield Park,Grassland,True,MANA-0232,,2018-05-14,1,Elizabeth Oswald,2018-05,May,20,7,8,Mid (7-8am),10.0,20.2000007629395,89.5999984741211,20-25C,>80%,Cloudy/Overcast,Light air movement (1-3 mph) smoke drifts,No effect on count,11,12,0,2,0.0,False
MANA-0232|2018-06-18|V2,MANA,Manassas National Battlefield Park,Grassland,True,MANA-0232,,2018-06-18,2,Brian Swimelar,2018-06,June,25,42,8,Mid (7-8am),10.0,29.0,67.0999984741211,25-30C,60-80%,Clear or Few Clouds,Calm (< 1 mph) smoke rises vertically,No effect on count,7,7,0,0,0.0,False
MANA-0232|2018-07-14|V3,MANA,Manassas National Battlefield Park,Grassland,True,MANA-0232,,2018-07-14,3,Kimberly Serno,2018-07,July,28,68,9,Late (9-10am),10.0,28.0,55.2000007629395,25-30C,40-60%,Clear or Few Clouds,Light breeze (4-7 mph) wind felt on face,Slight effect on count,4,5,0,0,0.0,False
MANA-0234|2018-05-14|V1,MANA,Manassas National Battlefield Park,Grassland,True,MANA-0234,,2018-05-14,1,Brian Swimelar,2018-05,May,20,7,8,Mid (7-8am),11.0,22.0,69.0,20-25C,60-80%,Fog,Light breeze (4-7 mph) wind felt on face,Slight effect on count,8,11,0,3,0.0,False
MANA-0234|2018-06-18|V2,MANA,Manassas National Battlefield Park,Grassland,True,MANA-0234,,2018-06-18,2,Kimberly Serno,2018-06,June,25,42,7,Mid (7-8am),10.0,23.6000003814697,84.5999984741211,20-25C,>80%,Partly Cloudy,Calm (< 1 mph) smoke rises vertically,Slight effect on count,9,14,0,0,0.0,False
MANA-0234|2018-07-16|V3,MANA,Manassas National Battlefield Park,Grassland,True,MANA-0234,,2018-07-16,3,Elizabeth Oswald,2018-07,July,29,70,8,Mid (7-8am),10.0,24.2000007629395,92.8000030517578,20-25C,>80%,Clear or Few Clouds,Light air movement (1-3 mph) smoke drifts,No effect on count,7,7,0,2,0.0,False
MANA-0235|2018-05-14|V1,MANA,Manassas National Battlefield Park,Grassland,True,MANA-0235,,2018-05-14,1,Brian Swimelar,2018-05,May,20,7,9,Late (9-10am),11.0,22.0,69.0,20-25C,60-80%,Fog,Calm (< 1 mph) smoke rises vertically,No effect on count,7,11,0,4,0.0,False
MANA-0235|2018-06-18|V2,MANA,Manassas National Battlefield Park,Grassland,True,MANA-0235,,2018-06-18,2,Kimberly Serno,2018-06,June,25,42,9,Late (9-10am),10.0,30.7999992370605,85.4000015258789,>30C,>80%,Partly Cloudy,Calm (< 1 mph) smoke rises vertically,Slight effect on count,10,13,0,0,0.0,False
MANA-0235|2018-07-16|V3,MANA,Manassas National Battlefield Park,Grassland,True,MANA-0235,,2018-07-16,3,Elizabeth Oswald,2018-07,July,29,70,7,Mid (7-8am),10.0,21.8999996185303,86.8000030517578,20-25C,>80%,Clear or Few Clouds,Light air movement (1-3 mph) smoke drifts,Slight effect on count,8,14,0,3,0.0,False
MANA-0236|2018-05-14|V1,MANA,Manassas National Battlefield Park,Grassland,True,MANA-0236,,2018-05-14,1,Brian Swimelar,2018-05,May,20,7,10,Late (9-10am),11.0,22.0,69.0,20-25C,60-80%,Fog,Calm (< 1 mph) smoke rises vertically,No effect on count,4,9,0,3,0.0,False
MANA-0236|2018-06-18|V2,MANA,Manassas National Battlefield Park,Grassland,True,MANA-0236,,2018-06-18,2,Kimberly Serno,2018-06,June,25,42,8,Mid (7-8am),10.0,29.7000007629395,73.0999984741211,25-30C,60-80%,Partly Cloudy,Calm (< 1 mph) smoke rises vertically,Slight effect on count,11,14,0,0,0.0,False
MANA-0236|2018-07-16|V3,MANA,Manassas National Battlefield Park,Grassland,True,MANA-0236,,2018-07-16,3,Elizabeth Oswald,2018-07,July,29,70,7,Mid (7-8am),10.0,22.2000007629395,85.4000015258789,20-25C,>80%,Clear or Few Clouds,Light air movement (1-3 mph) smoke drifts,No effect on count,7,11,0,0,0.0,False
MANA-0240|2018-05-14|V1,MANA,Manassas National Battlefield Park,Forest,True,MANA-0240,MANA 4,2018-05-14,1,Kimberly Serno,2018-05,May,20,7,7,Mid (7-8am),10.0,19.2999992370605,86.1999969482422,15-20C,>80%,Fog,Calm (< 1 mph) smoke rises vertically,Slight effect on count,15,16,0,0,0.0,False
MANA-0240|2018-06-18|V2,MANA,Manassas National Battlefield Park,Forest,True,MANA-0240,MANA 4,2018-06-18,2,Elizabeth Oswald,2018-06,June,25,42,6,Early (5-6am),10.0,21.7000007629395,86.0999984741211,20-25C,>80%,Clear or Few Clouds,Light air movement (1-3 mph) smoke drifts,No effect on count,14,16,0,0,0.0,False
MANA-0241|2018-05-14|V1,MANA,Manassas National Battlefield Park,Grassland,True,MANA-0241,,2018-05-14,1,Kimberly Serno,2018-05,May,20,7,7,Mid (7-8am),10.0,20.2000007629395,82.0,20-25C,>80%,Fog,Calm (< 1 mph) smoke rises vertically,Slight effect on count,14,15,0,2,0.0,False
MANA-0241|2018-06-18|V2,MANA,Manassas National Battlefield Park,Grassland,True,MANA-0241,,2018-06-18,2,Elizabeth Oswald,2018-06,June,25,42,6,Early (5-6am),10.0,21.5,87.3000030517578,20-25C,>80%,Partly Cloudy,Light air movement (1-3 mph) smoke drifts,Slight effect on count,10,12,1,1,8.33,True
MANA-0241|2018-07-14|V3,MANA,Manassas National Battlefield Park,Grassland,True,MANA-0241,,2018-07-14,3,Brian Swimelar,2018-07,July,28,68,8,Mid (7-8am),10.0,28.0,49.9000015258789,25-30C,40-60%,Clear or Few Clouds,Light breeze (4-7 mph) wind felt on face,No effect on count,6,7,0,2,0.0,False
MANA-0243|2018-05-14|V1,MANA,Manassas National Battlefield Park,Forest,True,MANA-0243,MANA 4,2018-05-14,1,Kimberly Serno,2018-05,May,20,7,6,Early (5-6am),10.0,20.6000003814697,73.5999984741211,20-25C,60-80%,Fog,Calm (< 1 mph) smoke rises vertically,Slight effect on count,7,9,0,0,0.0,False
MANA-0243|2018-06-18|V2,MANA,Manassas National Battlefield Park,Forest,True,MANA-0243,MANA 4,2018-06-18,2,Elizabeth Oswald,2018-06,June,25,42,6,Early (5-6am),10.0,21.2000007629395,79.6999969482422,20-25C,60-80%,Clear or Few Clouds,Light breeze (4-7 mph) wind felt on face,Slight effect on count,8,12,0,0,0.0,False
MANA-0246|2018-05-14|V1,MANA,Manassas National Battlefield Park,Grassland,True,MANA-0246,,2018-05-14,1,Kimberly Serno,2018-05,May,20,7,9,Late (9-10am),10.0,21.0,84.9000015258789,20-25C,>80%,Cloudy/Overcast,Calm (< 1 mph) smoke rises vertically,Slight effect on count,8,9,0,0,0.0,False
MANA-0246|2018-06-18|V2,MANA,Manassas National Battlefield Park,Grassland,True,MANA-0246,,2018-06-18,2,Elizabeth Oswald,2018-06,June,25,42,7,Mid (7-8am),10.0,27.1000003814697,77.9000015258789,25-30C,60-80%,Clear or Few Clouds,Light air movement (1-3 mph) smoke drifts,No effect on count,9,14,0,1,0.0,False
MANA-0246|2018-07-14|V3,MANA,Manassas National Battlefield Park,Grassland,True,MANA-0246,,2018-07-14,3,Brian Swimelar,2018-07,July,28,68,10,Late (9-10am),10.0,31.7999992370605,40.5,>30C,40-60%,Clear or Few Clouds,Light breeze (4-7 mph) wind felt on face,Slight effect on count,5,8,0,2,0.0,False
MANA-0253|2018-05-14|V1,MANA,Manassas National Battlefield Park,Forest,True,MANA-0253,MANA 3,2018-05-14,1,Elizabeth Oswald,2018-05,May,20,7,8,Mid (7-8am),10.0,20.2999992370605,88.8000030517578,20-25C,>80%,Cloudy/Overcast,Light air movement (1-3 mph) smoke drifts,Slight effect on count,10,11,0,0,0.0,False
MANA-0253|2018-06-18|V2,MANA,Manassas National Battlefield Park,Forest,True,MANA-0253,MANA 3,2018-06-18,2,Brian Swimelar,2018-06,June,25,42,8,Mid (7-8am),10.0,27.7999992370605,68.3000030517578,25-30C,60-80%,Clear or Few Clouds,Calm (< 1 mph) smoke rises vertically,Slight effect on count,10,11,1,0,9.09,True
MANA-0255|2018-05-14|V1,MANA,Manassas National Battlefield Park,Grassland,True,MANA-0255,,2018-05-14,1,Brian Swimelar,2018-05,May,20,7,8,Mid (7-8am),11.0,22.0,69.0,20-25C,60-80%,Fog,Light breeze (4-7 mph) wind felt on face,Moderate effect on count,7,11,0,3,0.0,False
MANA-0255|2018-06-18|V2,MANA,Manassas National Battlefield Park,Grassland,True,MANA-0255,,2018-06-18,2,Kimberly Serno,2018-06,June,25,42,6,Early (5-6am),10.0,23.3999996185303,77.0999984741211,20-25C,60-80%,Partly Cloudy,Calm (< 1 mph) smoke rises vertically,Slight effect on count,10,14,0,0,0.0,False
MANA-0255|2018-07-16|V3,MANA,Manassas National Battlefield Park,Grassland,True,MANA-0255,,2018-07-16,3,Elizabeth Oswald,2018-07,July,29,70,6,Early (5-6am),10.0,20.8999996185303,81.5999984741211,20-25C,>80%,Partly Cloudy,Light air movement (1-3 mph) smoke drifts,Moderate effect on count,10,12,0,2,0.0,False
MANA-0256|2018-05-14|V1,MANA,Manassas National Battlefield Park,Grassland,True,MANA-0256,,2018-05-14,1,Brian Swimelar,2018-05,May,20,7,10,Late (9-10am),11.0,22.0,69.0,20-25C,60-80%,Fog,Light air movement (1-3 mph) smoke drifts,Slight effect on count,4,9,0,1,0.0,False
MANA-0256|2018-06-18|V2,MANA,Manassas National Battlefield Park,Grassland,True,MANA-0256,,2018-06-18,2,Kimberly Serno,2018-06,June,25,42,6,Early (5-6am),10.0,22.3999996185303,78.8000030517578,20-25C,60-80%,Partly Cloudy,Calm (< 1 mph) smoke rises vertically,Moderate effect on count,8,13,0,0,0.0,False
MANA-0256|2018-07-16|V3,MANA,Manassas National Battlefield Park,Grassland,True,MANA-0256,,2018-07-16,3,Elizabeth Oswald,2018-07,July,29,70,7,Mid (7-8am),10.0,21.2999992370605,91.0,20-25C,>80%,Partly Cloudy,Light breeze (4-7 mph) wind felt on face,Slight effect on count,8,10,0,0,0.0,False
MANA-0267|2018-05-14|V1,MANA,Manassas National Battlefield Park,Grassland,True,MANA-0267,,2018-05-14,1,Elizabeth Oswald,2018-05,May,20,7,7,Mid (7-8am),10.0,20.3999996185303,80.9000015258789,20-25C,>80%,Mist/Drizzle,Light air movement (1-3 mph) smoke drifts,No effect on count,12,13,1,0,7.69,True
MANA-0267|2018-06-18|V2,MANA,Manassas National Battlefield Park,Grassland,True,MANA-0267,,2018-06-18,2,Brian Swimelar,2018-06,June,25,42,7,Mid (7-8am),10.0,27.8999996185303,66.4000015258789,25-30C,60-80%,Clear or Few Clouds,Calm (< 1 mph) smoke rises vertically,No effect on count,4,7,0,0,0.0,False
MANA-0267|2018-07-14|V3,MANA,Manassas National Battlefield Park,Grassland,True,MANA-0267,,2018-07-14,3,Kimberly Serno,2018-07,July,28,68,8,Mid (7-8am),10.0,23.6000003814697,75.6999969482422,20-25C,60-80%,Clear or Few Clouds,Calm (< 1 mph) smoke rises vertically,Moderate effect on count,5,6,0,0,0.0,False
MANA-0278|2018-05-14|V1,MANA,Manassas National Battlefield Park,Grassland,True,MANA-0278,,2018-05-14,1,Kimberly Serno,2018-05,May,20,7,8,Mid (7-8am),10.0,19.3999996185303,86.6999969482422,15-20C,>80%,Cloudy/Overcast,Calm (< 1 mph) smoke rises vertically,Slight effect on count,8,11,0,1,0.0,False
MANA-0278|2018-06-18|V2,MANA,Manassas National Battlefield Park,Grassland,True,MANA-0278,,2018-06-18,2,Elizabeth Oswald,2018-06,June,25,42,8,Mid (7-8am),10.0,29.7999992370605,68.6999969482422,25-30C,60-80%,Clear or Few Clouds,Light breeze (4-7 mph) wind felt on face,Moderate effect on count,7,8,0,1,0.0,False
MANA-0278|2018-07-14|V3,MANA,Manassas National Battlefield Park,Grassland,True,MANA-0278,,2018-07-14,3,Brian Swimelar,2018-07,July,28,68,9,Late (9-10am),10.0,27.6000003814697,48.7999992370605,25-30C,40-60%,Clear or Few Clouds,Light breeze (4-7 mph) wind felt on face,Moderate effect on count,4,6,0,0,0.0,False
MANA-0279|2018-05-14|V1,MANA,Manassas National Battlefield Park,Grassland,True,MANA-0279,,2018-05-14,1,Kimberly Serno,2018-05,May,20,7,8,Mid (7-8am),10.0,20.3999996185303,82.5,20-25C,>80%,Cloudy/Overcast,Light air movement (1-3 mph) smoke drifts,Moderate effect on count,9,10,0,1,0.0,False
MANA-0279|2018-06-18|V2,MANA,Manassas National Battlefield Park,Grassland,True,MANA-0279,,2018-06-18,2,Elizabeth Oswald,2018-06,June,25,42,8,Mid (7-8am),10.0,27.6000003814697,72.3000030517578,25-30C,60-80%,Clear or Few Clouds,Light breeze (4-7 mph) wind felt on face,Moderate effect on count,6,7,0,1,0.0,False
MANA-0279|2018-07-14|V3,MANA,Manassas National Battlefield Park,Grassland,True,MANA-0279,,2018-07-14,3,Brian Swimelar,2018-07,July,28,68,9,Late (9-10am),10.0,27.6000003814697,48.7999992370605,25-30C,40-60%,Clear or Few Clouds,Light breeze (4-7 mph) wind felt on face,Serious effect on count,4,4,0,0,0.0,False
MONO-0002|2018-05-10|V1,MONO,Monocacy National Battlefield,Grassland,True,MONO-0002,,2018-05-10,1,Kimberly Serno,2018-05,May,19,3,8,Mid (7-8am),10.0,19.2999992370605,70.4000015258789,15-20C,60-80%,Cloudy/Overcast,Light breeze (4-7 mph) wind felt on face,Slight effect on count,7,10,0,1,0.0,False
MONO-0002|2018-06-05|V2,MONO,Monocacy National Battlefield,Grassland,True,MONO-0002,,2018-06-05,2,Brian Swimelar,2018-06,June,23,29,8,Mid (7-8am),10.0,24.3999996185303,48.4000015258789,20-25C,40-60%,Clear or Few Clouds,"Gentle breeze (8-12 mph), leaves in motion",Serious effect on count,6,9,0,2,0.0,False
MONO-0002|2018-07-11|V3,MONO,Monocacy National Battlefield,Grassland,True,MONO-0002,,2018-07-11,3,Elizabeth Oswald,2018-07,July,28,65,7,Mid (7-8am),10.0,21.3999996185303,73.9000015258789,20-25C,60-80%,Clear or Few Clouds,Light air movement (1-3 mph) smoke drifts,Slight effect on count,4,6,0,0,0.0,False
MONO-0003|2018-05-07|V1,MONO,Monocacy National Battlefield,Grassland,True,MONO-0003,,2018-05-07,1,Kimberly Serno,2018-05,May,19,0,10,Late (9-10am),10.0,24.0,46.0999984741211,20-25C,40-60%,Partly Cloudy,Light breeze (4-7 mph) wind felt on face,Slight effect on count,12,17,0,0,0.0,False
MONO-0003|2018-06-05|V2,MONO,Monocacy National Battlefield,Grassland,True,MONO-0003,,2018-06-05,2,Brian Swimelar,2018-06,June,23,29,10,Late (9-10am),10.0,22.6000003814697,54.2000007629395,20-25C,40-60%,Partly Cloudy,Light breeze (4-7 mph) wind felt on face,Slight effect on count,7,7,0,5,0.0,False
MONO-0003|2018-07-11|V3,MONO,Monocacy National Battlefield,Grassland,True,MONO-0003,,2018-07-11,3,Elizabeth Oswald,2018-07,July,28,65,7,Mid (7-8am),10.0,21.2000007629395,87.3000030517578,20-25C,>80%,Clear or Few Clouds,Light air movement (1-3 mph) smoke drifts,Slight effect on count,7,7,0,2,0.0,False
MONO-0006|2018-05-10|V1,MONO,Monocacy National Battlefield,Grassland,True,MONO-0006,,2018-05-10,1,Kimberly Serno,2018-05,May,19,3,8,Mid (7-8am),10.0,21.1000003814697,66.3000030517578,20-25C,60-80%,Cloudy/Overcast,Light air movement (1-3 mph) smoke drifts,Slight effect on count,5,7,0,3,0.0,False
MONO-0006|2018-06-05|V2,MONO,Monocacy National Battlefield,Grassland,True,MONO-0006,,2018-06-05,2,Brian Swimelar,2018-06,June,23,29,9,Late (9-10am),10.0,24.7999992370605,42.7999992370605,20-25C,40-60%,Cloudy/Overcast,Light breeze (4-7 mph) wind felt on face,Serious effect on count,4,4,0,1,0.0,False
MONO-0006|2018-07-11|V3,MONO,Monocacy National Battlefield,Grassland,True,MONO-0006,,2018-07-11,3,Elizabeth Oswald,2018-07,July,28,65,8,Mid (7-8am),10.0,23.2000007629395,86.1999969482422,20-25C,>80%,Clear or Few Clouds,Light breeze (4-7 mph) wind felt on face,No effect on count,3,3,0,0,0.0,False
MONO-0007|2018-05-10|V1,MONO,Monocacy National Battlefield,Grassland,True,MONO-0007,,2018-05-10,1,Kimberly Serno,2018-05,May,19,3,8,Mid (7-8am),10.0,20.2000007629395,68.5999984741211,20-25C,60-80%,Cloudy/Overcast,Light breeze (4-7 mph) wind felt on face,Slight effect on count,4,8,0,4,0.0,False
MONO-0007|2018-06-05|V2,MONO,Monocacy National Battlefield,Grassland,True,MONO-0007,,2018-06-05,2,Brian Swimelar,2018-06,June,23,29,9,Late (9-10am),10.0,21.3999996185303,52.0,20-25C,40-60%,Fog,Light breeze (4-7 mph) wind felt on face,Moderate effect on count,2,2,0,0,0.0,False
MONO-0007|2018-07-11|V3,MONO,Monocacy National Battlefield,Grassland,True,MONO-0007,,2018-07-11,3,Elizabeth Oswald,2018-07,July,28,65,8,Mid (7-8am),10.0,23.3999996185303,87.4000015258789,20-25C,>80%,Clear or Few Clouds,Light air movement (1-3 mph) smoke drifts,No effect on count,3,4,0,0,0.0,False
MONO-0008|2018-05-10|V1,MONO,Monocacy National Battlefield,Grassland,True,MONO-0008,,2018-05-10,1,Kimberly Serno,2018-05,May,19,3,8,Mid (7-8am),10.0,19.7000007629395,67.5,15-20C,60-80%,Cloudy/Overcast,Light breeze (4-7 mph) wind felt on face,Slight effect on count,4,7,0,2,0.0,False
MONO-0008|2018-06-05|V2,MONO,Monocacy National Battlefield,Grassland,True,MONO-0008,,2018-06-05,2,Brian Swimelar,2018-06,June,23,29,9,Late (9-10am),10.0,23.7000007629395,49.2999992370605,20-25C,40-60%,Partly Cloudy,"Gentle breeze (8-12 mph), leaves in motion",Slight effect on count,6,7,0,2,0.0,False
MONO-0008|2018-07-11|V3,MONO,Monocacy National Battlefield,Grassland,True,MONO-0008,,2018-07-11,3,Elizabeth Oswald,2018-07,July,28,65,7,Mid (7-8am),10.0,22.1000003814697,78.5,20-25C,60-80%,Clear or Few Clouds,Light air movement (1-3 mph) smoke drifts,Slight effect on count,5,6,0,2,0.0,False
MONO-0009|2018-05-07|V1,MONO,Monocacy National Battlefield,Grassland,True,MONO-0009,,2018-05-07,1,Kimberly Serno,2018-05,May,19,0,10,Late (9-10am),10.0,24.5,49.0,20-25C,40-60%,Partly Cloudy,Light breeze (4-7 mph) wind felt on face,Moderate effect on count,10,11,0,0,0.0,False
MONO-0009|2018-06-05|V2,MONO,Monocacy National Battlefield,Grassland,True,MONO-0009,,2018-06-05,2,Brian Swimelar,2018-06,June,23,29,10,Late (9-10am),11.0,26.7999992370605,44.0,25-30C,40-60%,Partly Cloudy,"Gentle breeze (8-12 mph), leaves in motion",Serious effect on count,6,6,0,0,0.0,False
MONO-0009|2018-07-13|V3,MONO,Monocacy National Battlefield,Grassland,True,MONO-0009,,2018-07-13,3,Elizabeth Oswald,2018-07,July,28,67,6,Early (5-6am),10.0,18.0,85.5999984741211,15-20C,>80%,Clear or Few Clouds,Light air movement (1-3 mph) smoke drifts,Moderate effect on count,7,8,0,2,0.0,False
MONO-0010|2018-05-07|V1,MONO,Monocacy National Battlefield,Grassland,True,MONO-0010,,2018-05-07,1,Kimberly Serno,2018-05,May,19,0,10,Late (9-10am),10.0,22.5,62.7999992370605,20-25C,60-80%,Clear or Few Clouds,Light air movement (1-3 mph) smoke drifts,Slight effect on count,13,16,0,0,0.0,False
MONO-0010|2018-06-14|V2,MONO,Monocacy National Battlefield,Grassland,True,MONO-0010,,2018-06-14,2,Brian Swimelar,2018-06,June,24,38,8,Mid (7-8am),10.0,26.7000007629395,62.7999992370605,25-30C,60-80%,Partly Cloudy,Light breeze (4-7 mph) wind felt on face,Slight effect on count,6,6,0,0,0.0,False
MONO-0010|2018-07-13|V3,MONO,Monocacy National Battlefield,Grassland,True,MONO-0010,,2018-07-13,3,Elizabeth Oswald,2018-07,July,28,67,6,Early (5-6am),10.0,17.6000003814697,84.6999969482422,15-20C,>80%,Clear or Few Clouds,Light air movement (1-3 mph) smoke drifts,Slight effect on count,9,11,0,3,0.0,False
MONO-0014|2018-05-10|V1,MONO,Monocacy National Battlefield,Grassland,True,MONO-0014,,2018-05-10,1,Kimberly Serno,2018-05,May,19,3,9,Late (9-10am),10.0,21.6000003814697,64.3000030517578,20-25C,60-80%,Cloudy/Overcast,Light breeze (4-7 mph) wind felt on face,Serious effect on count,6,6,0,3,0.0,False
MONO-0014|2018-06-05|V2,MONO,Monocacy National Battlefield,Grassland,True,MONO-0014,,2018-06-05,2,Brian Swimelar,2018-06,June,23,29,10,Late (9-10am),10.0,24.6000003814697,45.2999992370605,20-25C,40-60%,Cloudy/Overcast,Light breeze (4-7 mph) wind felt on face,Serious effect on count,7,9,0,3,0.0,False
MONO-0014|2018-07-11|V3,MONO,Monocacy National Battlefield,Grassland,True,MONO-0014,,2018-07-11,3,Elizabeth Oswald,2018-07,July,28,65,8,Mid (7-8am),10.0,24.0,85.5,20-25C,>80%,Partly Cloudy,Light breeze (4-7 mph) wind felt on face,Moderate effect on count,2,2,0,0,0.0,False
MONO-0015|2018-05-10|V1,MONO,Monocacy National Battlefield,Grassland,True,MONO-0015,,2018-05-10,1,Kimberly Serno,2018-05,May,19,3,9,Late (9-10am),10.0,21.6000003814697,61.7000007629395,20-25C,60-80%,Cloudy/Overcast,Light breeze (4-7 mph) wind felt on face,Moderate effect on count,9,11,0,6,0.0,False
MONO-0015|2018-06-05|V2,MONO,Monocacy National Battlefield,Grassland,True,MONO-0015,,2018-06-05,2,Brian Swimelar,2018-06,June,23,29,5,Early (5-6am),10.0,11.6000003814697,66.1999969482422,<15C,60-80%,Clear or Few Clouds,Light air movement (1-3 mph) smoke drifts,Moderate effect on count,3,3,0,1,0.0,False
MONO-0015|2018-07-11|V3,MONO,Monocacy National Battlefield,Grassland,True,MONO-0015,,2018-07-11,3,Elizabeth Oswald,2018-07,July,28,65,9,Late (9-10am),10.0,24.2999992370605,86.0,20-25C,>80%,Partly Cloudy,Light breeze (4-7 mph) wind felt on face,No effect on count,2,2,0,0,0.0,False
MONO-0016|2018-05-10|V1,MONO,Monocacy National Battlefield,Grassland,True,MONO-0016,,2018-05-10,1,Kimberly Serno,2018-05,May,19,3,7,Mid (7-8am),10.0,20.6000003814697,63.5999984741211,20-25C,60-80%,Partly Cloudy,Light air movement (1-3 mph) smoke drifts,Slight effect on count,8,10,0,3,0.0,False
MONO-0016|2018-06-05|V2,MONO,Monocacy National Battlefield,Grassland,True,MONO-0016,,2018-06-05,2,Brian Swimelar,2018-06,June,23,29,5,Early (5-6am),10.0,11.8000001907349,80.8000030517578,<15C,>80%,Clear or Few Clouds,Light air movement (1-3 mph) smoke drifts,Slight effect on count,3,6,0,1,0.0,False
MONO-0016|2018-07-13|V3,MONO,Monocacy National Battlefield,Grassland,True,MONO-0016,,2018-07-13,3,Elizabeth Oswald,2018-07,July,28,67,8,Mid (7-8am),10.0,20.1000003814697,93.8000030517578,20-25C,>80%,Clear or Few Clouds,Light breeze (4-7 mph) wind felt on face,No effect on count,4,6,0,1,0.0,False
MONO-0017|2018-05-10|V1,MONO,Monocacy National Battlefield,Grassland,True,MONO-0017,,2018-05-10,1,Kimberly Serno,2018-05,May,19,3,7,Mid (7-8am),10.0,19.1000003814697,68.8000030517578,15-20C,60-80%,Cloudy/Overcast,Light breeze (4-7 mph) wind felt on face,Slight effect on count,4,5,0,0,0.0,False
MONO-0017|2018-06-05|V2,MONO,Monocacy National Battlefield,Grassland,True,MONO-0017,,2018-06-05,2,Brian Swimelar,2018-06,June,23,29,6,Early (5-6am),10.0,18.2000007629395,64.6999969482422,15-20C,60-80%,Clear or Few Clouds,Light air movement (1-3 mph) smoke drifts,Moderate effect on count,4,5,0,0,0.0,False
MONO-0017|2018-07-13|V3,MONO,Monocacy National Battlefield,Grassland,True,MONO-0017,,2018-07-13,3,Elizabeth Oswald,2018-07,July,28,67,7,Mid (7-8am),10.0,18.7000007629395,84.9000015258789,15-20C,>80%,Clear or Few Clouds,Calm (< 1 mph) smoke rises vertically,No effect on count,5,5,0,2,0.0,False
MONO-0018|2018-05-07|V1,MONO,Monocacy National Battlefield,Grassland,True,MONO-0018,,2018-05-07,1,Kimberly Serno,2018-05,May,19,0,9,Late (9-10am),10.0,23.2000007629395,50.4000015258789,20-25C,40-60%,Clear or Few Clouds,Light breeze (4-7 mph) wind felt on face,Moderate effect on count,7,10,0,1,0.0,False
MONO-0018|2018-06-14|V2,MONO,Monocacy National Battlefield,Grassland,True,MONO-0018,,2018-06-14,2,Brian Swimelar,2018-06,June,24,38,9,Late (9-10am),10.0,25.6000003814697,50.5999984741211,25-30C,40-60%,Clear or Few Clouds,"Gentle breeze (8-12 mph), leaves in motion",Serious effect on count,6,8,0,1,0.0,False
MONO-0018|2018-07-13|V3,MONO,Monocacy National Battlefield,Grassland,True,MONO-0018,,2018-07-13,3,Elizabeth Oswald,2018-07,July,28,67,5,Early (5-6am),10.0,17.5,75.1999969482422,15-20C,60-80%,Partly Cloudy,Calm (< 1 mph) smoke rises vertically,Moderate effect on count,10,12,0,1,0.0,False
MONO-0019|2018-05-07|V1,MONO,Monocacy National Battlefield,Grassland,True,MONO-0019,,2018-05-07,1,Kimberly Serno,2018-05,May,19,0,9,Late (9-10am),10.0,22.7999992370605,58.7000007629395,20-25C,40-60%,Clear or Few Clouds,Light air movement (1-3 mph) smoke drifts,Slight effect on count,9,14,0,0,0.0,False
MONO-0019|2018-06-14|V2,MONO,Monocacy National Battlefield,Grassland,True,MONO-0019,,2018-06-14,2,Brian Swimelar,2018-06,June,24,38,9,Late (9-10am),10.0,24.1000003814697,40.0999984741211,20-25C,40-60%,Clear or Few Clouds,Light breeze (4-7 mph) wind felt on face,Slight effect on count,3,3,0,0,0.0,False
MONO-0019|2018-07-13|V3,MONO,Monocacy National Battlefield,Grassland,True,MONO-0019,,2018-07-13,3,Elizabeth Oswald,2018-07,July,28,67,5,Early (5-6am),10.0,18.2000007629395,81.3000030517578,15-20C,>80%,Partly Cloudy,Light air movement (1-3 mph) smoke drifts,Slight effect on count,18,21,0,5,0.0,False
MONO-0022|2018-05-10|V1,MONO,Monocacy National Battlefield,Grassland,True,MONO-0022,,2018-05-10,1,Kimberly Serno,2018-05,May,19,3,5,Early (5-6am),10.0,20.2999992370605,56.5999984741211,20-25C,40-60%,Partly Cloudy,Calm (< 1 mph) smoke rises vertically,Moderate effect on count,9,13,0,0,0.0,False
MONO-0022|2018-06-05|V2,MONO,Monocacy National Battlefield,Grassland,True,MONO-0022,,2018-06-05,2,Brian Swimelar,2018-06,June,23,29,7,Mid (7-8am),10.0,22.7000007629395,57.7000007629395,20-25C,40-60%,Clear or Few Clouds,Light air movement (1-3 mph) smoke drifts,Slight effect on count,7,7,0,1,0.0,False
MONO-0022|2018-07-11|V3,MONO,Monocacy National Battlefield,Grassland,True,MONO-0022,,2018-07-11,3,Elizabeth Oswald,2018-07,July,28,65,9,Late (9-10am),10.0,24.8999996185303,80.9000015258789,20-25C,>80%,Partly Cloudy,Light breeze (4-7 mph) wind felt on face,Slight effect on count,5,7,0,0,0.0,False
MONO-0023|2018-05-10|V1,MONO,Monocacy National Battlefield,Grassland,True,MONO-0023,,2018-05-10,1,Kimberly Serno,2018-05,May,19,3,7,Mid (7-8am),10.0,18.8999996185303,72.6999969482422,15-20C,60-80%,Partly Cloudy,Calm (< 1 mph) smoke rises vertically,Moderate effect on count,7,10,0,1,0.0,False
MONO-0023|2018-06-05|V2,MONO,Monocacy National Battlefield,Grassland,True,MONO-0023,,2018-06-05,2,Brian Swimelar,2018-06,June,23,29,7,Mid (7-8am),10.0,16.5,74.1999969482422,15-20C,60-80%,Clear or Few Clouds,Light air movement (1-3 mph) smoke drifts,Moderate effect on count,5,6,0,5,0.0,False
MONO-0023|2018-07-13|V3,MONO,Monocacy National Battlefield,Grassland,True,MONO-0023,,2018-07-13,3,Elizabeth Oswald,2018-07,July,28,67,7,Mid (7-8am),10.0,19.2999992370605,91.5999984741211,15-20C,>80%,Clear or Few Clouds,Calm (< 1 mph) smoke rises vertically,No effect on count,5,6,0,1,0.0,False
MONO-0024|2018-05-10|V1,MONO,Monocacy National Battlefield,Grassland,True,MONO-0024,,2018-05-10,1,Kimberly Serno,2018-05,May,19,3,7,Mid (7-8am),10.0,17.3999996185303,73.8000030517578,15-20C,60-80%,Cloudy/Overcast,Light air movement (1-3 mph) smoke drifts,Slight effect on count,9,11,0,3,0.0,False
MONO-0024|2018-06-05|V2,MONO,Monocacy National Battlefield,Grassland,True,MONO-0024,,2018-06-05,2,Brian Swimelar,2018-06,June,23,29,6,Early (5-6am),10.0,18.7999992370605,70.9000015258789,15-20C,60-80%,Clear or Few Clouds,Light air movement (1-3 mph) smoke drifts,Slight effect on count,9,9,0,0,0.0,False
MONO-0024|2018-07-13|V3,MONO,Monocacy National Battlefield,Grassland,True,MONO-0024,,2018-07-13,3,Elizabeth Oswald,2018-07,July,28,67,7,Mid (7-8am),10.0,18.8999996185303,88.5,15-20C,>80%,Clear or Few Clouds,Calm (< 1 mph) smoke rises vertically,No effect on count,8,8,0,1,0.0,False
MONO-0025|2018-05-10|V1,MONO,Monocacy National Battlefield,Grassland,True,MONO-0025,,2018-05-10,1,Kimberly Serno,2018-05,May,19,3,6,Early (5-6am),10.0,19.0,64.8000030517578,15-20C,60-80%,Cloudy/Overcast,Light air movement (1-3 mph) smoke drifts,Slight effect on count,10,12,0,1,0.0,False
MONO-0025|2018-06-05|V2,MONO,Monocacy National Battlefield,Grassland,True,MONO-0025,,2018-06-05,2,Brian Swimelar,2018-06,June,23,29,6,Early (5-6am),10.0,16.5,68.1999969482422,15-20C,60-80%,Clear or Few Clouds,Light air movement (1-3 mph) smoke drifts,Serious effect on count,7,12,0,2,0.0,False
MONO-0025|2018-07-11|V3,MONO,Monocacy National Battlefield,Grassland,True,MONO-0025,,2018-07-11,3,Elizabeth Oswald,2018-07,July,28,65,10,Late (9-10am),10.0,25.7999992370605,65.3000030517578,25-30C,60-80%,Partly Cloudy,Light breeze (4-7 mph) wind felt on face,Slight effect on count,7,9,0,3,0.0,False
MONO-0026|2018-05-07|V1,MONO,Monocacy National Battlefield,Forest,True,MONO-0026,MONO 3,2018-05-07,1,Kimberly Serno,2018-05,May,19,0,8,Mid (7-8am),10.0,19.7000007629395,68.9000015258789,15-20C,60-80%,Clear or Few Clouds,Light air movement (1-3 mph) smoke drifts,Slight effect on count,14,19,0,0,0.0,False
MONO-0026|2018-06-14|V2,MONO,Monocacy National Battlefield,Forest,True,MONO-0026,MONO 3,2018-06-14,2,Brian Swimelar,2018-06,June,24,38,5,Early (5-6am),10.0,24.1000003814697,60.4000015258789,20-25C,60-80%,Clear or Few Clouds,Light air movement (1-3 mph) smoke drifts,Moderate effect on count,9,11,0,1,0.0,False
MONO-0027|2018-05-07|V1,MONO,Monocacy National Battlefield,Grassland,True,MONO-0027,,2018-05-07,1,Kimberly Serno,2018-05,May,19,0,8,Mid (7-8am),10.0,18.8999996185303,67.8000030517578,15-20C,60-80%,Clear or Few Clouds,Light air movement (1-3 mph) smoke drifts,Slight effect on count,14,17,0,0,0.0,False
MONO-0027|2018-06-14|V2,MONO,Monocacy National Battlefield,Grassland,True,MONO-0027,,2018-06-14,2,Brian Swimelar,2018-06,June,24,38,10,Late (9-10am),10.0,28.2000007629395,43.7000007629395,25-30C,40-60%,Clear or Few Clouds,Light air movement (1-3 mph) smoke drifts,Moderate effect on count,7,8,0,0,0.0,False
MONO-0027|2018-07-11|V3,MONO,Monocacy National Battlefield,Grassland,True,MONO-0027,,2018-07-11,3,Elizabeth Oswald,2018-07,July,28,65,6,Early (5-6am),10.0,21.2000007629395,88.1999969482422,20-25C,>80%,Clear or Few Clouds,Calm (< 1 mph) smoke rises vertically,Slight effect on count,11,12,0,0,0.0,False
MONO-0032|2018-05-10|V1,MONO,Monocacy National Battlefield,Grassland,True,MONO-0032,,2018-05-10,1,Kimberly Serno,2018-05,May,19,3,6,Early (5-6am),10.0,17.3999996185303,70.0,15-20C,60-80%,Partly Cloudy,Calm (< 1 mph) smoke rises vertically,Moderate effect on count,8,13,0,2,0.0,False
MONO-0032|2018-06-05|V2,MONO,Monocacy National Battlefield,Grassland,True,MONO-0032,,2018-06-05,2,Brian Swimelar,2018-06,June,23,29,7,Mid (7-8am),10.0,25.2000007629395,50.5,25-30C,40-60%,Clear or Few Clouds,Light air movement (1-3 mph) smoke drifts,Serious effect on count,6,6,0,1,0.0,False
MONO-0032|2018-07-11|V3,MONO,Monocacy National Battlefield,Grassland,True,MONO-0032,,2018-07-11,3,Elizabeth Oswald,2018-07,July,28,65,9,Late (9-10am),10.0,25.1000003814697,75.9000015258789,25-30C,60-80%,Partly Cloudy,Light air movement (1-3 mph) smoke drifts,Slight effect on count,2,2,0,0,0.0,False
MONO-0033|2018-05-10|V1,MONO,Monocacy National Battlefield,Grassland,True,MONO-0033,,2018-05-10,1,Kimberly Serno,2018-05,May,19,3,6,Early (5-6am),10.0,19.2999992370605,58.0999984741211,15-20C,40-60%,Cloudy/Overcast,Light air movement (1-3 mph) smoke drifts,Moderate effect on count,14,15,0,3,0.0,False
MONO-0033|2018-06-05|V2,MONO,Monocacy National Battlefield,Grassland,True,MONO-0033,,2018-06-05,2,Brian Swimelar,2018-06,June,23,29,8,Mid (7-8am),11.0,21.1000003814697,67.5999984741211,20-25C,60-80%,Partly Cloudy,Light air movement (1-3 mph) smoke drifts,Slight effect on count,6,7,1,1,14.29,True
MONO-0033|2018-07-11|V3,MONO,Monocacy National Battlefield,Grassland,True,MONO-0033,,2018-07-11,3,Elizabeth Oswald,2018-07,July,28,65,10,Late (9-10am),10.0,25.5,68.5999984741211,25-30C,60-80%,Partly Cloudy,Light breeze (4-7 mph) wind felt on face,Slight effect on count,8,8,0,0,0.0,False
MONO-0035|2018-05-10|V1,MONO,Monocacy National Battlefield,Grassland,True,MONO-0035,,2018-05-10,1,Kimberly Serno,2018-05,May,19,3,10,Late (9-10am),10.0,21.7999992370605,61.7000007629395,20-25C,60-80%,Cloudy/Overcast,Light breeze (4-7 mph) wind felt on face,Slight effect on count,5,5,0,0,0.0,False
MONO-0035|2018-06-14|V2,MONO,Monocacy National Battlefield,Grassland,True,MONO-0035,,2018-06-14,2,Elizabeth Oswald,2018-06,June,24,38,7,Mid (7-8am),10.0,26.5,55.0,25-30C,40-60%,Partly Cloudy,Light air movement (1-3 mph) smoke drifts,Slight effect on count,10,11,0,1,0.0,False
MONO-0035|2018-07-11|V3,MONO,Monocacy National Battlefield,Grassland,True,MONO-0035,,2018-07-11,3,Kimberly Serno,2018-07,July,28,65,6,Early (5-6am),10.0,23.6000003814697,79.5,20-25C,60-80%,Partly Cloudy,Light air movement (1-3 mph) smoke drifts,Slight effect on count,12,17,0,2,0.0,False
MONO-0036|2018-05-07|V1,MONO,Monocacy National Battlefield,Grassland,True,MONO-0036,,2018-05-07,1,Kimberly Serno,2018-05,May,19,0,6,Early (5-6am),10.0,16.7000007629395,56.5,15-20C,40-60%,Partly Cloudy,Calm (< 1 mph) smoke rises vertically,Moderate effect on count,11,12,1,0,8.33,True
MONO-0036|2018-06-14|V2,MONO,Monocacy National Battlefield,Grassland,True,MONO-0036,,2018-06-14,2,Brian Swimelar,2018-06,June,24,38,5,Early (5-6am),10.0,24.7000007629395,61.0,20-25C,60-80%,Clear or Few Clouds,Light air movement (1-3 mph) smoke drifts,Serious effect on count,5,6,0,1,0.0,False
MONO-0036|2018-07-11|V3,MONO,Monocacy National Battlefield,Grassland,True,MONO-0036,,2018-07-11,3,Elizabeth Oswald,2018-07,July,28,65,5,Early (5-6am),10.0,19.5,79.3000030517578,15-20C,60-80%,Partly Cloudy,Light air movement (1-3 mph) smoke drifts,Moderate effect on count,7,12,0,4,0.0,False
MONO-0037|2018-05-07|V1,MONO,Monocacy National Battlefield,Grassland,True,MONO-0037,,2018-05-07,1,Kimberly Serno,2018-05,May,19,0,8,Mid (7-8am),10.0,24.2000007629395,50.5999984741211,20-25C,40-60%,Clear or Few Clouds,Light air movement (1-3 mph) smoke drifts,Slight effect on count,13,15,0,2,0.0,False
MONO-0037|2018-06-14|V2,MONO,Monocacy National Battlefield,Grassland,True,MONO-0037,,2018-06-14,2,Brian Swimelar,2018-06,June,24,38,6,Early (5-6am),10.0,26.0,62.2000007629395,25-30C,60-80%,Clear or Few Clouds,Light air movement (1-3 mph) smoke drifts,No effect on count,6,12,0,2,0.0,False
MONO-0037|2018-07-11|V3,MONO,Monocacy National Battlefield,Grassland,True,MONO-0037,,2018-07-11,3,Elizabeth Oswald,2018-07,July,28,65,5,Early (5-6am),10.0,19.6000003814697,78.4000015258789,15-20C,60-80%,Clear or Few Clouds,Calm (< 1 mph) smoke rises vertically,Slight effect on count,12,21,0,3,0.0,False
MONO-0038|2018-05-07|V1,MONO,Monocacy National Battlefield,Forest,True,MONO-0038,MONO 3,2018-05-07,1,Kimberly Serno,2018-05,May,19,0,7,Mid (7-8am),10.0,18.2999992370605,65.1999969482422,15-20C,60-80%,Clear or Few Clouds,Light air movement (1-3 mph) smoke drifts,Slight effect on count,12,16,1,0,6.25,True
MONO-0038|2018-06-14|V2,MONO,Monocacy National Battlefield,Forest,True,MONO-0038,MONO 3,2018-06-14,2,Brian Swimelar,2018-06,June,24,38,7,Mid (7-8am),10.0,29.2000007629395,68.0999984741211,25-30C,60-80%,Clear or Few Clouds,Light air movement (1-3 mph) smoke drifts,No effect on count,6,8,0,1,0.0,False
MONO-0039|2018-05-07|V1,MONO,Monocacy National Battlefield,Forest,True,MONO-0039,MONO 3,2018-05-07,1,Kimberly Serno,2018-05,May,19,0,7,Mid (7-8am),10.0,16.1000003814697,71.5999984741211,15-20C,60-80%,Clear or Few Clouds,Calm (< 1 mph) smoke rises vertically,Serious effect on count,10,13,0,0,0.0,False
MONO-0039|2018-06-14|V2,MONO,Monocacy National Battlefield,Forest,True,MONO-0039,MONO 3,2018-06-14,2,Brian Swimelar,2018-06,June,24,38,8,Mid (7-8am),10.0,26.8999996185303,64.8000030517578,25-30C,60-80%,Clear or Few Clouds,Calm (< 1 mph) smoke rises vertically,No effect on count,6,7,0,0,0.0,False
MONO-0044|2018-05-10|V1,MONO,Monocacy National Battlefield,Forest,True,MONO-0044,MONO 1,2018-05-10,1,Kimberly Serno,2018-05,May,19,3,10,Late (9-10am),10.0,20.7999992370605,74.5999984741211,20-25C,60-80%,Mist/Drizzle,Light breeze (4-7 mph) wind felt on face,Slight effect on count,6,6,0,0,0.0,False
MONO-0044|2018-06-04|V2,MONO,Monocacy National Battlefield,Forest,True,MONO-0044,MONO 1,2018-06-04,2,Elizabeth Oswald,2018-06,June,23,28,10,Late (9-10am),10.0,24.7000007629395,57.5,20-25C,40-60%,Cloudy/Overcast,Light breeze (4-7 mph) wind felt on face,Slight effect on count,11,13,0,0,0.0,False
MONO-0045|2018-05-10|V1,MONO,Monocacy National Battlefield,Grassland,True,MONO-0045,,2018-05-10,1,Elizabeth Oswald,2018-05,May,19,3,10,Late (9-10am),11.0,19.0,63.0,15-20C,60-80%,Mist/Drizzle,Light breeze (4-7 mph) wind felt on face,Slight effect on count,9,13,0,3,0.0,False
MONO-0045|2018-06-04|V2,MONO,Monocacy National Battlefield,Grassland,True,MONO-0045,,2018-06-04,2,Elizabeth Oswald,2018-06,June,23,28,10,Late (9-10am),10.0,29.7000007629395,64.0999984741211,25-30C,60-80%,Partly Cloudy,Light breeze (4-7 mph) wind felt on face,Slight effect on count,10,11,0,3,0.0,False
MONO-0045|2018-07-11|V3,MONO,Monocacy National Battlefield,Grassland,True,MONO-0045,,2018-07-11,3,Kimberly Serno,2018-07,July,28,65,7,Mid (7-8am),10.0,26.0,78.6999969482422,25-30C,60-80%,Partly Cloudy,Light air movement (1-3 mph) smoke drifts,Slight effect on count,10,11,0,1,0.0,False
MONO-0046|2018-05-10|V1,MONO,Monocacy National Battlefield,Grassland,True,MONO-0046,,2018-05-10,1,Brian Swimelar,2018-05,May,19,3,10,Late (9-10am),11.0,19.0,63.0,15-20C,60-80%,Mist/Drizzle,Light breeze (4-7 mph) wind felt on face,Slight effect on count,6,8,0,3,0.0,False
MONO-0046|2018-06-14|V2,MONO,Monocacy National Battlefield,Grassland,True,MONO-0046,,2018-06-14,2,Elizabeth Oswald,2018-06,June,24,38,7,Mid (7-8am),10.0,21.6000003814697,69.0999984741211,20-25C,60-80%,Partly Cloudy,Light air movement (1-3 mph) smoke drifts,Slight effect on count,11,12,0,1,0.0,False
MONO-0046|2018-07-11|V3,MONO,Monocacy National Battlefield,Grassland,True,MONO-0046,,2018-07-11,3,Kimberly Serno,2018-07,July,28,65,6,Early (5-6am),10.0,22.2000007629395,81.5,20-25C,>80%,Partly Cloudy,Light air movement (1-3 mph) smoke drifts,Slight effect on count,9,12,0,4,0.0,False
MONO-0047|2018-05-07|V1,MONO,Monocacy National Battlefield,Grassland,True,MONO-0047,,2018-05-07,1,Kimberly Serno,2018-05,May,19,0,6,Early (5-6am),10.0,14.6999998092651,60.9000015258789,<15C,60-80%,Fog,Calm (< 1 mph) smoke rises vertically,Slight effect on count,10,13,0,0,0.0,False
MONO-0047|2018-06-14|V2,MONO,Monocacy National Battlefield,Grassland,True,MONO-0047,,2018-06-14,2,Brian Swimelar,2018-06,June,24,38,7,Mid (7-8am),10.0,26.0,62.2000007629395,25-30C,60-80%,Clear or Few Clouds,Light air movement (1-3 mph) smoke drifts,Slight effect on count,10,14,0,2,0.0,False
MONO-0047|2018-07-11|V3,MONO,Monocacy National Battlefield,Grassland,True,MONO-0047,,2018-07-11,3,Elizabeth Oswald,2018-07,July,28,65,6,Early (5-6am),10.0,19.8999996185303,80.5999984741211,15-20C,>80%,Clear or Few Clouds,Light air movement (1-3 mph) smoke drifts,Slight effect on count,17,19,0,4,0.0,False
MONO-0048|2018-05-07|V1,MONO,Monocacy National Battlefield,Grassland,True,MONO-0048,,2018-05-07,1,Kimberly Serno,2018-05,May,19,0,7,Mid (7-8am),10.0,14.6999998092651,65.5,<15C,60-80%,Fog,Light air movement (1-3 mph) smoke drifts,Slight effect on count,13,17,0,0,0.0,False
MONO-0048|2018-06-14|V2,MONO,Monocacy National Battlefield,Grassland,True,MONO-0048,,2018-06-14,2,Brian Swimelar,2018-06,June,24,38,7,Mid (7-8am),10.0,29.0,47.9000015258789,25-30C,40-60%,Partly Cloudy,Calm (< 1 mph) smoke rises vertically,Slight effect on count,8,9,0,1,0.0,False
MONO-0048|2018-07-11|V3,MONO,Monocacy National Battlefield,Grassland,True,MONO-0048,,2018-07-11,3,Elizabeth Oswald,2018-07,July,28,65,6,Early (5-6am),10.0,20.5,88.0999984741211,20-25C,>80%,Clear or Few Clouds,Light air movement (1-3 mph) smoke drifts,No effect on count,16,17,0,3,0.0,False
MONO-0049|2018-05-10|V1,MONO,Monocacy National Battlefield,Grassland,True,MONO-0049,,2018-05-10,1,Elizabeth Oswald,2018-05,May,19,3,7,Mid (7-8am),10.0,19.5,56.0999984741211,15-20C,40-60%,Partly Cloudy,Light breeze (4-7 mph) wind felt on face,No effect on count,15,18,0,0,0.0,False
MONO-0049|2018-06-14|V2,MONO,Monocacy National Battlefield,Grassland,True,MONO-0049,,2018-06-14,2,Kimberly Serno,2018-06,June,24,38,9,Late (9-10am),10.0,26.3999996185303,48.7000007629395,25-30C,40-60%,Partly Cloudy,Light air movement (1-3 mph) smoke drifts,Slight effect on count,12,13,0,0,0.0,False
MONO-0049|2018-07-13|V3,MONO,Monocacy National Battlefield,Grassland,True,MONO-0049,,2018-07-13,3,Brian Swimelar,2018-07,July,28,67,6,Early (5-6am),10.0,21.8999996185303,64.9000015258789,20-25C,60-80%,Partly Cloudy,Light air movement (1-3 mph) smoke drifts,Slight effect on count,10,13,0,1,0.0,False
MONO-0050|2018-05-10|V1,MONO,Monocacy National Battlefield,Grassland,True,MONO-0050,,2018-05-10,1,Elizabeth Oswald,2018-05,May,19,3,6,Early (5-6am),10.0,17.7999992370605,82.5,15-20C,>80%,Partly Cloudy,Light breeze (4-7 mph) wind felt on face,No effect on count,15,17,0,0,0.0,False
MONO-0050|2018-06-14|V2,MONO,Monocacy National Battlefield,Grassland,True,MONO-0050,,2018-06-14,2,Kimberly Serno,2018-06,June,24,38,9,Late (9-10am),10.0,25.6000003814697,56.4000015258789,25-30C,40-60%,Partly Cloudy,Light air movement (1-3 mph) smoke drifts,Slight effect on count,11,12,1,1,8.33,True
MONO-0050|2018-07-13|V3,MONO,Monocacy National Battlefield,Grassland,True,MONO-0050,,2018-07-13,3,Brian Swimelar,2018-07,July,28,67,6,Early (5-6am),10.0,21.3999996185303,70.0,20-25C,60-80%,Partly Cloudy,Light air movement (1-3 mph) smoke drifts,No effect on count,10,12,0,2,0.0,False
MONO-0051|2018-05-10|V1,MONO,Monocacy National Battlefield,Grassland,True,MONO-0051,,2018-05-10,1,Elizabeth Oswald,2018-05,May,19,3,6,Early (5-6am),10.0,15.3999996185303,85.9000015258789,15-20C,>80%,Partly Cloudy,Light breeze (4-7 mph) wind felt on face,No effect on count,11,13,0,0,0.0,False
MONO-0051|2018-06-14|V2,MONO,Monocacy National Battlefield,Grassland,True,MONO-0051,,2018-06-14,2,Kimberly Serno,2018-06,June,24,38,9,Late (9-10am),10.0,24.2000007629395,46.0999984741211,20-25C,40-60%,Partly Cloudy,Light breeze (4-7 mph) wind felt on face,Moderate effect on count,8,9,0,1,0.0,False
MONO-0051|2018-07-13|V3,MONO,Monocacy National Battlefield,Grassland,True,MONO-0051,,2018-07-13,3,Brian Swimelar,2018-07,July,28,67,5,Early (5-6am),10.0,22.0,66.3000030517578,20-25C,60-80%,Cloudy/Overcast,Light air movement (1-3 mph) smoke drifts,Moderate effect on count,6,9,0,0,0.0,False
MONO-0052|2018-05-10|V1,MONO,Monocacy National Battlefield,Forest,True,MONO-0052,MONO 2,2018-05-10,1,Elizabeth Oswald,2018-05,May,19,3,6,Early (5-6am),10.0,15.5,80.6999969482422,15-20C,>80%,Partly Cloudy,Light air movement (1-3 mph) smoke drifts,Moderate effect on count,13,13,1,0,7.69,True
MONO-0052|2018-06-14|V2,MONO,Monocacy National Battlefield,Forest,True,MONO-0052,MONO 2,2018-06-14,2,Kimberly Serno,2018-06,June,24,38,9,Late (9-10am),10.0,25.2000007629395,53.5999984741211,25-30C,40-60%,Clear or Few Clouds,Light air movement (1-3 mph) smoke drifts,Serious effect on count,11,11,0,0,0.0,False
MONO-0053|2018-05-10|V1,MONO,Monocacy National Battlefield,Grassland,True,MONO-0053,,2018-05-10,1,Brian Swimelar,2018-05,May,19,3,9,Late (9-10am),11.0,19.0,63.0,15-20C,60-80%,Cloudy/Overcast,Light breeze (4-7 mph) wind felt on face,Moderate effect on count,5,8,0,4,0.0,False
MONO-0053|2018-06-04|V2,MONO,Monocacy National Battlefield,Grassland,True,MONO-0053,,2018-06-04,2,Elizabeth Oswald,2018-06,June,23,28,10,Late (9-10am),10.0,25.1000003814697,58.0,25-30C,40-60%,Cloudy/Overcast,Light air movement (1-3 mph) smoke drifts,Slight effect on count,7,9,0,0,0.0,False
MONO-0053|2018-07-11|V3,MONO,Monocacy National Battlefield,Grassland,True,MONO-0053,,2018-07-11,3,Kimberly Serno,2018-07,July,28,65,7,Mid (7-8am),10.0,27.0,71.0,25-30C,60-80%,Partly Cloudy,Light air movement (1-3 mph) smoke drifts,Moderate effect on count,5,7,0,2,0.0,False
MONO-0054|2018-05-10|V1,MONO,Monocacy National Battlefield,Grassland,True,MONO-0054,,2018-05-10,1,Brian Swimelar,2018-05,May,19,3,9,Late (9-10am),11.0,19.0,63.0,15-20C,60-80%,Cloudy/Overcast,Light air movement (1-3 mph) smoke drifts,Serious effect on count,7,11,0,3,0.0,False
MONO-0054|2018-06-14|V2,MONO,Monocacy National Battlefield,Grassland,True,MONO-0054,,2018-06-14,2,Elizabeth Oswald,2018-06,June,24,38,6,Early (5-6am),10.0,21.5,64.3000030517578,20-25C,60-80%,Partly Cloudy,Light breeze (4-7 mph) wind felt on face,No effect on count,7,8,0,0,0.0,False
MONO-0054|2018-07-11|V3,MONO,Monocacy National Battlefield,Grassland,True,MONO-0054,,2018-07-11,3,Kimberly Serno,2018-07,July,28,65,7,Mid (7-8am),10.0,26.1000003814697,75.3000030517578,25-30C,60-80%,Partly Cloudy,Light air movement (1-3 mph) smoke drifts,Slight effect on count,10,12,0,6,0.0,False
MONO-0055|2018-05-10|V1,MONO,Monocacy National Battlefield,Grassland,True,MONO-0055,,2018-05-10,1,Brian Swimelar,2018-05,May,19,3,9,Late (9-10am),11.0,19.0,63.0,15-20C,60-80%,Cloudy/Overcast,Light air movement (1-3 mph) smoke drifts,Slight effect on count,10,11,0,3,0.0,False
MONO-0055|2018-06-14|V2,MONO,Monocacy National Battlefield,Grassland,True,MONO-0055,,2018-06-14,2,Elizabeth Oswald,2018-06,June,24,38,6,Early (5-6am),10.0,21.1000003814697,71.5999984741211,20-25C,60-80%,Partly Cloudy,Light air movement (1-3 mph) smoke drifts,Slight effect on count,12,12,0,0,0.0,False
MONO-0055|2018-07-11|V3,MONO,Monocacy National Battlefield,Grassland,True,MONO-0055,,2018-07-11,3,Kimberly Serno,2018-07,July,28,65,6,Early (5-6am),10.0,21.5,75.6999969482422,20-25C,60-80%,Partly Cloudy,Calm (< 1 mph) smoke rises vertically,Slight effect on count,15,17,0,5,0.0,False
MONO-0056|2018-05-07|V1,MONO,Monocacy National Battlefield,Forest,True,MONO-0056,MONO 3,2018-05-07,1,Kimberly Serno,2018-05,May,19,0,6,Early (5-6am),10.0,14.0,64.8000030517578,<15C,60-80%,Fog,Calm (< 1 mph) smoke rises vertically,Slight effect on count,12,15,0,0,0.0,False
MONO-0056|2018-06-14|V2,MONO,Monocacy National Battlefield,Forest,True,MONO-0056,MONO 3,2018-06-14,2,Brian Swimelar,2018-06,June,24,38,7,Mid (7-8am),10.0,24.7999992370605,65.4000015258789,20-25C,60-80%,Partly Cloudy,Calm (< 1 mph) smoke rises vertically,Moderate effect on count,8,11,1,0,9.09,True
MONO-0057|2018-05-10|V1,MONO,Monocacy National Battlefield,Grassland,True,MONO-0057,,2018-05-10,1,Elizabeth Oswald,2018-05,May,19,3,8,Mid (7-8am),10.0,20.5,56.2999992370605,20-25C,40-60%,Partly Cloudy,Light air movement (1-3 mph) smoke drifts,Slight effect on count,15,20,0,0,0.0,False
MONO-0057|2018-06-14|V2,MONO,Monocacy National Battlefield,Grassland,True,MONO-0057,,2018-06-14,2,Kimberly Serno,2018-06,June,24,38,7,Mid (7-8am),10.0,23.3999996185303,73.6999969482422,20-25C,60-80%,Partly Cloudy,Light air movement (1-3 mph) smoke drifts,Moderate effect on count,10,14,1,0,7.14,True
MONO-0057|2018-07-13|V3,MONO,Monocacy National Battlefield,Grassland,True,MONO-0057,,2018-07-13,3,Brian Swimelar,2018-07,July,28,67,6,Early (5-6am),10.0,19.1000003814697,68.6999969482422,15-20C,60-80%,Partly Cloudy,Light air movement (1-3 mph) smoke drifts,No effect on count,11,14,0,3,0.0,False
MONO-0058|2018-05-10|V1,MONO,Monocacy National Battlefield,Grassland,True,MONO-0058,,2018-05-10,1,Elizabeth Oswald,2018-05,May,19,3,7,Mid (7-8am),10.0,18.8999996185303,98.8000030517578,15-20C,>80%,Partly Cloudy,Light breeze (4-7 mph) wind felt on face,Moderate effect on count,11,11,0,0,0.0,False
MONO-0058|2018-06-14|V2,MONO,Monocacy National Battlefield,Grassland,True,MONO-0058,,2018-06-14,2,Kimberly Serno,2018-06,June,24,38,7,Mid (7-8am),10.0,24.8999996185303,65.4000015258789,20-25C,60-80%,Partly Cloudy,Light air movement (1-3 mph) smoke drifts,Slight effect on count,9,16,0,0,0.0,False
MONO-0058|2018-07-13|V3,MONO,Monocacy National Battlefield,Grassland,True,MONO-0058,,2018-07-13,3,Brian Swimelar,2018-07,July,28,67,6,Early (5-6am),10.0,22.0,68.6999969482422,20-25C,60-80%,Partly Cloudy,Calm (< 1 mph) smoke rises vertically,Slight effect on count,11,13,0,1,0.0,False
MONO-0059|2018-05-10|V1,MONO,Monocacy National Battlefield,Grassland,True,MONO-0059,,2018-05-10,1,Elizabeth Oswald,2018-05,May,19,3,7,Mid (7-8am),10.0,18.1000003814697,92.0999984741211,15-20C,>80%,Partly Cloudy,Light air movement (1-3 mph) smoke drifts,No effect on count,11,13,0,1,0.0,False
MONO-0059|2018-06-14|V2,MONO,Monocacy National Battlefield,Grassland,True,MONO-0059,,2018-06-14,2,Kimberly Serno,2018-06,June,24,38,7,Mid (7-8am),10.0,25.6000003814697,46.2000007629395,25-30C,40-60%,Partly Cloudy,Light air movement (1-3 mph) smoke drifts,Slight effect on count,10,13,0,0,0.0,False
MONO-0059|2018-07-13|V3,MONO,Monocacy National Battlefield,Grassland,True,MONO-0059,,2018-07-13,3,Brian Swimelar,2018-07,July,28,67,9,Late (9-10am),10.0,29.3999996185303,73.4000015258789,25-30C,60-80%,Partly Cloudy,Light breeze (4-7 mph) wind felt on face,No effect on count,5,5,0,0,0.0,False
MONO-0060|2018-05-10|V1,MONO,Monocacy National Battlefield,Grassland,True,MONO-0060,,2018-05-10,1,Elizabeth Oswald,2018-05,May,19,3,9,Late (9-10am),10.0,23.5,61.9000015258789,20-25C,60-80%,Cloudy/Overcast,"Gentle breeze (8-12 mph), leaves in motion",No effect on count,14,15,0,0,0.0,False
MONO-0060|2018-06-14|V2,MONO,Monocacy National Battlefield,Grassland,True,MONO-0060,,2018-06-14,2,Kimberly Serno,2018-06,June,24,38,8,Mid (7-8am),10.0,27.1000003814697,48.7999992370605,25-30C,40-60%,Partly Cloudy,Light air movement (1-3 mph) smoke drifts,Slight effect on count,10,13,0,2,0.0,False
MONO-0060|2018-07-13|V3,MONO,Monocacy National Battlefield,Grassland,True,MONO-0060,,2018-07-13,3,Brian Swimelar,2018-07,July,28,67,9,Late (9-10am),10.0,29.6000003814697,73.0,25-30C,60-80%,Partly Cloudy,Light air movement (1-3 mph) smoke drifts,No effect on count,8,9,0,1,0.0,False
MONO-0061|2018-05-07|V1,MONO,Monocacy National Battlefield,Forest,True,MONO-0061,MONO 2,2018-05-07,1,Elizabeth Oswald,2018-05,May,19,0,9,Late (9-10am),10.0,17.2000007629395,90.5999984741211,15-20C,>80%,Clear or Few Clouds,Light air movement (1-3 mph) smoke drifts,Slight effect on count,12,15,2,1,13.33,True
MONO-0061|2018-06-14|V2,MONO,Monocacy National Battlefield,Forest,True,MONO-0061,MONO 2,2018-06-14,2,Kimberly Serno,2018-06,June,24,38,5,Early (5-6am),10.0,22.5,68.5,20-25C,60-80%,Partly Cloudy,Light breeze (4-7 mph) wind felt on face,Moderate effect on count,10,18,0,0,0.0,False
MONO-0062|2018-05-10|V1,MONO,Monocacy National Battlefield,Grassland,True,MONO-0062,,2018-05-10,1,Brian Swimelar,2018-05,May,19,3,9,Late (9-10am),11.0,19.0,63.0,15-20C,60-80%,Cloudy/Overcast,Light air movement (1-3 mph) smoke drifts,Serious effect on count,2,2,0,1,0.0,False
MONO-0062|2018-06-04|V2,MONO,Monocacy National Battlefield,Grassland,True,MONO-0062,,2018-06-04,2,Elizabeth Oswald,2018-06,June,23,28,9,Late (9-10am),10.0,24.6000003814697,58.5,20-25C,40-60%,Cloudy/Overcast,Light breeze (4-7 mph) wind felt on face,Serious effect on count,9,9,0,0,0.0,False
MONO-0062|2018-07-11|V3,MONO,Monocacy National Battlefield,Grassland,True,MONO-0062,,2018-07-11,3,Kimberly Serno,2018-07,July,28,65,7,Mid (7-8am),10.0,27.0,66.3000030517578,25-30C,60-80%,Partly Cloudy,Light breeze (4-7 mph) wind felt on face,Serious effect on count,4,4,0,0,0.0,False
MONO-0063|2018-05-10|V1,MONO,Monocacy National Battlefield,Grassland,True,MONO-0063,,2018-05-10,1,Brian Swimelar,2018-05,May,19,3,8,Mid (7-8am),11.0,19.0,63.0,15-20C,60-80%,Cloudy/Overcast,Light breeze (4-7 mph) wind felt on face,Serious effect on count,4,6,0,3,0.0,False
MONO-0063|2018-06-04|V2,MONO,Monocacy National Battlefield,Grassland,True,MONO-0063,,2018-06-04,2,Elizabeth Oswald,2018-06,June,23,28,9,Late (9-10am),10.0,24.0,59.0,20-25C,40-60%,Partly Cloudy,Light breeze (4-7 mph) wind felt on face,Slight effect on count,8,8,0,1,0.0,False
MONO-0063|2018-07-11|V3,MONO,Monocacy National Battlefield,Grassland,True,MONO-0063,,2018-07-11,3,Kimberly Serno,2018-07,July,28,65,8,Mid (7-8am),10.0,28.1000003814697,63.9000015258789,25-30C,60-80%,Partly Cloudy,Light air movement (1-3 mph) smoke drifts,Slight effect on count,10,12,0,1,0.0,False
MONO-0065|2018-05-10|V1,MONO,Monocacy National Battlefield,Grassland,True,MONO-0065,,2018-05-10,1,Brian Swimelar,2018-05,May,19,3,7,Mid (7-8am),11.0,19.0,63.0,15-20C,60-80%,Cloudy/Overcast,Light air movement (1-3 mph) smoke drifts,Slight effect on count,6,11,0,5,0.0,False
MONO-0065|2018-06-14|V2,MONO,Monocacy National Battlefield,Grassland,True,MONO-0065,,2018-06-14,2,Elizabeth Oswald,2018-06,June,24,38,5,Early (5-6am),10.0,20.1000003814697,77.1999969482422,20-25C,60-80%,Partly Cloudy,Light breeze (4-7 mph) wind felt on face,No effect on count,9,17,0,3,0.0,False
MONO-0065|2018-07-11|V3,MONO,Monocacy National Battlefield,Grassland,True,MONO-0065,,2018-07-11,3,Kimberly Serno,2018-07,July,28,65,5,Early (5-6am),10.0,22.2999992370605,71.0,20-25C,60-80%,Partly Cloudy,Calm (< 1 mph) smoke rises vertically,Slight effect on count,9,14,0,1,0.0,False
MONO-0066|2018-05-10|V1,MONO,Monocacy National Battlefield,Grassland,True,MONO-0066,,2018-05-10,1,Elizabeth Oswald,2018-05,May,19,3,8,Mid (7-8am),10.0,20.8999996185303,13.3000001907349,20-25C,<40%,Cloudy/Overcast,Light air movement (1-3 mph) smoke drifts,No effect on count,14,15,0,0,0.0,False
MONO-0066|2018-06-14|V2,MONO,Monocacy National Battlefield,Grassland,True,MONO-0066,,2018-06-14,2,Kimberly Serno,2018-06,June,24,38,6,Early (5-6am),10.0,22.7999992370605,71.0999984741211,20-25C,60-80%,Partly Cloudy,Light air movement (1-3 mph) smoke drifts,Moderate effect on count,14,18,0,0,0.0,False
MONO-0066|2018-07-13|V3,MONO,Monocacy National Battlefield,Grassland,True,MONO-0066,,2018-07-13,3,Brian Swimelar,2018-07,July,28,67,7,Mid (7-8am),10.0,23.0,66.6999969482422,20-25C,60-80%,Partly Cloudy,Light air movement (1-3 mph) smoke drifts,No effect on count,11,12,0,0,0.0,False
MONO-0067|2018-05-07|V1,MONO,Monocacy National Battlefield,Grassland,True,MONO-0067,,2018-05-07,1,Elizabeth Oswald,2018-05,May,19,0,10,Late (9-10am),10.0,24.3999996185303,69.0999984741211,20-25C,60-80%,Clear or Few Clouds,Light breeze (4-7 mph) wind felt on face,Slight effect on count,12,17,0,0,0.0,False
MONO-0067|2018-06-14|V2,MONO,Monocacy National Battlefield,Grassland,True,MONO-0067,,2018-06-14,2,Kimberly Serno,2018-06,June,24,38,6,Early (5-6am),10.0,22.2999992370605,63.9000015258789,20-25C,60-80%,Partly Cloudy,Light breeze (4-7 mph) wind felt on face,Moderate effect on count,11,14,0,0,0.0,False
MONO-0067|2018-07-13|V3,MONO,Monocacy National Battlefield,Grassland,True,MONO-0067,,2018-07-13,3,Brian Swimelar,2018-07,July,28,67,7,Mid (7-8am),10.0,27.0,61.2999992370605,25-30C,60-80%,Partly Cloudy,Calm (< 1 mph) smoke rises vertically,No effect on count,6,13,0,1,0.0,False
MONO-0068|2018-05-10|V1,MONO,Monocacy National Battlefield,Grassland,True,MONO-0068,,2018-05-10,1,Elizabeth Oswald,2018-05,May,19,3,9,Late (9-10am),10.0,22.1000003814697,58.5999984741211,20-25C,40-60%,Cloudy/Overcast,Light breeze (4-7 mph) wind felt on face,Slight effect on count,9,13,0,3,0.0,False
MONO-0068|2018-06-14|V2,MONO,Monocacy National Battlefield,Grassland,True,MONO-0068,,2018-06-14,2,Kimberly Serno,2018-06,June,24,38,8,Mid (7-8am),10.0,27.5,45.4000015258789,25-30C,40-60%,Partly Cloudy,Light breeze (4-7 mph) wind felt on face,Slight effect on count,11,14,0,2,0.0,False
MONO-0068|2018-07-13|V3,MONO,Monocacy National Battlefield,Grassland,True,MONO-0068,,2018-07-13,3,Brian Swimelar,2018-07,July,28,67,8,Mid (7-8am),10.0,28.5,79.9000015258789,25-30C,60-80%,Partly Cloudy,Light breeze (4-7 mph) wind felt on face,No effect on count,11,12,0,3,0.0,False
MONO-0069|2018-05-08|V1,MONO,Monocacy National Battlefield,Forest,True,MONO-0069,MONO 1,2018-05-08,1,Elizabeth Oswald,2018-05,May,19,1,9,Late (9-10am),10.0,15.1999998092651,77.5,15-20C,60-80%,Clear or Few Clouds,Light breeze (4-7 mph) wind felt on face,No effect on count,14,15,1,0,6.67,True
MONO-0069|2018-06-14|V2,MONO,Monocacy National Battlefield,Forest,True,MONO-0069,MONO 1,2018-06-14,2,Kimberly Serno,2018-06,June,24,38,6,Early (5-6am),10.0,22.6000003814697,61.9000015258789,20-25C,60-80%,Partly Cloudy,Light breeze (4-7 mph) wind felt on face,Moderate effect on count,10,17,2,0,11.76,True
MONO-0070|2018-05-08|V1,MONO,Monocacy National Battlefield,Grassland,True,MONO-0070,,2018-05-08,1,Elizabeth Oswald,2018-05,May,19,1,9,Late (9-10am),10.0,15.1999998092651,77.5,15-20C,60-80%,Clear or Few Clouds,Light breeze (4-7 mph) wind felt on face,Slight effect on count,12,15,0,0,0.0,False
MONO-0070|2018-06-04|V2,MONO,Monocacy National Battlefield,Grassland,True,MONO-0070,,2018-06-04,2,Kimberly Serno,2018-06,June,23,28,10,Late (9-10am),10.0,21.6000003814697,73.8000030517578,20-25C,60-80%,Cloudy/Overcast,Light air movement (1-3 mph) smoke drifts,Slight effect on count,10,12,0,1,0.0,False
MONO-0070|2018-07-11|V3,MONO,Monocacy National Battlefield,Grassland,True,MONO-0070,,2018-07-11,3,Brian Swimelar,2018-07,July,28,65,9,Late (9-10am),10.0,29.2999992370605,68.5999984741211,25-30C,60-80%,Cloudy/Overcast,Light breeze (4-7 mph) wind felt on face,Moderate effect on count,6,6,0,0,0.0,False
MONO-0071|2018-05-07|V1,MONO,Monocacy National Battlefield,Grassland,True,MONO-0071,,2018-05-07,1,Elizabeth Oswald,2018-05,May,19,0,9,Late (9-10am),10.0,17.2999992370605,77.5,15-20C,60-80%,Clear or Few Clouds,Light breeze (4-7 mph) wind felt on face,Serious effect on count,8,10,0,0,0.0,False
MONO-0071|2018-06-04|V2,MONO,Monocacy National Battlefield,Grassland,True,MONO-0071,,2018-06-04,2,Kimberly Serno,2018-06,June,23,28,10,Late (9-10am),10.0,21.3999996185303,66.3000030517578,20-25C,60-80%,Cloudy/Overcast,Light air movement (1-3 mph) smoke drifts,Serious effect on count,4,4,0,0,0.0,False
MONO-0071|2018-07-11|V3,MONO,Monocacy National Battlefield,Grassland,True,MONO-0071,,2018-07-11,3,Brian Swimelar,2018-07,July,28,65,9,Late (9-10am),10.0,31.2999992370605,66.5,>30C,60-80%,Partly Cloudy,Light air movement (1-3 mph) smoke drifts,Serious effect on count,3,5,0,2,0.0,False
MONO-0072|2018-05-10|V1,MONO,Monocacy National Battlefield,Grassland,True,MONO-0072,,2018-05-10,1,Brian Swimelar,2018-05,May,19,3,8,Mid (7-8am),11.0,19.0,63.0,15-20C,60-80%,Cloudy/Overcast,Light air movement (1-3 mph) smoke drifts,Serious effect on count,4,8,0,6,0.0,False
MONO-0072|2018-06-04|V2,MONO,Monocacy National Battlefield,Grassland,True,MONO-0072,,2018-06-04,2,Elizabeth Oswald,2018-06,June,23,28,9,Late (9-10am),10.0,23.6000003814697,63.2000007629395,20-25C,60-80%,Partly Cloudy,Light breeze (4-7 mph) wind felt on face,Moderate effect on count,13,14,1,2,7.14,True
MONO-0072|2018-07-11|V3,MONO,Monocacy National Battlefield,Grassland,True,MONO-0072,,2018-07-11,3,Kimberly Serno,2018-07,July,28,65,8,Mid (7-8am),10.0,29.2999992370605,64.6999969482422,25-30C,60-80%,Partly Cloudy,Light air movement (1-3 mph) smoke drifts,Moderate effect on count,4,8,0,1,0.0,False
MONO-0073|2018-05-10|V1,MONO,Monocacy National Battlefield,Grassland,True,MONO-0073,,2018-05-10,1,Brian Swimelar,2018-05,May,19,3,7,Mid (7-8am),11.0,19.0,63.0,15-20C,60-80%,Partly Cloudy,Light air movement (1-3 mph) smoke drifts,Slight effect on count,5,12,0,2,0.0,False
MONO-0073|2018-06-14|V2,MONO,Monocacy National Battlefield,Grassland,True,MONO-0073,,2018-06-14,2,Elizabeth Oswald,2018-06,June,24,38,5,Early (5-6am),10.0,20.2999992370605,70.4000015258789,20-25C,60-80%,Partly Cloudy,Light air movement (1-3 mph) smoke drifts,No effect on count,11,15,0,6,0.0,False
MONO-0073|2018-07-11|V3,MONO,Monocacy National Battlefield,Grassland,True,MONO-0073,,2018-07-11,3,Kimberly Serno,2018-07,July,28,65,5,Early (5-6am),10.0,23.5,68.1999969482422,20-25C,60-80%,Partly Cloudy,Calm (< 1 mph) smoke rises vertically,Slight effect on count,6,9,0,0,0.0,False
MONO-0074|2018-05-07|V1,MONO,Monocacy National Battlefield,Forest,True,MONO-0074,MONO 1,2018-05-07,1,Elizabeth Oswald,2018-05,May,19,0,10,Late (9-10am),10.0,25.7000007629395,48.5999984741211,25-30C,40-60%,Clear or Few Clouds,Light breeze (4-7 mph) wind felt on face,No effect on count,15,17,0,0,0.0,False
MONO-0074|2018-06-05|V2,MONO,Monocacy National Battlefield,Forest,True,MONO-0074,MONO 1,2018-06-05,2,Kimberly Serno,2018-06,June,23,29,7,Mid (7-8am),10.0,19.2000007629395,76.1999969482422,15-20C,60-80%,Partly Cloudy,Light air movement (1-3 mph) smoke drifts,Slight effect on count,15,18,0,0,0.0,False
MONO-0075|2018-05-10|V1,MONO,Monocacy National Battlefield,Grassland,True,MONO-0075,,2018-05-10,1,Elizabeth Oswald,2018-05,May,19,3,8,Mid (7-8am),10.0,21.2999992370605,7.30000019073486,20-25C,<40%,Partly Cloudy,Light breeze (4-7 mph) wind felt on face,Slight effect on count,8,8,0,1,0.0,False
MONO-0075|2018-06-05|V2,MONO,Monocacy National Battlefield,Grassland,True,MONO-0075,,2018-06-05,2,Kimberly Serno,2018-06,June,23,29,6,Early (5-6am),10.0,15.5,79.0,15-20C,60-80%,Partly Cloudy,Light air movement (1-3 mph) smoke drifts,Slight effect on count,16,19,0,1,0.0,False
MONO-0075|2018-07-13|V3,MONO,Monocacy National Battlefield,Grassland,True,MONO-0075,,2018-07-13,3,Brian Swimelar,2018-07,July,28,67,7,Mid (7-8am),10.0,28.2000007629395,65.5,25-30C,60-80%,Clear or Few Clouds,Light air movement (1-3 mph) smoke drifts,No effect on count,9,13,0,1,0.0,False
MONO-0076|2018-05-10|V1,MONO,Monocacy National Battlefield,Grassland,True,MONO-0076,,2018-05-10,1,Elizabeth Oswald,2018-05,May,19,3,9,Late (9-10am),10.0,22.2000007629395,9.5,20-25C,<40%,Cloudy/Overcast,Light air movement (1-3 mph) smoke drifts,No effect on count,17,22,1,1,4.55,True
MONO-0076|2018-06-05|V2,MONO,Monocacy National Battlefield,Grassland,True,MONO-0076,,2018-06-05,2,Kimberly Serno,2018-06,June,23,29,6,Early (5-6am),10.0,15.6000003814697,76.6999969482422,15-20C,60-80%,Partly Cloudy,Light air movement (1-3 mph) smoke drifts,Slight effect on count,12,13,0,0,0.0,False
MONO-0076|2018-07-13|V3,MONO,Monocacy National Battlefield,Grassland,True,MONO-0076,,2018-07-13,3,Brian Swimelar,2018-07,July,28,67,8,Mid (7-8am),10.0,28.2000007629395,65.5,25-30C,60-80%,Clear or Few Clouds,Light air movement (1-3 mph) smoke drifts,No effect on count,7,8,1,0,12.5,True
MONO-0077|2018-05-08|V1,MONO,Monocacy National Battlefield,Forest,True,MONO-0077,MONO 1,2018-05-08,1,Elizabeth Oswald,2018-05,May,19,1,8,Mid (7-8am),10.0,15.1999998092651,77.5,15-20C,60-80%,Clear or Few Clouds,Calm (< 1 mph) smoke rises vertically,No effect on count,14,17,0,0,0.0,False
MONO-0077|2018-06-05|V2,MONO,Monocacy National Battlefield,Forest,True,MONO-0077,MONO 1,2018-06-05,2,Kimberly Serno,2018-06,June,23,29,6,Early (5-6am),10.0,15.6000003814697,75.3000030517578,15-20C,60-80%,Partly Cloudy,Calm (< 1 mph) smoke rises vertically,Slight effect on count,8,10,1,0,10.0,True
MONO-0078|2018-05-08|V1,MONO,Monocacy National Battlefield,Grassland,True,MONO-0078,,2018-05-08,1,Elizabeth Oswald,2018-05,May,19,1,9,Late (9-10am),10.0,18.6000003814697,50.0999984741211,15-20C,40-60%,Clear or Few Clouds,Light air movement (1-3 mph) smoke drifts,Slight effect on count,13,15,0,3,0.0,False
MONO-0078|2018-06-05|V2,MONO,Monocacy National Battlefield,Grassland,True,MONO-0078,,2018-06-05,2,Kimberly Serno,2018-06,June,23,29,5,Early (5-6am),10.0,18.2999992370605,81.0,15-20C,>80%,Partly Cloudy,Calm (< 1 mph) smoke rises vertically,Moderate effect on count,11,15,0,0,0.0,False
MONO-0078|2018-07-11|V3,MONO,Monocacy National Battlefield,Grassland,True,MONO-0078,,2018-07-11,3,Brian Swimelar,2018-07,July,28,65,9,Late (9-10am),10.0,29.7999992370605,71.5999984741211,25-30C,60-80%,Cloudy/Overcast,Light breeze (4-7 mph) wind felt on face,Slight effect on count,5,6,0,1,0.0,False
MONO-0079|2018-05-07|V1,MONO,Monocacy National Battlefield,Grassland,True,MONO-0079,,2018-05-07,1,Elizabeth Oswald,2018-05,May,19,0,8,Mid (7-8am),10.0,19.2000007629395,69.5999984741211,15-20C,60-80%,Clear or Few Clouds,Light breeze (4-7 mph) wind felt on face,Moderate effect on count,14,16,0,0,0.0,False
MONO-0079|2018-06-04|V2,MONO,Monocacy National Battlefield,Grassland,True,MONO-0079,,2018-06-04,2,Kimberly Serno,2018-06,June,23,28,10,Late (9-10am),10.0,22.3999996185303,65.5,20-25C,60-80%,Cloudy/Overcast,Light breeze (4-7 mph) wind felt on face,Serious effect on count,10,13,0,3,0.0,False
MONO-0079|2018-07-11|V3,MONO,Monocacy National Battlefield,Grassland,True,MONO-0079,,2018-07-11,3,Brian Swimelar,2018-07,July,28,65,8,Mid (7-8am),10.0,32.0999984741211,68.6999969482422,>30C,60-80%,Partly Cloudy,Light breeze (4-7 mph) wind felt on face,Slight effect on count,6,6,0,0,0.0,False
MONO-0080|2018-05-10|V1,MONO,Monocacy National Battlefield,Grassland,True,MONO-0080,,2018-05-10,1,Brian Swimelar,2018-05,May,19,3,6,Early (5-6am),11.0,19.0,63.0,15-20C,60-80%,Partly Cloudy,Calm (< 1 mph) smoke rises vertically,Serious effect on count,5,7,0,3,0.0,False
MONO-0080|2018-06-04|V2,MONO,Monocacy National Battlefield,Grassland,True,MONO-0080,,2018-06-04,2,Elizabeth Oswald,2018-06,June,23,28,8,Mid (7-8am),10.0,21.1000003814697,75.5,20-25C,60-80%,Cloudy/Overcast,Light breeze (4-7 mph) wind felt on face,Moderate effect on count,11,14,0,2,0.0,False
MONO-0080|2018-07-11|V3,MONO,Monocacy National Battlefield,Grassland,True,MONO-0080,,2018-07-11,3,Kimberly Serno,2018-07,July,28,65,8,Mid (7-8am),10.0,33.7999992370605,42.7000007629395,>30C,40-60%,Partly Cloudy,Light breeze (4-7 mph) wind felt on face,Serious effect on count,4,4,0,0,0.0,False
MONO-0083|2018-05-08|V1,MONO,Monocacy National Battlefield,Grassland,True,MONO-0083,,2018-05-08,1,Elizabeth Oswald,2018-05,May,19,1,8,Mid (7-8am),10.0,15.1999998092651,77.5,15-20C,60-80%,Clear or Few Clouds,Light air movement (1-3 mph) smoke drifts,No effect on count,15,17,0,1,0.0,False
MONO-0083|2018-06-05|V2,MONO,Monocacy National Battlefield,Grassland,True,MONO-0083,,2018-06-05,2,Kimberly Serno,2018-06,June,23,29,7,Mid (7-8am),10.0,18.2000007629395,77.8000030517578,15-20C,60-80%,Partly Cloudy,Light air movement (1-3 mph) smoke drifts,Slight effect on count,14,16,0,1,0.0,False
MONO-0083|2018-07-13|V3,MONO,Monocacy National Battlefield,Grassland,True,MONO-0083,,2018-07-13,3,Brian Swimelar,2018-07,July,28,67,8,Mid (7-8am),10.0,28.2000007629395,65.5,25-30C,60-80%,Clear or Few Clouds,Light air movement (1-3 mph) smoke drifts,No effect on count,11,14,0,4,0.0,False
MONO-0084|2018-05-08|V1,MONO,Monocacy National Battlefield,Forest,True,MONO-0084,MONO 1,2018-05-08,1,Elizabeth Oswald,2018-05,May,19,1,7,Mid (7-8am),10.0,15.1999998092651,17.5,15-20C,<40%,Clear or Few Clouds,Calm (< 1 mph) smoke rises vertically,No effect on count,11,14,2,0,14.29,True
MONO-0084|2018-06-05|V2,MONO,Monocacy National Battlefield,Forest,True,MONO-0084,MONO 1,2018-06-05,2,Kimberly Serno,2018-06,June,23,29,7,Mid (7-8am),10.0,19.6000003814697,72.4000015258789,15-20C,60-80%,Partly Cloudy,Light air movement (1-3 mph) smoke drifts,Moderate effect on count,7,8,0,0,0.0,False
MONO-0085|2018-05-08|V1,MONO,Monocacy National Battlefield,Grassland,True,MONO-0085,,2018-05-08,1,Elizabeth Oswald,2018-05,May,19,1,10,Late (9-10am),10.0,19.3999996185303,34.7999992370605,15-20C,<40%,Clear or Few Clouds,Light breeze (4-7 mph) wind felt on face,Slight effect on count,15,17,0,4,0.0,False
MONO-0085|2018-06-05|V2,MONO,Monocacy National Battlefield,Grassland,True,MONO-0085,,2018-06-05,2,Kimberly Serno,2018-06,June,23,29,10,Late (9-10am),10.0,23.6000003814697,57.7000007629395,20-25C,40-60%,Partly Cloudy,Light breeze (4-7 mph) wind felt on face,Slight effect on count,12,14,0,1,0.0,False
MONO-0085|2018-07-11|V3,MONO,Monocacy National Battlefield,Grassland,True,MONO-0085,,2018-07-11,3,Brian Swimelar,2018-07,July,28,65,10,Late (9-10am),12.0,30.2000007629395,54.2999992370605,>30C,40-60%,Cloudy/Overcast,Calm (< 1 mph) smoke rises vertically,No effect on count,8,9,0,0,0.0,False
MONO-0086|2018-06-05|V2,MONO,Monocacy National Battlefield,Grassland,True,MONO-0086,,2018-06-05,2,Kimberly Serno,2018-06,June,23,29,10,Late (9-10am),10.0,26.7999992370605,41.2000007629395,25-30C,40-60%,Partly Cloudy,Light breeze (4-7 mph) wind felt on face,Slight effect on count,10,11,0,1,0.0,False
MONO-0086|2018-07-11|V3,MONO,Monocacy National Battlefield,Grassland,True,MONO-0086,,2018-07-11,3,Brian Swimelar,2018-07,July,28,65,8,Mid (7-8am),10.0,30.2999992370605,57.2999992370605,>30C,40-60%,Clear or Few Clouds,Calm (< 1 mph) smoke rises vertically,No effect on count,4,5,0,1,0.0,False
MONO-0087|2018-05-07|V1,MONO,Monocacy National Battlefield,Grassland,True,MONO-0087,,2018-05-07,1,Elizabeth Oswald,2018-05,May,19,0,8,Mid (7-8am),10.0,16.2000007629395,93.4000015258789,15-20C,>80%,Clear or Few Clouds,Light breeze (4-7 mph) wind felt on face,Moderate effect on count,9,13,0,0,0.0,False
MONO-0087|2018-06-04|V2,MONO,Monocacy National Battlefield,Grassland,True,MONO-0087,,2018-06-04,2,Kimberly Serno,2018-06,June,23,28,9,Late (9-10am),10.0,21.2000007629395,65.1999969482422,20-25C,60-80%,Cloudy/Overcast,Light breeze (4-7 mph) wind felt on face,Moderate effect on count,8,11,0,0,0.0,False
MONO-0087|2018-07-11|V3,MONO,Monocacy National Battlefield,Grassland,True,MONO-0087,,2018-07-11,3,Brian Swimelar,2018-07,July,28,65,8,Mid (7-8am),10.0,30.0,73.0999984741211,25-30C,60-80%,Partly Cloudy,Light air movement (1-3 mph) smoke drifts,Slight effect on count,7,9,0,1,0.0,False
MONO-0089|2018-05-10|V1,MONO,Monocacy National Battlefield,Grassland,True,MONO-0089,,2018-05-10,1,Brian Swimelar,2018-05,May,19,3,6,Early (5-6am),11.0,19.0,63.0,15-20C,60-80%,Partly Cloudy,Light air movement (1-3 mph) smoke drifts,Slight effect on count,6,14,0,4,0.0,False
MONO-0089|2018-06-04|V2,MONO,Monocacy National Battlefield,Grassland,True,MONO-0089,,2018-06-04,2,Elizabeth Oswald,2018-06,June,23,28,7,Mid (7-8am),10.0,20.5,64.1999969482422,20-25C,60-80%,Cloudy/Overcast,Light air movement (1-3 mph) smoke drifts,Slight effect on count,13,15,0,5,0.0,False
MONO-0089|2018-07-11|V3,MONO,Monocacy National Battlefield,Grassland,True,MONO-0089,,2018-07-11,3,Kimberly Serno,2018-07,July,28,65,9,Late (9-10am),10.0,33.2000007629395,48.5999984741211,>30C,40-60%,Partly Cloudy,Light breeze (4-7 mph) wind felt on face,Slight effect on count,10,11,0,1,0.0,False
MONO-0091|2018-05-08|V1,MONO,Monocacy National Battlefield,Forest,True,MONO-0091,MONO 1,2018-05-08,1,Elizabeth Oswald,2018-05,May,19,1,7,Mid (7-8am),10.0,15.1999998092651,78.8000030517578,15-20C,60-80%,Clear or Few Clouds,Light air movement (1-3 mph) smoke drifts,No effect on count,16,17,0,0,0.0,False
MONO-0091|2018-06-05|V2,MONO,Monocacy National Battlefield,Forest,True,MONO-0091,MONO 1,2018-06-05,2,Kimberly Serno,2018-06,June,23,29,8,Mid (7-8am),10.0,17.0,78.4000015258789,15-20C,60-80%,Partly Cloudy,Light breeze (4-7 mph) wind felt on face,Slight effect on count,6,9,0,0,0.0,False
MONO-0092|2018-05-08|V1,MONO,Monocacy National Battlefield,Grassland,True,MONO-0092,,2018-05-08,1,Elizabeth Oswald,2018-05,May,19,1,10,Late (9-10am),10.0,19.0,45.4000015258789,15-20C,40-60%,Partly Cloudy,Light breeze (4-7 mph) wind felt on face,Slight effect on count,9,11,0,0,0.0,False
MONO-0092|2018-06-05|V2,MONO,Monocacy National Battlefield,Grassland,True,MONO-0092,,2018-06-05,2,Kimberly Serno,2018-06,June,23,29,9,Late (9-10am),10.0,24.1000003814697,56.7000007629395,20-25C,40-60%,Cloudy/Overcast,Light air movement (1-3 mph) smoke drifts,Slight effect on count,12,12,0,0,0.0,False
MONO-0092|2018-07-11|V3,MONO,Monocacy National Battlefield,Grassland,True,MONO-0092,,2018-07-11,3,Brian Swimelar,2018-07,July,28,65,7,Mid (7-8am),10.0,33.2000007629395,55.2000007629395,>30C,40-60%,Clear or Few Clouds,Light air movement (1-3 mph) smoke drifts,No effect on count,9,10,0,2,0.0,False
MONO-0094|2018-05-07|V1,MONO,Monocacy National Battlefield,Grassland,True,MONO-0094,,2018-05-07,1,Elizabeth Oswald,2018-05,May,19,0,7,Mid (7-8am),10.0,13.8000001907349,79.0,<15C,60-80%,Partly Cloudy,Light air movement (1-3 mph) smoke drifts,Slight effect on count,8,13,0,0,0.0,False
MONO-0094|2018-06-04|V2,MONO,Monocacy National Battlefield,Grassland,True,MONO-0094,,2018-06-04,2,Kimberly Serno,2018-06,June,23,28,9,Late (9-10am),10.0,20.7999992370605,71.6999969482422,20-25C,60-80%,Partly Cloudy,Light breeze (4-7 mph) wind felt on face,Slight effect on count,7,10,0,1,0.0,False
MONO-0094|2018-07-11|V3,MONO,Monocacy National Battlefield,Grassland,True,MONO-0094,,2018-07-11,3,Brian Swimelar,2018-07,July,28,65,7,Mid (7-8am),10.0,29.7000007629395,60.7999992370605,25-30C,60-80%,Partly Cloudy,Light air movement (1-3 mph) smoke drifts,Slight effect on count,11,13,0,2,0.0,False
MONO-0095|2018-05-07|V1,MONO,Monocacy National Battlefield,Grassland,True,MONO-0095,,2018-05-07,1,Elizabeth Oswald,2018-05,May,19,0,7,Mid (7-8am),10.0,11.0,90.8000030517578,<15C,>80%,Clear or Few Clouds,Light air movement (1-3 mph) smoke drifts,Serious effect on count,10,11,0,4,0.0,False
MONO-0095|2018-06-04|V2,MONO,Monocacy National Battlefield,Grassland,True,MONO-0095,,2018-06-04,2,Kimberly Serno,2018-06,June,23,28,7,Mid (7-8am),10.0,21.0,59.4000015258789,20-25C,40-60%,Cloudy/Overcast,Light air movement (1-3 mph) smoke drifts,Serious effect on count,3,4,0,0,0.0,False
MONO-0095|2018-07-11|V3,MONO,Monocacy National Battlefield,Grassland,True,MONO-0095,,2018-07-11,3,Brian Swimelar,2018-07,July,28,65,5,Early (5-6am),10.0,26.7999992370605,66.8000030517578,25-30C,60-80%,Cloudy/Overcast,Light air movement (1-3 mph) smoke drifts,Serious effect on count,3,3,0,0,0.0,False
MONO-0096|2018-05-10|V1,MONO,Monocacy National Battlefield,Grassland,True,MONO-0096,,2018-05-10,1,Brian Swimelar,2018-05,May,19,3,6,Early (5-6am),11.0,19.0,63.0,15-20C,60-80%,Partly Cloudy,Calm (< 1 mph) smoke rises vertically,Moderate effect on count,9,13,0,2,0.0,False
MONO-0096|2018-06-04|V2,MONO,Monocacy National Battlefield,Grassland,True,MONO-0096,,2018-06-04,2,Elizabeth Oswald,2018-06,June,23,28,8,Mid (7-8am),10.0,19.0,73.3000030517578,15-20C,60-80%,Cloudy/Overcast,Light air movement (1-3 mph) smoke drifts,Moderate effect on count,7,8,0,0,0.0,False
MONO-0096|2018-07-11|V3,MONO,Monocacy National Battlefield,Grassland,True,MONO-0096,,2018-07-11,3,Kimberly Serno,2018-07,July,28,65,9,Late (9-10am),10.0,31.6000003814697,56.9000015258789,>30C,40-60%,Partly Cloudy,Light air movement (1-3 mph) smoke drifts,Moderate effect on count,5,7,0,0,0.0,False
MONO-0097|2018-05-10|V1,MONO,Monocacy National Battlefield,Grassland,True,MONO-0097,,2018-05-10,1,Brian Swimelar,2018-05,May,19,3,5,Early (5-6am),10.0,19.0,63.0,15-20C,60-80%,Partly Cloudy,Calm (< 1 mph) smoke rises vertically,Slight effect on count,7,14,0,1,0.0,False
MONO-0097|2018-06-04|V2,MONO,Monocacy National Battlefield,Grassland,True,MONO-0097,,2018-06-04,2,Elizabeth Oswald,2018-06,June,23,28,8,Mid (7-8am),10.0,18.3999996185303,75.9000015258789,15-20C,60-80%,Cloudy/Overcast,Light breeze (4-7 mph) wind felt on face,Slight effect on count,10,12,0,3,0.0,False
MONO-0097|2018-07-11|V3,MONO,Monocacy National Battlefield,Grassland,True,MONO-0097,,2018-07-11,3,Kimberly Serno,2018-07,July,28,65,9,Late (9-10am),10.0,30.8999996185303,52.7999992370605,>30C,40-60%,Partly Cloudy,"Gentle breeze (8-12 mph), leaves in motion",Slight effect on count,7,11,0,1,0.0,False
MONO-0098|2018-05-08|V1,MONO,Monocacy National Battlefield,Grassland,True,MONO-0098,,2018-05-08,1,Elizabeth Oswald,2018-05,May,19,1,7,Mid (7-8am),10.0,16.3999996185303,76.8000030517578,15-20C,60-80%,Clear or Few Clouds,Light air movement (1-3 mph) smoke drifts,No effect on count,16,18,0,1,0.0,False
MONO-0098|2018-06-05|V2,MONO,Monocacy National Battlefield,Grassland,True,MONO-0098,,2018-06-05,2,Kimberly Serno,2018-06,June,23,29,8,Mid (7-8am),10.0,19.2999992370605,72.3000030517578,15-20C,60-80%,Partly Cloudy,Light breeze (4-7 mph) wind felt on face,Slight effect on count,6,8,0,0,0.0,False
MONO-0098|2018-07-11|V3,MONO,Monocacy National Battlefield,Grassland,True,MONO-0098,,2018-07-11,3,Brian Swimelar,2018-07,July,28,65,6,Early (5-6am),10.0,25.3999996185303,66.5,25-30C,60-80%,Partly Cloudy,Light air movement (1-3 mph) smoke drifts,No effect on count,8,8,0,0,0.0,False
MONO-0099|2018-05-08|V1,MONO,Monocacy National Battlefield,Grassland,True,MONO-0099,,2018-05-08,1,Elizabeth Oswald,2018-05,May,19,1,6,Early (5-6am),10.0,13.0,87.0999984741211,<15C,>80%,Clear or Few Clouds,Light air movement (1-3 mph) smoke drifts,Slight effect on count,6,12,0,0,0.0,False
MONO-0099|2018-06-05|V2,MONO,Monocacy National Battlefield,Grassland,True,MONO-0099,,2018-06-05,2,Kimberly Serno,2018-06,June,23,29,9,Late (9-10am),10.0,24.2999992370605,65.3000030517578,20-25C,60-80%,Partly Cloudy,Light air movement (1-3 mph) smoke drifts,Slight effect on count,12,16,1,0,6.25,True
MONO-0099|2018-07-11|V3,MONO,Monocacy National Battlefield,Grassland,True,MONO-0099,,2018-07-11,3,Brian Swimelar,2018-07,July,28,65,7,Mid (7-8am),10.0,29.1000003814697,69.0,25-30C,60-80%,Clear or Few Clouds,Calm (< 1 mph) smoke rises vertically,No effect on count,9,10,0,0,0.0,False
MONO-0100|2018-06-05|V2,MONO,Monocacy National Battlefield,Grassland,True,MONO-0100,,2018-06-05,2,Kimberly Serno,2018-06,June,23,29,9,Late (9-10am),10.0,24.0,52.9000015258789,20-25C,40-60%,Partly Cloudy,Light breeze (4-7 mph) wind felt on face,No effect on count,8,10,0,1,0.0,False
MONO-0100|2018-07-11|V3,MONO,Monocacy National Battlefield,Grassland,True,MONO-0100,,2018-07-11,3,Brian Swimelar,2018-07,July,28,65,7,Mid (7-8am),10.0,29.2000007629395,69.0,25-30C,60-80%,Clear or Few Clouds,Calm (< 1 mph) smoke rises vertically,Slight effect on count,6,9,0,1,0.0,False
MONO-0101|2018-05-07|V1,MONO,Monocacy National Battlefield,Forest,True,MONO-0101,MONO 1,2018-05-07,1,Elizabeth Oswald,2018-05,May,19,0,6,Early (5-6am),10.0,11.0,90.8000030517578,<15C,>80%,Clear or Few Clouds,Calm (< 1 mph) smoke rises vertically,Moderate effect on count,5,9,0,0,0.0,False
MONO-0101|2018-06-04|V2,MONO,Monocacy National Battlefield,Forest,True,MONO-0101,MONO 1,2018-06-04,2,Kimberly Serno,2018-06,June,23,28,8,Mid (7-8am),10.0,19.1000003814697,65.8000030517578,15-20C,60-80%,Cloudy/Overcast,Light air movement (1-3 mph) smoke drifts,Moderate effect on count,5,6,0,1,0.0,False
MONO-0102|2018-05-08|V1,MONO,Monocacy National Battlefield,Grassland,True,MONO-0102,,2018-05-08,1,Elizabeth Oswald,2018-05,May,19,1,6,Early (5-6am),10.0,13.1999998092651,79.0,<15C,60-80%,Clear or Few Clouds,Calm (< 1 mph) smoke rises vertically,Moderate effect on count,6,9,0,1,0.0,False
MONO-0102|2018-06-05|V2,MONO,Monocacy National Battlefield,Grassland,True,MONO-0102,,2018-06-05,2,Kimberly Serno,2018-06,June,23,29,8,Mid (7-8am),10.0,22.1000003814697,64.4000015258789,20-25C,60-80%,Partly Cloudy,Light breeze (4-7 mph) wind felt on face,Slight effect on count,4,5,0,0,0.0,False
MONO-0102|2018-07-11|V3,MONO,Monocacy National Battlefield,Grassland,True,MONO-0102,,2018-07-11,3,Brian Swimelar,2018-07,July,28,65,6,Early (5-6am),10.0,25.5,69.8000030517578,25-30C,60-80%,Partly Cloudy,Calm (< 1 mph) smoke rises vertically,Slight effect on count,10,11,0,2,0.0,False
MONO-0103|2018-05-08|V1,MONO,Monocacy National Battlefield,Grassland,True,MONO-0103,,2018-05-08,1,Elizabeth Oswald,2018-05,May,19,1,6,Early (5-6am),10.0,12.0,78.1999969482422,<15C,60-80%,Clear or Few Clouds,Light air movement (1-3 mph) smoke drifts,Slight effect on count,13,15,0,0,0.0,False
MONO-0103|2018-06-05|V2,MONO,Monocacy National Battlefield,Grassland,True,MONO-0103,,2018-06-05,2,Kimberly Serno,2018-06,June,23,29,9,Late (9-10am),10.0,24.7999992370605,43.7999992370605,20-25C,40-60%,Partly Cloudy,Light breeze (4-7 mph) wind felt on face,Slight effect on count,7,8,0,0,0.0,False
MONO-0103|2018-07-11|V3,MONO,Monocacy National Battlefield,Grassland,True,MONO-0103,,2018-07-11,3,Brian Swimelar,2018-07,July,28,65,6,Early (5-6am),10.0,25.5,72.6999969482422,25-30C,60-80%,Partly Cloudy,Calm (< 1 mph) smoke rises vertically,Slight effect on count,8,9,0,4,0.0,False
MONO-0104|2018-05-07|V1,MONO,Monocacy National Battlefield,Grassland,True,MONO-0104,,2018-05-07,1,Elizabeth Oswald,2018-05,May,19,0,6,Early (5-6am),10.0,11.3999996185303,83.6999969482422,<15C,>80%,Fog,Light air movement (1-3 mph) smoke drifts,Slight effect on count,9,12,0,0,0.0,False
MONO-0104|2018-06-04|V2,MONO,Monocacy National Battlefield,Grassland,True,MONO-0104,,2018-06-04,2,Kimberly Serno,2018-06,June,23,28,8,Mid (7-8am),10.0,17.6000003814697,68.6999969482422,15-20C,60-80%,Cloudy/Overcast,Light breeze (4-7 mph) wind felt on face,Moderate effect on count,9,13,0,1,0.0,False
MONO-0104|2018-07-11|V3,MONO,Monocacy National Battlefield,Grassland,True,MONO-0104,,2018-07-11,3,Brian Swimelar,2018-07,July,28,65,5,Early (5-6am),10.0,24.6000003814697,70.0999984741211,20-25C,60-80%,Cloudy/Overcast,Light air movement (1-3 mph) smoke drifts,Moderate effect on count,9,11,0,0,0.0,False
MONO-0105|2018-05-07|V1,MONO,Monocacy National Battlefield,Forest,True,MONO-0105,MONO 2,2018-05-07,1,Elizabeth Oswald,2018-05,May,19,0,6,Early (5-6am),10.0,11.1999998092651,81.5,<15C,>80%,Fog,Light air movement (1-3 mph) smoke drifts,Serious effect on count,5,6,0,0,0.0,False
MONO-0105|2018-06-04|V2,MONO,Monocacy National Battlefield,Forest,True,MONO-0105,MONO 2,2018-06-04,2,Kimberly Serno,2018-06,June,23,28,8,Mid (7-8am),10.0,17.3999996185303,77.0999984741211,15-20C,60-80%,Cloudy/Overcast,Light breeze (4-7 mph) wind felt on face,Serious effect on count,4,4,0,0,0.0,False
MONO-0106|2018-05-07|V1,MONO,Monocacy National Battlefield,Forest,True,MONO-0106,MONO 1,2018-05-07,1,Elizabeth Oswald,2018-05,May,19,0,5,Early (5-6am),10.0,16.5,64.9000015258789,15-20C,60-80%,Clear or Few Clouds,Calm (< 1 mph) smoke rises vertically,Slight effect on count,13,14,1,0,7.14,True
MONO-0106|2018-06-04|V2,MONO,Monocacy National Battlefield,Forest,True,MONO-0106,MONO 1,2018-06-04,2,Kimberly Serno,2018-06,June,23,28,8,Mid (7-8am),10.0,20.0,67.5,15-20C,60-80%,Cloudy/Overcast,Light air movement (1-3 mph) smoke drifts,Moderate effect on count,9,13,1,0,7.69,True
NACE-0080|2018-05-12|V1,NACE,National Capital East Parks,Forest,False,NACE-0080,NACE 5,2018-05-12,1,Kimberly Serno,2018-05,May,19,5,6,Early (5-6am),10.0,20.0,67.5,15-20C,60-80%,Clear or Few Clouds,Calm (< 1 mph) smoke rises vertically,Slight effect on count,10,13,0,0,0.0,False
NACE-0080|2018-06-17|V2,NACE,National Capital East Parks,Forest,False,NACE-0080,NACE 5,2018-06-17,2,Elizabeth Oswald,2018-06,June,24,41,5,Early (5-6am),10.0,22.1000003814697,77.5999984741211,20-25C,60-80%,Partly Cloudy,Calm (< 1 mph) smoke rises vertically,No effect on count,11,11,0,1,0.0,False
NACE-0081|2018-05-12|V1,NACE,National Capital East Parks,Forest,False,NACE-0081,NACE 5,2018-05-12,1,Kimberly Serno,2018-05,May,19,5,5,Early (5-6am),10.0,20.8999996185303,66.6999969482422,20-25C,60-80%,Clear or Few Clouds,Calm (< 1 mph) smoke rises vertically,Moderate effect on count,7,8,0,0,0.0,False
NACE-0081|2018-06-17|V2,NACE,National Capital East Parks,Forest,False,NACE-0081,NACE 5,2018-06-17,2,Elizabeth Oswald,2018-06,June,24,41,5,Early (5-6am),10.0,22.7000007629395,69.6999969482422,20-25C,60-80%,Partly Cloudy,Calm (< 1 mph) smoke rises vertically,Moderate effect on count,5,7,0,0,0.0,False
NACE-0086|2018-05-12|V1,NACE,National Capital East Parks,Forest,False,NACE-0086,NACE 5,2018-05-12,1,Kimberly Serno,2018-05,May,19,5,8,Mid (7-8am),10.0,19.8999996185303,72.5,15-20C,60-80%,Partly Cloudy,Calm (< 1 mph) smoke rises vertically,Slight effect on count,9,12,0,0,0.0,False
NACE-0086|2018-06-17|V2,NACE,National Capital East Parks,Forest,False,NACE-0086,NACE 5,2018-06-17,2,Elizabeth Oswald,2018-06,June,24,41,6,Early (5-6am),10.0,21.3999996185303,82.4000015258789,20-25C,>80%,Partly Cloudy,Calm (< 1 mph) smoke rises vertically,No effect on count,6,8,0,0,0.0,False
NACE-0087|2018-05-12|V1,NACE,National Capital East Parks,Forest,False,NACE-0087,NACE 5,2018-05-12,1,Kimberly Serno,2018-05,May,19,5,6,Early (5-6am),10.0,18.7000007629395,75.0999984741211,15-20C,60-80%,Clear or Few Clouds,Calm (< 1 mph) smoke rises vertically,Slight effect on count,8,9,0,0,0.0,False
NACE-0087|2018-06-17|V2,NACE,National Capital East Parks,Forest,False,NACE-0087,NACE 5,2018-06-17,2,Elizabeth Oswald,2018-06,June,24,41,6,Early (5-6am),10.0,21.7999992370605,83.1999969482422,20-25C,>80%,Partly Cloudy,Calm (< 1 mph) smoke rises vertically,Slight effect on count,4,7,0,0,0.0,False
NACE-0094|2018-05-12|V1,NACE,National Capital East Parks,Forest,False,NACE-0094,NACE 5,2018-05-12,1,Kimberly Serno,2018-05,May,19,5,8,Mid (7-8am),10.0,20.1000003814697,74.0,20-25C,60-80%,Partly Cloudy,Calm (< 1 mph) smoke rises vertically,Slight effect on count,10,14,0,0,0.0,False
NACE-0094|2018-06-17|V2,NACE,National Capital East Parks,Forest,False,NACE-0094,NACE 5,2018-06-17,2,Elizabeth Oswald,2018-06,June,24,41,9,Late (9-10am),10.0,23.8999996185303,82.5,20-25C,>80%,Cloudy/Overcast,Calm (< 1 mph) smoke rises vertically,No effect on count,11,11,0,0,0.0,False
NACE-0107|2018-05-12|V1,NACE,National Capital East Parks,Forest,False,NACE-0107,NACE 5,2018-05-12,1,Kimberly Serno,2018-05,May,19,5,6,Early (5-6am),10.0,18.7000007629395,76.0,15-20C,60-80%,Clear or Few Clouds,Light air movement (1-3 mph) smoke drifts,Slight effect on count,15,16,1,0,6.25,True
NACE-0107|2018-06-17|V2,NACE,National Capital East Parks,Forest,False,NACE-0107,NACE 5,2018-06-17,2,Elizabeth Oswald,2018-06,June,24,41,7,Mid (7-8am),10.0,21.5,84.6999969482422,20-25C,>80%,Partly Cloudy,Calm (< 1 mph) smoke rises vertically,No effect on count,11,11,1,0,9.09,True
NACE-0131|2018-05-12|V1,NACE,National Capital East Parks,Forest,False,NACE-0131,NACE 5,2018-05-12,1,Kimberly Serno,2018-05,May,19,5,7,Mid (7-8am),10.0,19.2999992370605,77.0999984741211,15-20C,60-80%,Partly Cloudy,Calm (< 1 mph) smoke rises vertically,Slight effect on count,9,10,0,0,0.0,False
NACE-0131|2018-06-17|V2,NACE,National Capital East Parks,Forest,False,NACE-0131,NACE 5,2018-06-17,2,Elizabeth Oswald,2018-06,June,24,41,8,Mid (7-8am),10.0,23.7999992370605,81.0999984741211,20-25C,>80%,Cloudy/Overcast,Calm (< 1 mph) smoke rises vertically,Slight effect on count,10,12,1,0,8.33,True
NACE-0233|2018-05-12|V1,NACE,National Capital East Parks,Forest,False,NACE-0233,NACE 3,2018-05-12,1,Elizabeth Oswald,2018-05,May,19,5,6,Early (5-6am),10.0,19.6000003814697,65.6999969482422,15-20C,60-80%,Partly Cloudy,Calm (< 1 mph) smoke rises vertically,Slight effect on count,9,10,0,0,0.0,False
NACE-0233|2018-06-17|V2,NACE,National Capital East Parks,Forest,False,NACE-0233,NACE 3,2018-06-17,2,Brian Swimelar,2018-06,June,24,41,6,Early (5-6am),10.0,24.1000003814697,76.0999984741211,20-25C,60-80%,Partly Cloudy,Light air movement (1-3 mph) smoke drifts,Slight effect on count,4,7,0,2,0.0,False
NACE-0245|2018-05-12|V1,NACE,National Capital East Parks,Forest,False,NACE-0245,NACE 3,2018-05-12,1,Elizabeth Oswald,2018-05,May,19,5,6,Early (5-6am),10.0,19.8999996185303,72.5,15-20C,60-80%,Clear or Few Clouds,Calm (< 1 mph) smoke rises vertically,Slight effect on count,15,16,0,0,0.0,False
NACE-0245|2018-06-17|V2,NACE,National Capital East Parks,Forest,False,NACE-0245,NACE 3,2018-06-17,2,Brian Swimelar,2018-06,June,24,41,6,Early (5-6am),10.0,23.2000007629395,70.8000030517578,20-25C,60-80%,Partly Cloudy,Light air movement (1-3 mph) smoke drifts,No effect on count,7,10,0,0,0.0,False
NACE-0253|2018-05-12|V1,NACE,National Capital East Parks,Forest,False,NACE-0253,NACE 3,2018-05-12,1,Elizabeth Oswald,2018-05,May,19,5,7,Mid (7-8am),10.0,20.3999996185303,73.0999984741211,20-25C,60-80%,Clear or Few Clouds,Light air movement (1-3 mph) smoke drifts,Slight effect on count,12,14,0,0,0.0,False
NACE-0253|2018-06-17|V2,NACE,National Capital East Parks,Forest,False,NACE-0253,NACE 3,2018-06-17,2,Brian Swimelar,2018-06,June,24,41,6,Early (5-6am),10.0,23.2000007629395,72.6999969482422,20-25C,60-80%,Partly Cloudy,Light air movement (1-3 mph) smoke drifts,Slight effect on count,11,14,0,0,0.0,False
NACE-0267|2018-05-12|V1,NACE,National Capital East Parks,Forest,False,NACE-0267,NACE 3,2018-05-12,1,Elizabeth Oswald,2018-05,May,19,5,7,Mid (7-8am),10.0,22.0,70.5999984741211,20-25C,60-80%,Partly Cloudy,Light air movement (1-3 mph) smoke drifts,Moderate effect on count,10,12,0,0,0.0,False
NACE-0267|2018-06-17|V2,NACE,National Capital East Parks,Forest,False,NACE-0267,NACE 3,2018-06-17,2,Brian Swimelar,2018-06,June,24,41,7,Mid (7-8am),10.0,28.3999996185303,67.0,25-30C,60-80%,Partly Cloudy,Calm (< 1 mph) smoke rises vertically,Moderate effect on count,4,7,0,0,0.0,False
NACE-0269|2018-05-12|V1,NACE,National Capital East Parks,Forest,False,NACE-0269,NACE 3,2018-05-12,1,Elizabeth Oswald,2018-05,May,19,5,8,Mid (7-8am),10.0,20.8999996185303,72.3000030517578,20-25C,60-80%,Partly Cloudy,Light air movement (1-3 mph) smoke drifts,No effect on count,16,19,0,0,0.0,False
NACE-0269|2018-06-17|V2,NACE,National Capital East Parks,Forest,False,NACE-0269,NACE 3,2018-06-17,2,Brian Swimelar,2018-06,June,24,41,7,Mid (7-8am),10.0,25.5,51.0999984741211,25-30C,40-60%,Partly Cloudy,Calm (< 1 mph) smoke rises vertically,No effect on count,7,9,0,0,0.0,False
NACE-0282|2018-05-12|V1,NACE,National Capital East Parks,Forest,False,NACE-0282,NACE 3,2018-05-12,1,Elizabeth Oswald,2018-05,May,19,5,8,Mid (7-8am),10.0,22.7999992370605,67.5,20-25C,60-80%,Partly Cloudy,Light air movement (1-3 mph) smoke drifts,Slight effect on count,14,16,1,0,6.25,True
NACE-0282|2018-06-17|V2,NACE,National Capital East Parks,Forest,False,NACE-0282,NACE 3,2018-06-17,2,Brian Swimelar,2018-06,June,24,41,8,Mid (7-8am),10.0,25.5,51.0999984741211,25-30C,40-60%,Partly Cloudy,Calm (< 1 mph) smoke rises vertically,Moderate effect on count,8,10,0,0,0.0,False
NACE-0296|2018-05-12|V1,NACE,National Capital East Parks,Forest,False,NACE-0296,NACE 3,2018-05-12,1,Elizabeth Oswald,2018-05,May,19,5,9,Late (9-10am),10.0,23.1000003814697,66.5,20-25C,60-80%,Cloudy/Overcast,Light breeze (4-7 mph) wind felt on face,No effect on count,9,12,0,1,0.0,False
NACE-0296|2018-06-17|V2,NACE,National Capital East Parks,Forest,False,NACE-0296,NACE 3,2018-06-17,2,Brian Swimelar,2018-06,June,24,41,8,Mid (7-8am),10.0,26.3999996185303,67.0999984741211,25-30C,60-80%,Cloudy/Overcast,Calm (< 1 mph) smoke rises vertically,No effect on count,7,10,0,0,0.0,False
NACE-0346|2018-05-12|V1,NACE,National Capital East Parks,Forest,False,NACE-0346,NACE 4a,2018-05-12,1,Brian Swimelar,2018-05,May,19,5,6,Early (5-6am),11.0,24.0,55.0,20-25C,40-60%,Clear or Few Clouds,Calm (< 1 mph) smoke rises vertically,No effect on count,9,11,0,0,0.0,False
NACE-0346|2018-06-17|V2,NACE,National Capital East Parks,Forest,False,NACE-0346,NACE 4a,2018-06-17,2,Kimberly Serno,2018-06,June,24,41,6,Early (5-6am),10.0,22.2999992370605,72.5,20-25C,60-80%,Partly Cloudy,Light air movement (1-3 mph) smoke drifts,Slight effect on count,8,11,0,0,0.0,False
NACE-0350|2018-05-12|V1,NACE,National Capital East Parks,Forest,False,NACE-0350,NACE 4a,2018-05-12,1,Brian Swimelar,2018-05,May,19,5,7,Mid (7-8am),10.0,24.0,55.0,20-25C,40-60%,Clear or Few Clouds,Light air movement (1-3 mph) smoke drifts,No effect on count,8,9,0,1,0.0,False
NACE-0350|2018-06-17|V2,NACE,National Capital East Parks,Forest,False,NACE-0350,NACE 4a,2018-06-17,2,Kimberly Serno,2018-06,June,24,41,7,Mid (7-8am),10.0,25.6000003814697,75.6999969482422,25-30C,60-80%,Partly Cloudy,Light air movement (1-3 mph) smoke drifts,Moderate effect on count,5,6,0,0,0.0,False
NACE-0398|2018-05-11|V1,NACE,National Capital East Parks,Forest,False,NACE-0398,NACE 4b,2018-05-11,1,Brian Swimelar,2018-05,May,19,4,6,Early (5-6am),12.0,24.0,57.0,20-25C,40-60%,Clear or Few Clouds,Calm (< 1 mph) smoke rises vertically,No effect on count,8,11,0,1,0.0,False
NACE-0398|2018-06-23|V2,NACE,National Capital East Parks,Forest,False,NACE-0398,NACE 4b,2018-06-23,2,Elizabeth Oswald,2018-06,June,25,47,6,Early (5-6am),10.0,20.7999992370605,89.8000030517578,20-25C,>80%,Cloudy/Overcast,Light air movement (1-3 mph) smoke drifts,Slight effect on count,5,8,0,0,0.0,False
NACE-0399|2018-05-11|V1,NACE,National Capital East Parks,Forest,False,NACE-0399,NACE 4b,2018-05-11,1,Brian Swimelar,2018-05,May,19,4,6,Early (5-6am),11.0,20.0,68.0,15-20C,60-80%,Clear or Few Clouds,Calm (< 1 mph) smoke rises vertically,No effect on count,9,13,0,0,0.0,False
NACE-0399|2018-06-23|V2,NACE,National Capital East Parks,Forest,False,NACE-0399,NACE 4b,2018-06-23,2,Elizabeth Oswald,2018-06,June,25,47,6,Early (5-6am),10.0,20.5,84.6999969482422,20-25C,>80%,Cloudy/Overcast,Light breeze (4-7 mph) wind felt on face,Slight effect on count,11,14,0,0,0.0,False
NACE-0416|2018-05-11|V1,NACE,National Capital East Parks,Forest,False,NACE-0416,NACE 4b,2018-05-11,1,Brian Swimelar,2018-05,May,19,4,7,Mid (7-8am),11.0,26.0,54.0,25-30C,40-60%,Clear or Few Clouds,Calm (< 1 mph) smoke rises vertically,No effect on count,9,14,0,1,0.0,False
NACE-0416|2018-06-23|V2,NACE,National Capital East Parks,Forest,False,NACE-0416,NACE 4b,2018-06-23,2,Elizabeth Oswald,2018-06,June,25,47,7,Mid (7-8am),10.0,21.6000003814697,90.9000015258789,20-25C,>80%,Cloudy/Overcast,Calm (< 1 mph) smoke rises vertically,No effect on count,12,15,0,1,0.0,False
NACE-0438|2018-05-11|V1,NACE,National Capital East Parks,Forest,False,NACE-0438,NACE 2,2018-05-11,1,Kimberly Serno,2018-05,May,19,4,8,Mid (7-8am),10.0,21.1000003814697,78.9000015258789,20-25C,60-80%,Clear or Few Clouds,Calm (< 1 mph) smoke rises vertically,Slight effect on count,5,7,0,0,0.0,False
NACE-0438|2018-06-23|V2,NACE,National Capital East Parks,Forest,False,NACE-0438,NACE 2,2018-06-23,2,Brian Swimelar,2018-06,June,25,47,8,Mid (7-8am),10.0,22.0,67.0999984741211,20-25C,60-80%,Fog,Light air movement (1-3 mph) smoke drifts,No effect on count,11,12,0,0,0.0,False
NACE-0453|2018-05-11|V1,NACE,National Capital East Parks,Forest,False,NACE-0453,NACE 2,2018-05-11,1,Elizabeth Oswald,2018-05,May,19,4,9,Late (9-10am),10.0,28.6000003814697,55.5999984741211,25-30C,40-60%,Clear or Few Clouds,Light air movement (1-3 mph) smoke drifts,No effect on count,14,17,0,0,0.0,False
NACE-0453|2018-06-23|V2,NACE,National Capital East Parks,Forest,False,NACE-0453,NACE 2,2018-06-23,2,Brian Swimelar,2018-06,June,25,47,8,Mid (7-8am),10.0,20.1000003814697,68.8000030517578,20-25C,60-80%,Fog,Light air movement (1-3 mph) smoke drifts,No effect on count,11,12,1,0,8.33,True
NACE-0477|2018-05-11|V1,NACE,National Capital East Parks,Forest,False,NACE-0477,NACE 2,2018-05-11,1,Elizabeth Oswald,2018-05,May,19,4,8,Mid (7-8am),10.0,24.1000003814697,77.5,20-25C,60-80%,Clear or Few Clouds,Light air movement (1-3 mph) smoke drifts,Slight effect on count,16,20,0,1,0.0,False
NACE-0477|2018-06-23|V2,NACE,National Capital East Parks,Forest,False,NACE-0477,NACE 2,2018-06-23,2,Kimberly Serno,2018-06,June,25,47,8,Mid (7-8am),10.0,22.6000003814697,87.5,20-25C,>80%,Cloudy/Overcast,Calm (< 1 mph) smoke rises vertically,Slight effect on count,14,19,0,1,0.0,False
NACE-0487|2018-05-11|V1,NACE,National Capital East Parks,Forest,False,NACE-0487,NACE 1,2018-05-11,1,Elizabeth Oswald,2018-05,May,19,4,7,Mid (7-8am),10.0,19.3999996185303,76.5999984741211,15-20C,60-80%,Clear or Few Clouds,Calm (< 1 mph) smoke rises vertically,Moderate effect on count,11,14,0,0,0.0,False
NACE-0487|2018-06-23|V2,NACE,National Capital East Parks,Forest,False,NACE-0487,NACE 1,2018-06-23,2,Kimberly Serno,2018-06,June,25,47,6,Early (5-6am),10.0,22.2000007629395,85.1999969482422,20-25C,>80%,Cloudy/Overcast,Light air movement (1-3 mph) smoke drifts,Slight effect on count,5,6,0,0,0.0,False
NACE-0491|2018-05-11|V1,NACE,National Capital East Parks,Forest,False,NACE-0491,NACE 1,2018-05-11,1,Elizabeth Oswald,2018-05,May,19,4,6,Early (5-6am),10.0,20.3999996185303,61.2000007629395,20-25C,60-80%,Clear or Few Clouds,Light air movement (1-3 mph) smoke drifts,No effect on count,18,20,0,0,0.0,False
NACE-0491|2018-06-23|V2,NACE,National Capital East Parks,Forest,False,NACE-0491,NACE 1,2018-06-23,2,Kimberly Serno,2018-06,June,25,47,5,Early (5-6am),10.0,23.6000003814697,74.1999969482422,20-25C,60-80%,Cloudy/Overcast,Light air movement (1-3 mph) smoke drifts,No effect on count,10,15,0,0,0.0,False
NACE-0519|2018-05-11|V1,NACE,National Capital East Parks,Forest,False,NACE-0519,NACE 1,2018-05-11,1,Elizabeth Oswald,2018-05,May,19,4,6,Early (5-6am),10.0,22.0,57.0999984741211,20-25C,40-60%,Clear or Few Clouds,Calm (< 1 mph) smoke rises vertically,No effect on count,13,15,0,0,0.0,False
NACE-0519|2018-06-23|V2,NACE,National Capital East Parks,Forest,False,NACE-0519,NACE 1,2018-06-23,2,Kimberly Serno,2018-06,June,25,47,6,Early (5-6am),10.0,24.0,82.0,20-25C,>80%,Cloudy/Overcast,Light air movement (1-3 mph) smoke drifts,Slight effect on count,5,7,0,0,0.0,False
NACE-0619|2018-05-11|V1,NACE,National Capital East Parks,Forest,False,NACE-0619,NACE 2,2018-05-11,1,Kimberly Serno,2018-05,May,19,4,6,Early (5-6am),10.0,17.0,77.0999984741211,15-20C,60-80%,Clear or Few Clouds,Calm (< 1 mph) smoke rises vertically,No effect on count,10,15,3,0,20.0,True
NACE-0619|2018-06-23|V2,NACE,National Capital East Parks,Forest,False,NACE-0619,NACE 2,2018-06-23,2,Brian Swimelar,2018-06,June,25,47,6,Early (5-6am),10.0,25.6000003814697,78.8000030517578,25-30C,60-80%,Mist/Drizzle,Light air movement (1-3 mph) smoke drifts,No effect on count,7,9,1,0,11.11,True
NACE-0621|2018-05-11|V1,NACE,National Capital East Parks,Forest,False,NACE-0621,NACE 2,2018-05-11,1,Kimberly Serno,2018-05,May,19,4,6,Early (5-6am),10.0,18.5,71.1999969482422,15-20C,60-80%,Clear or Few Clouds,Calm (< 1 mph) smoke rises vertically,Slight effect on count,13,15,1,0,6.67,True
NACE-0621|2018-06-23|V2,NACE,National Capital East Parks,Forest,False,NACE-0621,NACE 2,2018-06-23,2,Brian Swimelar,2018-06,June,25,47,7,Mid (7-8am),10.0,25.0,72.5,20-25C,60-80%,Mist/Drizzle,Light air movement (1-3 mph) smoke drifts,Slight effect on count,6,10,0,0,0.0,False
NACE-0623|2018-05-11|V1,NACE,National Capital East Parks,Forest,False,NACE-0623,NACE 2,2018-05-11,1,Kimberly Serno,2018-05,May,19,4,7,Mid (7-8am),10.0,16.5,78.3000030517578,15-20C,60-80%,Clear or Few Clouds,Calm (< 1 mph) smoke rises vertically,No effect on count,13,13,1,0,7.69,True
NACE-0623|2018-06-23|V2,NACE,National Capital East Parks,Forest,False,NACE-0623,NACE 2,2018-06-23,2,Brian Swimelar,2018-06,June,25,47,7,Mid (7-8am),10.0,25.0,77.5999984741211,20-25C,60-80%,Fog,Light air movement (1-3 mph) smoke drifts,No effect on count,8,8,1,0,12.5,True
NACE-0649|2018-05-11|V1,NACE,National Capital East Parks,Forest,False,NACE-0649,NACE 2,2018-05-11,1,Kimberly Serno,2018-05,May,19,4,5,Early (5-6am),10.0,22.0,60.0999984741211,20-25C,60-80%,Clear or Few Clouds,Calm (< 1 mph) smoke rises vertically,No effect on count,13,15,1,1,6.67,True
NACE-0649|2018-06-23|V2,NACE,National Capital East Parks,Forest,False,NACE-0649,NACE 2,2018-06-23,2,Brian Swimelar,2018-06,June,25,47,6,Early (5-6am),10.0,25.6000003814697,78.8000030517578,25-30C,60-80%,Mist/Drizzle,Light air movement (1-3 mph) smoke drifts,No effect on count,6,8,0,0,0.0,False
PRWI-0012|2018-06-06|V1,PRWI,Prince William Forest Park,Forest,False,PRWI-0012,PRWI 1,2018-06-06,1,Kimberly Serno,2018-06,June,23,30,7,Mid (7-8am),10.0,17.6000003814697,74.4000015258789,15-20C,60-80%,Clear or Few Clouds,Light breeze (4-7 mph) wind felt on face,Slight effect on count,7,7,0,0,0.0,False
PRWI-0012|2018-07-04|V2,PRWI,Prince William Forest Park,Forest,False,PRWI-0012,PRWI 1,2018-07-04,2,Elizabeth Oswald,2018-07,July,27,58,8,Mid (7-8am),10.0,25.8999996185303,92.1999969482422,25-30C,>80%,Clear or Few Clouds,Calm (< 1 mph) smoke rises vertically,No effect on count,10,11,1,0,9.09,True
PRWI-0014|2018-06-06|V1,PRWI,Prince William Forest Park,Forest,False,PRWI-0014,PRWI 3,2018-06-06,1,Elizabeth Oswald,2018-06,June,23,30,6,Early (5-6am),10.0,18.0,76.3000030517578,15-20C,60-80%,Partly Cloudy,Light breeze (4-7 mph) wind felt on face,Slight effect on count,9,9,1,0,11.11,True
PRWI-0014|2018-07-04|V2,PRWI,Prince William Forest Park,Forest,False,PRWI-0014,PRWI 3,2018-07-04,2,Brian Swimelar,2018-07,July,27,58,5,Early (5-6am),10.0,27.7999992370605,75.0,25-30C,60-80%,Clear or Few Clouds,Calm (< 1 mph) smoke rises vertically,No effect on count,7,10,1,0,10.0,True
PRWI-0020|2018-06-06|V1,PRWI,Prince William Forest Park,Forest,False,PRWI-0020,PRWI 1,2018-06-06,1,Kimberly Serno,2018-06,June,23,30,7,Mid (7-8am),10.0,17.8999996185303,71.5,15-20C,60-80%,Partly Cloudy,Light breeze (4-7 mph) wind felt on face,Slight effect on count,7,8,0,0,0.0,False
PRWI-0020|2018-07-04|V2,PRWI,Prince William Forest Park,Forest,False,PRWI-0020,PRWI 1,2018-07-04,2,Elizabeth Oswald,2018-07,July,27,58,8,Mid (7-8am),10.0,25.5,90.4000015258789,25-30C,>80%,Partly Cloudy,Calm (< 1 mph) smoke rises vertically,No effect on count,8,11,2,0,18.18,True
PRWI-0025|2018-06-06|V1,PRWI,Prince William Forest Park,Forest,False,PRWI-0025,PRWI 3,2018-06-06,1,Elizabeth Oswald,2018-06,June,23,30,6,Early (5-6am),10.0,17.2999992370605,78.3000030517578,15-20C,60-80%,Partly Cloudy,Light air movement (1-3 mph) smoke drifts,Moderate effect on count,10,12,1,0,8.33,True
PRWI-0025|2018-07-04|V2,PRWI,Prince William Forest Park,Forest,False,PRWI-0025,PRWI 3,2018-07-04,2,Brian Swimelar,2018-07,July,27,58,6,Early (5-6am),10.0,29.1000003814697,77.1999969482422,25-30C,60-80%,Clear or Few Clouds,Calm (< 1 mph) smoke rises vertically,No effect on count,9,9,1,0,11.11,True
PRWI-0028|2018-06-06|V1,PRWI,Prince William Forest Park,Forest,False,PRWI-0028,PRWI 1,2018-06-06,1,Kimberly Serno,2018-06,June,23,30,8,Mid (7-8am),10.0,17.2999992370605,71.4000015258789,15-20C,60-80%,Clear or Few Clouds,Light breeze (4-7 mph) wind felt on face,Slight effect on count,7,7,0,0,0.0,False
PRWI-0028|2018-07-04|V2,PRWI,Prince William Forest Park,Forest,False,PRWI-0028,PRWI 1,2018-07-04,2,Elizabeth Oswald,2018-07,July,27,58,8,Mid (7-8am),10.0,26.3999996185303,88.5,25-30C,>80%,Partly Cloudy,Light air movement (1-3 mph) smoke drifts,No effect on count,9,12,0,0,0.0,False
PRWI-0039|2018-06-06|V1,PRWI,Prince William Forest Park,Forest,False,PRWI-0039,PRWI 1,2018-06-06,1,Kimberly Serno,2018-06,June,23,30,8,Mid (7-8am),10.0,17.8999996185303,73.0,15-20C,60-80%,Clear or Few Clouds,Light breeze (4-7 mph) wind felt on face,Slight effect on count,8,12,1,0,8.33,True
PRWI-0039|2018-07-04|V2,PRWI,Prince William Forest Park,Forest,False,PRWI-0039,PRWI 1,2018-07-04,2,Elizabeth Oswald,2018-07,July,27,58,9,Late (9-10am),10.0,27.2000007629395,87.3000030517578,25-30C,>80%,Partly Cloudy,Light air movement (1-3 mph) smoke drifts,No effect on count,5,6,0,0,0.0,False
PRWI-0041|2018-06-06|V1,PRWI,Prince William Forest Park,Forest,False,PRWI-0041,PRWI 1,2018-06-06,1,Kimberly Serno,2018-06,June,23,30,6,Early (5-6am),10.0,18.3999996185303,72.5999984741211,15-20C,60-80%,Partly Cloudy,Light breeze (4-7 mph) wind felt on face,Slight effect on count,5,6,1,0,16.67,True
PRWI-0041|2018-07-04|V2,PRWI,Prince William Forest Park,Forest,False,PRWI-0041,PRWI 1,2018-07-04,2,Elizabeth Oswald,2018-07,July,27,58,7,Mid (7-8am),10.0,24.8999996185303,89.0,20-25C,>80%,Partly Cloudy,Light air movement (1-3 mph) smoke drifts,No effect on count,10,12,0,0,0.0,False
PRWI-0051|2018-06-06|V1,PRWI,Prince William Forest Park,Forest,False,PRWI-0051,PRWI 1,2018-06-06,1,Kimberly Serno,2018-06,June,23,30,6,Early (5-6am),10.0,18.8999996185303,69.8000030517578,15-20C,60-80%,Partly Cloudy,Light breeze (4-7 mph) wind felt on face,Slight effect on count,6,11,2,0,18.18,True
PRWI-0051|2018-07-04|V2,PRWI,Prince William Forest Park,Forest,False,PRWI-0051,PRWI 1,2018-07-04,2,Elizabeth Oswald,2018-07,July,27,58,9,Late (9-10am),10.0,27.6000003814697,83.8000030517578,25-30C,>80%,Clear or Few Clouds,Light air movement (1-3 mph) smoke drifts,No effect on count,6,7,0,0,0.0,False
PRWI-0053|2018-06-06|V1,PRWI,Prince William Forest Park,Forest,False,PRWI-0053,PRWI 2,2018-06-06,1,Brian Swimelar,2018-06,June,23,30,8,Mid (7-8am),10.0,21.2000007629395,59.0,20-25C,40-60%,Clear or Few Clouds,Light breeze (4-7 mph) wind felt on face,No effect on count,5,6,0,0,0.0,False
PRWI-0053|2018-07-04|V2,PRWI,Prince William Forest Park,Forest,False,PRWI-0053,PRWI 2,2018-07-04,2,Elizabeth Oswald,2018-07,July,27,58,7,Mid (7-8am),10.0,25.3999996185303,90.0,25-30C,>80%,Partly Cloudy,Light air movement (1-3 mph) smoke drifts,No effect on count,8,9,0,0,0.0,False
PRWI-0055|2018-06-06|V1,PRWI,Prince William Forest Park,Forest,False,PRWI-0055,PRWI 2,2018-06-06,1,Brian Swimelar,2018-06,June,23,30,8,Mid (7-8am),10.0,19.7999992370605,66.4000015258789,15-20C,60-80%,Clear or Few Clouds,Light breeze (4-7 mph) wind felt on face,No effect on count,4,6,0,0,0.0,False
PRWI-0055|2018-07-04|V2,PRWI,Prince William Forest Park,Forest,False,PRWI-0055,PRWI 2,2018-07-04,2,Elizabeth Oswald,2018-07,July,27,58,7,Mid (7-8am),10.0,25.3999996185303,90.9000015258789,25-30C,>80%,Partly Cloudy,Light air movement (1-3 mph) smoke drifts,No effect on count,5,5,0,0,0.0,False
PRWI-0060|2018-06-06|V1,PRWI,Prince William Forest Park,Forest,False,PRWI-0060,PRWI 3,2018-06-06,1,Elizabeth Oswald,2018-06,June,23,30,7,Mid (7-8am),10.0,16.7999992370605,81.9000015258789,15-20C,>80%,Clear or Few Clouds,"Gentle breeze (8-12 mph), leaves in motion",Slight effect on count,7,9,1,0,11.11,True
PRWI-0060|2018-07-04|V2,PRWI,Prince William Forest Park,Forest,False,PRWI-0060,PRWI 3,2018-07-04,2,Brian Swimelar,2018-07,July,27,58,6,Early (5-6am),10.0,29.3999996185303,80.9000015258789,25-30C,>80%,Partly Cloudy,Calm (< 1 mph) smoke rises vertically,No effect on count,6,7,0,0,0.0,False
PRWI-0062|2018-06-06|V1,PRWI,Prince William Forest Park,Forest,False,PRWI-0062,PRWI 3,2018-06-06,1,Elizabeth Oswald,2018-06,June,23,30,7,Mid (7-8am),10.0,17.1000003814697,77.9000015258789,15-20C,60-80%,Clear or Few Clouds,"Gentle breeze (8-12 mph), leaves in motion",Serious effect on count,5,5,0,0,0.0,False
PRWI-0062|2018-07-04|V2,PRWI,Prince William Forest Park,Forest,False,PRWI-0062,PRWI 3,2018-07-04,2,Brian Swimelar,2018-07,July,27,58,7,Mid (7-8am),10.0,27.6000003814697,77.8000030517578,25-30C,60-80%,Cloudy/Overcast,Calm (< 1 mph) smoke rises vertically,Moderate effect on count,9,10,1,0,10.0,True
PRWI-0064|2018-06-06|V1,PRWI,Prince William Forest Park,Forest,False,PRWI-0064,PRWI 1,2018-06-06,1,Kimberly Serno,2018-06,June,23,30,5,Early (5-6am),10.0,19.1000003814697,74.1999969482422,15-20C,60-80%,Partly Cloudy,Light air movement (1-3 mph) smoke drifts,Slight effect on count,6,12,0,0,0.0,False
PRWI-0064|2018-07-04|V2,PRWI,Prince William Forest Park,Forest,False,PRWI-0064,PRWI 1,2018-07-04,2,Elizabeth Oswald,2018-07,July,27,58,9,Late (9-10am),10.0,27.3999996185303,84.1999969482422,25-30C,>80%,Clear or Few Clouds,Calm (< 1 mph) smoke rises vertically,No effect on count,10,12,0,0,0.0,False
PRWI-0069|2018-06-06|V1,PRWI,Prince William Forest Park,Forest,False,PRWI-0069,PRWI 2,2018-06-06,1,Brian Swimelar,2018-06,June,23,30,7,Mid (7-8am),10.0,20.7000007629395,62.2999992370605,20-25C,60-80%,Clear or Few Clouds,Light breeze (4-7 mph) wind felt on face,No effect on count,7,8,1,0,12.5,True
PRWI-0069|2018-07-04|V2,PRWI,Prince William Forest Park,Forest,False,PRWI-0069,PRWI 2,2018-07-04,2,Elizabeth Oswald,2018-07,July,27,58,6,Early (5-6am),10.0,25.2999992370605,90.5,25-30C,>80%,Cloudy/Overcast,Calm (< 1 mph) smoke rises vertically,No effect on count,9,11,0,0,0.0,False
PRWI-0075|2018-06-06|V1,PRWI,Prince William Forest Park,Forest,False,PRWI-0075,PRWI 3,2018-06-06,1,Elizabeth Oswald,2018-06,June,23,30,7,Mid (7-8am),10.0,17.2999992370605,76.5999984741211,15-20C,60-80%,Clear or Few Clouds,Light breeze (4-7 mph) wind felt on face,Slight effect on count,8,12,2,0,16.67,True
PRWI-0075|2018-07-04|V2,PRWI,Prince William Forest Park,Forest,False,PRWI-0075,PRWI 3,2018-07-04,2,Brian Swimelar,2018-07,July,27,58,7,Mid (7-8am),10.0,25.7000007629395,82.4000015258789,25-30C,>80%,Cloudy/Overcast,Calm (< 1 mph) smoke rises vertically,No effect on count,9,10,2,0,20.0,True
PRWI-0079|2018-06-06|V1,PRWI,Prince William Forest Park,Forest,False,PRWI-0079,PRWI 2,2018-06-06,1,Brian Swimelar,2018-06,June,23,30,5,Early (5-6am),10.0,17.2000007629395,75.1999969482422,15-20C,60-80%,Partly Cloudy,Light breeze (4-7 mph) wind felt on face,No effect on count,8,10,1,0,10.0,True
PRWI-0079|2018-07-04|V2,PRWI,Prince William Forest Park,Forest,False,PRWI-0079,PRWI 2,2018-07-04,2,Elizabeth Oswald,2018-07,July,27,58,5,Early (5-6am),10.0,24.7999992370605,85.0999984741211,20-25C,>80%,Partly Cloudy,Calm (< 1 mph) smoke rises vertically,No effect on count,9,11,2,0,18.18,True
PRWI-0080|2018-06-06|V1,PRWI,Prince William Forest Park,Forest,False,PRWI-0080,PRWI 2,2018-06-06,1,Brian Swimelar,2018-06,June,23,30,6,Early (5-6am),10.0,21.8999996185303,72.5,20-25C,60-80%,Partly Cloudy,Light air movement (1-3 mph) smoke drifts,No effect on count,5,9,2,0,22.22,True
PRWI-0080|2018-07-04|V2,PRWI,Prince William Forest Park,Forest,False,PRWI-0080,PRWI 2,2018-07-04,2,Elizabeth Oswald,2018-07,July,27,58,5,Early (5-6am),10.0,24.7000007629395,88.0999984741211,20-25C,>80%,Partly Cloudy,Light air movement (1-3 mph) smoke drifts,No effect on count,10,11,2,0,18.18,True
PRWI-0082|2018-06-06|V1,PRWI,Prince William Forest Park,Forest,False,PRWI-0082,PRWI 2,2018-06-06,1,Brian Swimelar,2018-06,June,23,30,7,Mid (7-8am),10.0,21.0,59.9000015258789,20-25C,40-60%,Clear or Few Clouds,Light breeze (4-7 mph) wind felt on face,No effect on count,3,5,0,0,0.0,False
PRWI-0082|2018-07-04|V2,PRWI,Prince William Forest Park,Forest,False,PRWI-0082,PRWI 2,2018-07-04,2,Elizabeth Oswald,2018-07,July,27,58,6,Early (5-6am),10.0,25.1000003814697,89.8000030517578,25-30C,>80%,Cloudy/Overcast,Calm (< 1 mph) smoke rises vertically,No effect on count,9,9,0,0,0.0,False
PRWI-0085|2018-06-07|V1,PRWI,Prince William Forest Park,Forest,False,PRWI-0085,PRWI 4,2018-06-07,1,Brian Swimelar,2018-06,June,23,31,9,Late (9-10am),10.0,23.0,59.2000007629395,20-25C,40-60%,Clear or Few Clouds,Light air movement (1-3 mph) smoke drifts,No effect on count,8,9,1,0,11.11,True
PRWI-0085|2018-07-05|V2,PRWI,Prince William Forest Park,Forest,False,PRWI-0085,PRWI 4,2018-07-05,2,Kimberly Serno,2018-07,July,27,59,8,Mid (7-8am),10.0,26.1000003814697,83.4000015258789,25-30C,>80%,Partly Cloudy,Calm (< 1 mph) smoke rises vertically,No effect on count,6,10,2,0,20.0,True
PRWI-0090|2018-06-06|V1,PRWI,Prince William Forest Park,Forest,False,PRWI-0090,PRWI 3,2018-06-06,1,Elizabeth Oswald,2018-06,June,23,30,8,Mid (7-8am),10.0,17.6000003814697,76.6999969482422,15-20C,60-80%,Clear or Few Clouds,Light breeze (4-7 mph) wind felt on face,Slight effect on count,5,5,0,0,0.0,False
PRWI-0090|2018-07-04|V2,PRWI,Prince William Forest Park,Forest,False,PRWI-0090,PRWI 3,2018-07-04,2,Brian Swimelar,2018-07,July,27,58,7,Mid (7-8am),10.0,25.6000003814697,82.9000015258789,25-30C,>80%,Partly Cloudy,Calm (< 1 mph) smoke rises vertically,Slight effect on count,4,6,0,0,0.0,False
PRWI-0093|2018-06-07|V1,PRWI,Prince William Forest Park,Forest,False,PRWI-0093,PRWI 5,2018-06-07,1,Kimberly Serno,2018-06,June,23,31,7,Mid (7-8am),10.0,18.8999996185303,69.8000030517578,15-20C,60-80%,Partly Cloudy,Calm (< 1 mph) smoke rises vertically,Serious effect on count,4,5,0,0,0.0,False
PRWI-0093|2018-07-05|V2,PRWI,Prince William Forest Park,Forest,False,PRWI-0093,PRWI 5,2018-07-05,2,Elizabeth Oswald,2018-07,July,27,59,7,Mid (7-8am),10.0,26.2000007629395,82.5999984741211,25-30C,>80%,Partly Cloudy,Calm (< 1 mph) smoke rises vertically,Serious effect on count,6,8,0,0,0.0,False
PRWI-0096|2018-06-06|V1,PRWI,Prince William Forest Park,Forest,False,PRWI-0096,PRWI 2,2018-06-06,1,Brian Swimelar,2018-06,June,23,30,6,Early (5-6am),10.0,21.7999992370605,60.0,20-25C,40-60%,Partly Cloudy,Light breeze (4-7 mph) wind felt on face,No effect on count,7,10,0,0,0.0,False
PRWI-0096|2018-07-04|V2,PRWI,Prince William Forest Park,Forest,False,PRWI-0096,PRWI 2,2018-07-04,2,Elizabeth Oswald,2018-07,July,27,58,6,Early (5-6am),10.0,24.7000007629395,88.5999984741211,20-25C,>80%,Cloudy/Overcast,Calm (< 1 mph) smoke rises vertically,No effect on count,8,9,1,0,11.11,True
PRWI-0097|2018-06-06|V1,PRWI,Prince William Forest Park,Forest,False,PRWI-0097,PRWI 2,2018-06-06,1,Brian Swimelar,2018-06,June,23,30,6,Early (5-6am),11.0,21.7000007629395,60.0,20-25C,40-60%,Clear or Few Clouds,Light breeze (4-7 mph) wind felt on face,No effect on count,4,6,0,0,0.0,False
PRWI-0097|2018-07-04|V2,PRWI,Prince William Forest Park,Forest,False,PRWI-0097,PRWI 2,2018-07-04,2,Elizabeth Oswald,2018-07,July,27,58,6,Early (5-6am),10.0,24.6000003814697,88.0999984741211,20-25C,>80%,Cloudy/Overcast,Calm (< 1 mph) smoke rises vertically,No effect on count,9,10,0,0,0.0,False
PRWI-0120|2018-06-07|V1,PRWI,Prince William Forest Park,Forest,False,PRWI-0120,PRWI 4,2018-06-07,1,Brian Swimelar,2018-06,June,23,31,8,Mid (7-8am),10.0,23.6000003814697,59.2999992370605,20-25C,40-60%,Clear or Few Clouds,Calm (< 1 mph) smoke rises vertically,No effect on count,5,5,0,0,0.0,False
PRWI-0120|2018-07-05|V2,PRWI,Prince William Forest Park,Forest,False,PRWI-0120,PRWI 4,2018-07-05,2,Kimberly Serno,2018-07,July,27,59,9,Late (9-10am),10.0,27.2000007629395,83.6999969482422,25-30C,>80%,Partly Cloudy,Calm (< 1 mph) smoke rises vertically,No effect on count,5,6,0,0,0.0,False
PRWI-0124|2018-06-06|V1,PRWI,Prince William Forest Park,Forest,False,PRWI-0124,PRWI 3,2018-06-06,1,Elizabeth Oswald,2018-06,June,23,30,8,Mid (7-8am),10.0,17.7999992370605,76.6999969482422,15-20C,60-80%,Clear or Few Clouds,"Gentle breeze (8-12 mph), leaves in motion",Slight effect on count,7,9,0,0,0.0,False
PRWI-0124|2018-07-04|V2,PRWI,Prince William Forest Park,Forest,False,PRWI-0124,PRWI 3,2018-07-04,2,Brian Swimelar,2018-07,July,27,58,8,Mid (7-8am),10.0,26.7000007629395,87.1999969482422,25-30C,>80%,Cloudy/Overcast,Calm (< 1 mph) smoke rises vertically,No effect on count,11,11,1,0,9.09,True
PRWI-0125|2018-06-06|V1,PRWI,Prince William Forest Park,Forest,False,PRWI-0125,PRWI 3,2018-06-06,1,Elizabeth Oswald,2018-06,June,23,30,8,Mid (7-8am),10.0,17.5,81.0999984741211,15-20C,>80%,Clear or Few Clouds,"Gentle breeze (8-12 mph), leaves in motion",Slight effect on count,6,6,0,0,0.0,False
PRWI-0125|2018-07-04|V2,PRWI,Prince William Forest Park,Forest,False,PRWI-0125,PRWI 3,2018-07-04,2,Brian Swimelar,2018-07,July,27,58,7,Mid (7-8am),10.0,26.5,86.3000030517578,25-30C,>80%,Partly Cloudy,Calm (< 1 mph) smoke rises vertically,No effect on count,8,8,0,0,0.0,False
PRWI-0129|2018-06-07|V1,PRWI,Prince William Forest Park,Forest,False,PRWI-0129,PRWI 5,2018-06-07,1,Kimberly Serno,2018-06,June,23,31,7,Mid (7-8am),10.0,19.1000003814697,71.3000030517578,15-20C,60-80%,Partly Cloudy,Calm (< 1 mph) smoke rises vertically,No effect on count,12,13,1,0,7.69,True
PRWI-0129|2018-07-05|V2,PRWI,Prince William Forest Park,Forest,False,PRWI-0129,PRWI 5,2018-07-05,2,Elizabeth Oswald,2018-07,July,27,59,7,Mid (7-8am),10.0,25.2999992370605,85.5,25-30C,>80%,Partly Cloudy,Calm (< 1 mph) smoke rises vertically,No effect on count,6,10,3,0,30.0,True
PRWI-0132|2018-06-07|V1,PRWI,Prince William Forest Park,Forest,False,PRWI-0132,PRWI 5,2018-06-07,1,Kimberly Serno,2018-06,June,23,31,8,Mid (7-8am),10.0,18.7000007629395,72.6999969482422,15-20C,60-80%,Partly Cloudy,Light air movement (1-3 mph) smoke drifts,Slight effect on count,8,12,0,0,0.0,False
PRWI-0132|2018-07-05|V2,PRWI,Prince William Forest Park,Forest,False,PRWI-0132,PRWI 5,2018-07-05,2,Elizabeth Oswald,2018-07,July,27,59,8,Mid (7-8am),10.0,25.5,87.8000030517578,25-30C,>80%,Clear or Few Clouds,Calm (< 1 mph) smoke rises vertically,No effect on count,14,19,1,0,5.26,True
PRWI-0143|2018-06-07|V1,PRWI,Prince William Forest Park,Forest,False,PRWI-0143,PRWI 4,2018-06-07,1,Brian Swimelar,2018-06,June,23,31,7,Mid (7-8am),10.0,23.0,60.0999984741211,20-25C,60-80%,Partly Cloudy,Calm (< 1 mph) smoke rises vertically,No effect on count,5,6,1,0,16.67,True
PRWI-0143|2018-07-05|V2,PRWI,Prince William Forest Park,Forest,False,PRWI-0143,PRWI 4,2018-07-05,2,Kimberly Serno,2018-07,July,27,59,7,Mid (7-8am),10.0,25.2999992370605,83.1999969482422,25-30C,>80%,Partly Cloudy,Calm (< 1 mph) smoke rises vertically,No effect on count,9,11,0,0,0.0,False
PRWI-0144|2018-06-07|V1,PRWI,Prince William Forest Park,Forest,False,PRWI-0144,PRWI 4,2018-06-07,1,Brian Swimelar,2018-06,June,23,31,7,Mid (7-8am),10.0,23.0,58.2000007629395,20-25C,40-60%,Partly Cloudy,Calm (< 1 mph) smoke rises vertically,No effect on count,8,8,0,0,0.0,False
PRWI-0144|2018-07-05|V2,PRWI,Prince William Forest Park,Forest,False,PRWI-0144,PRWI 4,2018-07-05,2,Kimberly Serno,2018-07,July,27,59,7,Mid (7-8am),10.0,25.0,84.0999984741211,20-25C,>80%,Partly Cloudy,Calm (< 1 mph) smoke rises vertically,No effect on count,8,8,1,0,12.5,True
PRWI-0145|2018-06-07|V1,PRWI,Prince William Forest Park,Forest,False,PRWI-0145,PRWI 4,2018-06-07,1,Brian Swimelar,2018-06,June,23,31,7,Mid (7-8am),10.0,23.0,60.0999984741211,20-25C,60-80%,Partly Cloudy,Calm (< 1 mph) smoke rises vertically,No effect on count,8,9,0,0,0.0,False
PRWI-0145|2018-07-05|V2,PRWI,Prince William Forest Park,Forest,False,PRWI-0145,PRWI 4,2018-07-05,2,Kimberly Serno,2018-07,July,27,59,7,Mid (7-8am),10.0,25.5,82.8000030517578,25-30C,>80%,Partly Cloudy,Calm (< 1 mph) smoke rises vertically,No effect on count,8,9,0,0,0.0,False
PRWI-0173|2018-06-07|V1,PRWI,Prince William Forest Park,Forest,False,PRWI-0173,PRWI 8,2018-06-07,1,Elizabeth Oswald,2018-06,June,23,31,10,Late (9-10am),10.0,20.1000003814697,74.9000015258789,20-25C,60-80%,Clear or Few Clouds,Light breeze (4-7 mph) wind felt on face,No effect on count,10,12,1,0,8.33,True
PRWI-0173|2018-07-02|V2,PRWI,Prince William Forest Park,Forest,False,PRWI-0173,PRWI 8,2018-07-02,2,Kimberly Serno,2018-07,July,27,56,7,Mid (7-8am),10.0,25.0,79.4000015258789,20-25C,60-80%,Clear or Few Clouds,Calm (< 1 mph) smoke rises vertically,No effect on count,8,10,1,0,10.0,True
PRWI-0175|2018-06-07|V1,PRWI,Prince William Forest Park,Forest,False,PRWI-0175,PRWI 5,2018-06-07,1,Kimberly Serno,2018-06,June,23,31,8,Mid (7-8am),10.0,19.3999996185303,74.3000030517578,15-20C,60-80%,Partly Cloudy,Calm (< 1 mph) smoke rises vertically,No effect on count,11,14,1,0,7.14,True
PRWI-0175|2018-07-05|V2,PRWI,Prince William Forest Park,Forest,False,PRWI-0175,PRWI 5,2018-07-05,2,Elizabeth Oswald,2018-07,July,27,59,7,Mid (7-8am),10.0,25.8999996185303,87.0,25-30C,>80%,Clear or Few Clouds,Calm (< 1 mph) smoke rises vertically,No effect on count,7,9,1,0,11.11,True
PRWI-0181|2018-06-07|V1,PRWI,Prince William Forest Park,Forest,False,PRWI-0181,PRWI 5,2018-06-07,1,Kimberly Serno,2018-06,June,23,31,7,Mid (7-8am),10.0,17.5,73.4000015258789,15-20C,60-80%,Partly Cloudy,Calm (< 1 mph) smoke rises vertically,Moderate effect on count,8,8,1,0,12.5,True
PRWI-0181|2018-07-05|V2,PRWI,Prince William Forest Park,Forest,False,PRWI-0181,PRWI 5,2018-07-05,2,Elizabeth Oswald,2018-07,July,27,59,6,Early (5-6am),10.0,24.8999996185303,85.9000015258789,20-25C,>80%,Partly Cloudy,Calm (< 1 mph) smoke rises vertically,Moderate effect on count,8,8,1,0,12.5,True
PRWI-0186|2018-06-07|V1,PRWI,Prince William Forest Park,Forest,False,PRWI-0186,PRWI 4,2018-06-07,1,Brian Swimelar,2018-06,June,23,31,5,Early (5-6am),10.0,18.0,70.1999969482422,15-20C,60-80%,Clear or Few Clouds,Light air movement (1-3 mph) smoke drifts,No effect on count,10,11,0,0,0.0,False
PRWI-0186|2018-07-05|V2,PRWI,Prince William Forest Park,Forest,False,PRWI-0186,PRWI 4,2018-07-05,2,Kimberly Serno,2018-07,July,27,59,9,Late (9-10am),10.0,27.8999996185303,79.0999984741211,25-30C,60-80%,Partly Cloudy,Calm (< 1 mph) smoke rises vertically,Slight effect on count,12,16,0,0,0.0,False
PRWI-0189|2018-06-07|V1,PRWI,Prince William Forest Park,Forest,False,PRWI-0189,PRWI 4,2018-06-07,1,Brian Swimelar,2018-06,June,23,31,6,Early (5-6am),10.0,22.1000003814697,58.5999984741211,20-25C,40-60%,Clear or Few Clouds,Calm (< 1 mph) smoke rises vertically,No effect on count,7,9,0,0,0.0,False
PRWI-0189|2018-07-05|V2,PRWI,Prince William Forest Park,Forest,False,PRWI-0189,PRWI 4,2018-07-05,2,Kimberly Serno,2018-07,July,27,59,6,Early (5-6am),10.0,25.5,80.9000015258789,25-30C,>80%,Partly Cloudy,Calm (< 1 mph) smoke rises vertically,No effect on count,9,14,0,0,0.0,False
PRWI-0196|2018-06-07|V1,PRWI,Prince William Forest Park,Forest,False,PRWI-0196,PRWI 7,2018-06-07,1,Elizabeth Oswald,2018-06,June,23,31,6,Early (5-6am),10.0,16.7999992370605,77.9000015258789,15-20C,60-80%,Partly Cloudy,Light air movement (1-3 mph) smoke drifts,No effect on count,6,7,2,0,28.57,True
PRWI-0196|2018-07-02|V2,PRWI,Prince William Forest Park,Forest,False,PRWI-0196,PRWI 7,2018-07-02,2,Kimberly Serno,2018-07,July,27,56,7,Mid (7-8am),10.0,24.0,81.5,20-25C,>80%,Partly Cloudy,Calm (< 1 mph) smoke rises vertically,Slight effect on count,5,6,1,0,16.67,True
PRWI-0199|2018-06-07|V1,PRWI,Prince William Forest Park,Forest,False,PRWI-0199,PRWI 8,2018-06-07,1,Elizabeth Oswald,2018-06,June,23,31,9,Late (9-10am),10.0,20.3999996185303,79.9000015258789,20-25C,60-80%,Partly Cloudy,Light air movement (1-3 mph) smoke drifts,No effect on count,11,12,0,0,0.0,False
PRWI-0199|2018-07-02|V2,PRWI,Prince William Forest Park,Forest,False,PRWI-0199,PRWI 8,2018-07-02,2,Kimberly Serno,2018-07,July,27,56,7,Mid (7-8am),10.0,24.6000003814697,83.0,20-25C,>80%,Clear or Few Clouds,Calm (< 1 mph) smoke rises vertically,No effect on count,5,7,0,0,0.0,False
PRWI-0206|2018-06-07|V1,PRWI,Prince William Forest Park,Forest,False,PRWI-0206,PRWI 5,2018-06-07,1,Kimberly Serno,2018-06,June,23,31,6,Early (5-6am),10.0,17.2999992370605,76.6999969482422,15-20C,60-80%,Partly Cloudy,Calm (< 1 mph) smoke rises vertically,Slight effect on count,10,13,2,0,15.38,True
PRWI-0206|2018-07-05|V2,PRWI,Prince William Forest Park,Forest,False,PRWI-0206,PRWI 5,2018-07-05,2,Elizabeth Oswald,2018-07,July,27,59,6,Early (5-6am),10.0,25.0,86.4000015258789,20-25C,>80%,Partly Cloudy,Calm (< 1 mph) smoke rises vertically,No effect on count,12,17,2,0,11.76,True
PRWI-0220|2018-06-07|V1,PRWI,Prince William Forest Park,Forest,False,PRWI-0220,PRWI 7,2018-06-07,1,Elizabeth Oswald,2018-06,June,23,31,5,Early (5-6am),10.0,18.8999996185303,64.0999984741211,15-20C,60-80%,Cloudy/Overcast,Light air movement (1-3 mph) smoke drifts,No effect on count,10,11,0,0,0.0,False
PRWI-0220|2018-07-02|V2,PRWI,Prince William Forest Park,Forest,False,PRWI-0220,PRWI 7,2018-07-02,2,Kimberly Serno,2018-07,July,27,56,5,Early (5-6am),10.0,24.2000007629395,80.0999984741211,20-25C,>80%,Clear or Few Clouds,Calm (< 1 mph) smoke rises vertically,No effect on count,6,9,1,0,11.11,True
PRWI-0223|2018-06-07|V1,PRWI,Prince William Forest Park,Forest,False,PRWI-0223,PRWI 7,2018-06-07,1,Elizabeth Oswald,2018-06,June,23,31,6,Early (5-6am),10.0,16.8999996185303,75.1999969482422,15-20C,60-80%,Cloudy/Overcast,Light air movement (1-3 mph) smoke drifts,No effect on count,9,9,2,0,22.22,True
PRWI-0223|2018-07-02|V2,PRWI,Prince William Forest Park,Forest,False,PRWI-0223,PRWI 7,2018-07-02,2,Kimberly Serno,2018-07,July,27,56,6,Early (5-6am),10.0,24.1000003814697,82.5,20-25C,>80%,Clear or Few Clouds,Calm (< 1 mph) smoke rises vertically,No effect on count,10,11,0,0,0.0,False
PRWI-0227|2018-06-07|V1,PRWI,Prince William Forest Park,Forest,False,PRWI-0227,PRWI 8,2018-06-07,1,Elizabeth Oswald,2018-06,June,23,31,9,Late (9-10am),10.0,19.7000007629395,75.3000030517578,15-20C,60-80%,Partly Cloudy,Light air movement (1-3 mph) smoke drifts,No effect on count,8,10,0,0,0.0,False
PRWI-0227|2018-07-02|V2,PRWI,Prince William Forest Park,Forest,False,PRWI-0227,PRWI 8,2018-07-02,2,Kimberly Serno,2018-07,July,27,56,8,Mid (7-8am),10.0,24.7999992370605,82.1999969482422,20-25C,>80%,Clear or Few Clouds,Calm (< 1 mph) smoke rises vertically,No effect on count,11,12,1,0,8.33,True
PRWI-0233|2018-06-07|V1,PRWI,Prince William Forest Park,Forest,False,PRWI-0233,PRWI 5,2018-06-07,1,Kimberly Serno,2018-06,June,23,31,6,Early (5-6am),10.0,18.2999992370605,70.1999969482422,15-20C,60-80%,Cloudy/Overcast,Calm (< 1 mph) smoke rises vertically,Slight effect on count,10,13,1,0,7.69,True
PRWI-0233|2018-07-05|V2,PRWI,Prince William Forest Park,Forest,False,PRWI-0233,PRWI 5,2018-07-05,2,Elizabeth Oswald,2018-07,July,27,59,5,Early (5-6am),10.0,24.7999992370605,85.0,20-25C,>80%,Partly Cloudy,Calm (< 1 mph) smoke rises vertically,No effect on count,11,12,2,0,16.67,True
PRWI-0238|2018-06-09|V1,PRWI,Prince William Forest Park,Forest,False,PRWI-0238,PRWI 17,2018-06-09,1,Elizabeth Oswald,2018-06,June,23,33,7,Mid (7-8am),10.0,21.7000007629395,89.0999984741211,20-25C,>80%,Partly Cloudy,Light air movement (1-3 mph) smoke drifts,Serious effect on count,8,8,1,0,12.5,True
PRWI-0238|2018-07-03|V2,PRWI,Prince William Forest Park,Forest,False,PRWI-0238,PRWI 17,2018-07-03,2,Kimberly Serno,2018-07,July,27,57,7,Mid (7-8am),10.0,26.7999992370605,81.6999969482422,25-30C,>80%,Clear or Few Clouds,Calm (< 1 mph) smoke rises vertically,Moderate effect on count,6,6,1,0,16.67,True
PRWI-0253|2018-06-07|V1,PRWI,Prince William Forest Park,Forest,False,PRWI-0253,PRWI 8,2018-06-07,1,Elizabeth Oswald,2018-06,June,23,31,8,Mid (7-8am),10.0,18.3999996185303,81.6999969482422,15-20C,>80%,Partly Cloudy,Calm (< 1 mph) smoke rises vertically,No effect on count,9,11,0,0,0.0,False
PRWI-0253|2018-07-02|V2,PRWI,Prince William Forest Park,Forest,False,PRWI-0253,PRWI 8,2018-07-02,2,Kimberly Serno,2018-07,July,27,56,9,Late (9-10am),10.0,29.0,84.0999984741211,25-30C,>80%,Clear or Few Clouds,Calm (< 1 mph) smoke rises vertically,Slight effect on count,7,8,0,0,0.0,False
PRWI-0268|2018-06-09|V1,PRWI,Prince William Forest Park,Forest,False,PRWI-0268,PRWI 17,2018-06-09,1,Elizabeth Oswald,2018-06,June,23,33,7,Mid (7-8am),10.0,21.3999996185303,87.3000030517578,20-25C,>80%,Cloudy/Overcast,Calm (< 1 mph) smoke rises vertically,Slight effect on count,11,13,1,0,7.69,True
PRWI-0268|2018-07-03|V2,PRWI,Prince William Forest Park,Forest,False,PRWI-0268,PRWI 17,2018-07-03,2,Kimberly Serno,2018-07,July,27,57,7,Mid (7-8am),10.0,25.7999992370605,82.9000015258789,25-30C,>80%,Clear or Few Clouds,Calm (< 1 mph) smoke rises vertically,Slight effect on count,9,11,1,0,9.09,True
PRWI-0273|2018-06-05|V1,PRWI,Prince William Forest Park,Forest,False,PRWI-0273,PRWI 6,2018-06-05,1,Elizabeth Oswald,2018-06,June,23,29,6,Early (5-6am),10.0,17.7000007629395,65.0999984741211,15-20C,60-80%,Clear or Few Clouds,Calm (< 1 mph) smoke rises vertically,No effect on count,17,17,1,0,5.88,True
PRWI-0273|2018-07-03|V2,PRWI,Prince William Forest Park,Forest,False,PRWI-0273,PRWI 6,2018-07-03,2,Brian Swimelar,2018-07,July,27,57,10,Late (9-10am),10.0,32.0,92.0,>30C,>80%,Clear or Few Clouds,Calm (< 1 mph) smoke rises vertically,No effect on count,6,7,0,0,0.0,False
PRWI-0276|2018-06-05|V1,PRWI,Prince William Forest Park,Forest,False,PRWI-0276,PRWI 6,2018-06-05,1,Elizabeth Oswald,2018-06,June,23,29,9,Late (9-10am),10.0,20.8999996185303,73.6999969482422,20-25C,60-80%,Clear or Few Clouds,Light breeze (4-7 mph) wind felt on face,Slight effect on count,6,8,0,0,0.0,False
PRWI-0276|2018-07-05|V2,PRWI,Prince William Forest Park,Forest,False,PRWI-0276,PRWI 6,2018-07-05,2,Kimberly Serno,2018-07,July,27,59,5,Early (5-6am),10.0,24.8999996185303,78.9000015258789,20-25C,60-80%,Partly Cloudy,Calm (< 1 mph) smoke rises vertically,No effect on count,9,12,0,0,0.0,False
PRWI-0277|2018-06-05|V1,PRWI,Prince William Forest Park,Forest,False,PRWI-0277,PRWI 6,2018-06-05,1,Elizabeth Oswald,2018-06,June,23,29,10,Late (9-10am),10.0,22.2000007629395,65.4000015258789,20-25C,60-80%,Clear or Few Clouds,Light breeze (4-7 mph) wind felt on face,Slight effect on count,9,11,0,0,0.0,False
PRWI-0277|2018-07-05|V2,PRWI,Prince William Forest Park,Forest,False,PRWI-0277,PRWI 6,2018-07-05,2,Kimberly Serno,2018-07,July,27,59,6,Early (5-6am),10.0,25.0,83.5999984741211,20-25C,>80%,Partly Cloudy,Calm (< 1 mph) smoke rises vertically,No effect on count,8,11,0,0,0.0,False
PRWI-0282|2018-06-07|V1,PRWI,Prince William Forest Park,Forest,False,PRWI-0282,PRWI 7,2018-06-07,1,Elizabeth Oswald,2018-06,June,23,31,7,Mid (7-8am),10.0,16.7000007629395,84.5,15-20C,>80%,Partly Cloudy,Calm (< 1 mph) smoke rises vertically,No effect on count,9,10,0,0,0.0,False
PRWI-0282|2018-07-02|V2,PRWI,Prince William Forest Park,Forest,False,PRWI-0282,PRWI 7,2018-07-02,2,Kimberly Serno,2018-07,July,27,56,6,Early (5-6am),10.0,24.3999996185303,79.1999969482422,20-25C,60-80%,Clear or Few Clouds,Calm (< 1 mph) smoke rises vertically,No effect on count,4,6,0,0,0.0,False
PRWI-0287|2018-06-07|V1,PRWI,Prince William Forest Park,Forest,False,PRWI-0287,PRWI 8,2018-06-07,1,Elizabeth Oswald,2018-06,June,23,31,8,Mid (7-8am),10.0,18.7000007629395,76.4000015258789,15-20C,60-80%,Partly Cloudy,Light air movement (1-3 mph) smoke drifts,No effect on count,12,14,0,0,0.0,False
PRWI-0287|2018-07-02|V2,PRWI,Prince William Forest Park,Forest,False,PRWI-0287,PRWI 8,2018-07-02,2,Kimberly Serno,2018-07,July,27,56,9,Late (9-10am),10.0,26.6000003814697,83.5,25-30C,>80%,Clear or Few Clouds,Calm (< 1 mph) smoke rises vertically,No effect on count,8,11,0,0,0.0,False
PRWI-0289|2018-06-07|V1,PRWI,Prince William Forest Park,Forest,False,PRWI-0289,PRWI 8,2018-06-07,1,Elizabeth Oswald,2018-06,June,23,31,9,Late (9-10am),10.0,19.1000003814697,75.5999984741211,15-20C,60-80%,Clear or Few Clouds,Calm (< 1 mph) smoke rises vertically,No effect on count,10,13,1,0,7.69,True
PRWI-0289|2018-07-02|V2,PRWI,Prince William Forest Park,Forest,False,PRWI-0289,PRWI 8,2018-07-02,2,Kimberly Serno,2018-07,July,27,56,8,Mid (7-8am),10.0,25.3999996185303,85.0999984741211,25-30C,>80%,Clear or Few Clouds,Calm (< 1 mph) smoke rises vertically,No effect on count,10,11,1,0,9.09,True
PRWI-0298|2018-06-09|V1,PRWI,Prince William Forest Park,Forest,False,PRWI-0298,PRWI 17,2018-06-09,1,Elizabeth Oswald,2018-06,June,23,33,6,Early (5-6am),10.0,21.5,82.4000015258789,20-25C,>80%,Cloudy/Overcast,Calm (< 1 mph) smoke rises vertically,Slight effect on count,14,16,2,0,12.5,True
PRWI-0298|2018-07-03|V2,PRWI,Prince William Forest Park,Forest,False,PRWI-0298,PRWI 17,2018-07-03,2,Kimberly Serno,2018-07,July,27,57,7,Mid (7-8am),10.0,26.0,80.5999984741211,25-30C,>80%,Partly Cloudy,Calm (< 1 mph) smoke rises vertically,Slight effect on count,11,13,1,0,7.69,True
PRWI-0313|2018-06-07|V1,PRWI,Prince William Forest Park,Forest,False,PRWI-0313,PRWI 7,2018-06-07,1,Elizabeth Oswald,2018-06,June,23,31,7,Mid (7-8am),10.0,17.2999992370605,82.0,15-20C,>80%,Partly Cloudy,Calm (< 1 mph) smoke rises vertically,No effect on count,4,5,0,0,0.0,False
PRWI-0313|2018-07-02|V2,PRWI,Prince William Forest Park,Forest,False,PRWI-0313,PRWI 7,2018-07-02,2,Kimberly Serno,2018-07,July,27,56,6,Early (5-6am),10.0,24.5,79.6999969482422,20-25C,60-80%,Clear or Few Clouds,Calm (< 1 mph) smoke rises vertically,No effect on count,6,7,0,0,0.0,False
PRWI-0321|2018-06-08|V1,PRWI,Prince William Forest Park,Forest,False,PRWI-0321,PRWI 12,2018-06-08,1,Kimberly Serno,2018-06,June,23,32,9,Late (9-10am),10.0,24.3999996185303,70.9000015258789,20-25C,60-80%,Partly Cloudy,Light air movement (1-3 mph) smoke drifts,Slight effect on count,9,11,0,0,0.0,False
PRWI-0321|2018-07-05|V2,PRWI,Prince William Forest Park,Forest,False,PRWI-0321,PRWI 12,2018-07-05,2,Brian Swimelar,2018-07,July,27,59,9,Late (9-10am),10.0,28.6000003814697,89.4000015258789,25-30C,>80%,Clear or Few Clouds,Calm (< 1 mph) smoke rises vertically,No effect on count,4,4,0,0,0.0,False
PRWI-0325|2018-06-10|V1,PRWI,Prince William Forest Park,Forest,False,PRWI-0325,PRWI 16,2018-06-10,1,Brian Swimelar,2018-06,June,23,34,6,Early (5-6am),10.0,20.8999996185303,85.4000015258789,20-25C,>80%,Clear or Few Clouds,Calm (< 1 mph) smoke rises vertically,No effect on count,6,6,0,0,0.0,False
PRWI-0325|2018-07-03|V2,PRWI,Prince William Forest Park,Forest,False,PRWI-0325,PRWI 16,2018-07-03,2,Kimberly Serno,2018-07,July,27,57,8,Mid (7-8am),10.0,26.7999992370605,81.6999969482422,25-30C,>80%,Clear or Few Clouds,Light breeze (4-7 mph) wind felt on face,No effect on count,10,10,1,0,10.0,True
PRWI-0333|2018-06-05|V1,PRWI,Prince William Forest Park,Forest,False,PRWI-0333,PRWI 6,2018-06-05,1,Elizabeth Oswald,2018-06,June,23,29,8,Mid (7-8am),10.0,16.1000003814697,87.8000030517578,15-20C,>80%,Clear or Few Clouds,Calm (< 1 mph) smoke rises vertically,No effect on count,10,15,3,0,20.0,True
PRWI-0333|2018-07-03|V2,PRWI,Prince William Forest Park,Forest,False,PRWI-0333,PRWI 6,2018-07-03,2,Brian Swimelar,2018-07,July,27,57,9,Late (9-10am),10.0,30.7000007629395,90.4000015258789,>30C,>80%,Clear or Few Clouds,Calm (< 1 mph) smoke rises vertically,No effect on count,5,5,0,0,0.0,False
PRWI-0334|2018-06-05|V1,PRWI,Prince William Forest Park,Forest,False,PRWI-0334,PRWI 6,2018-06-05,1,Elizabeth Oswald,2018-06,June,23,29,8,Mid (7-8am),10.0,18.3999996185303,85.5999984741211,15-20C,>80%,Clear or Few Clouds,Light air movement (1-3 mph) smoke drifts,Slight effect on count,9,10,1,0,10.0,True
PRWI-0334|2018-07-03|V2,PRWI,Prince William Forest Park,Forest,False,PRWI-0334,PRWI 6,2018-07-03,2,Brian Swimelar,2018-07,July,27,57,9,Late (9-10am),10.0,28.2000007629395,90.5,25-30C,>80%,Clear or Few Clouds,Light air movement (1-3 mph) smoke drifts,No effect on count,7,7,0,0,0.0,False
PRWI-0338|2018-06-08|V1,PRWI,Prince William Forest Park,Forest,False,PRWI-0338,PRWI 9,2018-06-08,1,Elizabeth Oswald,2018-06,June,23,32,7,Mid (7-8am),10.0,17.2000007629395,83.1999969482422,15-20C,>80%,Partly Cloudy,Calm (< 1 mph) smoke rises vertically,No effect on count,8,8,1,0,12.5,True
PRWI-0338|2018-07-02|V2,PRWI,Prince William Forest Park,Forest,False,PRWI-0338,PRWI 9,2018-07-02,2,Brian Swimelar,2018-07,July,27,56,7,Mid (7-8am),10.0,28.6000003814697,88.5,25-30C,>80%,Partly Cloudy,Calm (< 1 mph) smoke rises vertically,No effect on count,5,5,0,0,0.0,False
PRWI-0349|2018-06-08|V1,PRWI,Prince William Forest Park,Forest,False,PRWI-0349,PRWI 12,2018-06-08,1,Kimberly Serno,2018-06,June,23,32,9,Late (9-10am),10.0,24.8999996185303,67.5,20-25C,60-80%,Partly Cloudy,Light air movement (1-3 mph) smoke drifts,Slight effect on count,7,8,0,0,0.0,False
PRWI-0349|2018-07-05|V2,PRWI,Prince William Forest Park,Forest,False,PRWI-0349,PRWI 12,2018-07-05,2,Brian Swimelar,2018-07,July,27,59,8,Mid (7-8am),10.0,28.8999996185303,89.0999984741211,25-30C,>80%,Clear or Few Clouds,Calm (< 1 mph) smoke rises vertically,No effect on count,7,7,0,0,0.0,False
PRWI-0353|2018-06-10|V1,PRWI,Prince William Forest Park,Forest,False,PRWI-0353,PRWI 16,2018-06-10,1,Brian Swimelar,2018-06,June,23,34,5,Early (5-6am),10.0,20.2000007629395,82.5999984741211,20-25C,>80%,Clear or Few Clouds,Light air movement (1-3 mph) smoke drifts,Slight effect on count,7,8,0,0,0.0,False
PRWI-0353|2018-07-03|V2,PRWI,Prince William Forest Park,Forest,False,PRWI-0353,PRWI 16,2018-07-03,2,Kimberly Serno,2018-07,July,27,57,9,Late (9-10am),10.0,27.3999996185303,79.9000015258789,25-30C,60-80%,Clear or Few Clouds,Light air movement (1-3 mph) smoke drifts,No effect on count,9,9,1,1,11.11,True
PRWI-0355|2018-06-10|V1,PRWI,Prince William Forest Park,Forest,False,PRWI-0355,PRWI 16,2018-06-10,1,Brian Swimelar,2018-06,June,23,34,6,Early (5-6am),10.0,24.0,83.1999969482422,20-25C,>80%,Mist/Drizzle,Calm (< 1 mph) smoke rises vertically,Slight effect on count,4,5,0,0,0.0,False
PRWI-0355|2018-07-03|V2,PRWI,Prince William Forest Park,Forest,False,PRWI-0355,PRWI 16,2018-07-03,2,Kimberly Serno,2018-07,July,27,57,9,Late (9-10am),10.0,27.3999996185303,80.9000015258789,25-30C,>80%,Clear or Few Clouds,Light breeze (4-7 mph) wind felt on face,No effect on count,7,8,0,0,0.0,False
PRWI-0359|2018-06-05|V1,PRWI,Prince William Forest Park,Forest,False,PRWI-0359,PRWI 6,2018-06-05,1,Elizabeth Oswald,2018-06,June,23,29,7,Mid (7-8am),10.0,14.8000001907349,84.9000015258789,<15C,>80%,Clear or Few Clouds,Light air movement (1-3 mph) smoke drifts,No effect on count,14,15,0,0,0.0,False
PRWI-0359|2018-07-03|V2,PRWI,Prince William Forest Park,Forest,False,PRWI-0359,PRWI 6,2018-07-03,2,Brian Swimelar,2018-07,July,27,57,10,Late (9-10am),10.0,31.5,88.3000030517578,>30C,>80%,Clear or Few Clouds,Calm (< 1 mph) smoke rises vertically,No effect on count,12,15,0,0,0.0,False
PRWI-0360|2018-06-05|V1,PRWI,Prince William Forest Park,Forest,False,PRWI-0360,PRWI 6,2018-06-05,1,Elizabeth Oswald,2018-06,June,23,29,7,Mid (7-8am),10.0,14.3000001907349,80.4000015258789,<15C,>80%,Clear or Few Clouds,Light air movement (1-3 mph) smoke drifts,Slight effect on count,13,14,0,0,0.0,False
PRWI-0360|2018-07-03|V2,PRWI,Prince William Forest Park,Forest,False,PRWI-0360,PRWI 6,2018-07-03,2,Brian Swimelar,2018-07,July,27,57,9,Late (9-10am),10.0,30.6000003814697,78.4000015258789,>30C,60-80%,Clear or Few Clouds,Calm (< 1 mph) smoke rises vertically,No effect on count,7,8,1,0,12.5,True
PRWI-0366|2018-06-08|V1,PRWI,Prince William Forest Park,Forest,False,PRWI-0366,PRWI 10,2018-06-08,1,Elizabeth Oswald,2018-06,June,23,32,7,Mid (7-8am),10.0,17.7000007629395,84.5999984741211,15-20C,>80%,Clear or Few Clouds,Light air movement (1-3 mph) smoke drifts,No effect on count,12,17,1,0,5.88,True
PRWI-0366|2018-07-02|V2,PRWI,Prince William Forest Park,Forest,False,PRWI-0366,PRWI 10,2018-07-02,2,Brian Swimelar,2018-07,July,27,56,8,Mid (7-8am),10.0,27.6000003814697,97.9000015258789,25-30C,>80%,Clear or Few Clouds,Calm (< 1 mph) smoke rises vertically,Slight effect on count,12,13,0,0,0.0,False
PRWI-0369|2018-06-08|V1,PRWI,Prince William Forest Park,Forest,False,PRWI-0369,PRWI 9,2018-06-08,1,Elizabeth Oswald,2018-06,June,23,32,6,Early (5-6am),10.0,17.5,85.5,15-20C,>80%,Partly Cloudy,Light air movement (1-3 mph) smoke drifts,No effect on count,12,12,1,0,8.33,True
PRWI-0369|2018-07-02|V2,PRWI,Prince William Forest Park,Forest,False,PRWI-0369,PRWI 9,2018-07-02,2,Brian Swimelar,2018-07,July,27,56,7,Mid (7-8am),10.0,28.7999992370605,75.1999969482422,25-30C,60-80%,Partly Cloudy,Calm (< 1 mph) smoke rises vertically,No effect on count,7,8,0,0,0.0,False
PRWI-0377|2018-06-08|V1,PRWI,Prince William Forest Park,Forest,False,PRWI-0377,PRWI 12,2018-06-08,1,Kimberly Serno,2018-06,June,23,32,7,Mid (7-8am),10.0,21.6000003814697,69.4000015258789,20-25C,60-80%,Partly Cloudy,Light air movement (1-3 mph) smoke drifts,No effect on count,11,15,1,0,6.67,True
PRWI-0377|2018-07-05|V2,PRWI,Prince William Forest Park,Forest,False,PRWI-0377,PRWI 12,2018-07-05,2,Brian Swimelar,2018-07,July,27,59,8,Mid (7-8am),10.0,26.2999992370605,84.8000030517578,25-30C,>80%,Partly Cloudy,Calm (< 1 mph) smoke rises vertically,No effect on count,3,4,0,0,0.0,False
PRWI-0378|2018-06-08|V1,PRWI,Prince William Forest Park,Forest,False,PRWI-0378,PRWI 12,2018-06-08,1,Kimberly Serno,2018-06,June,23,32,8,Mid (7-8am),10.0,22.0,74.9000015258789,20-25C,60-80%,Partly Cloudy,Light air movement (1-3 mph) smoke drifts,No effect on count,11,12,0,0,0.0,False
PRWI-0378|2018-07-05|V2,PRWI,Prince William Forest Park,Forest,False,PRWI-0378,PRWI 12,2018-07-05,2,Brian Swimelar,2018-07,July,27,59,8,Mid (7-8am),10.0,28.2999992370605,88.0,25-30C,>80%,Clear or Few Clouds,Calm (< 1 mph) smoke rises vertically,No effect on count,5,6,0,0,0.0,False
PRWI-0379|2018-06-08|V1,PRWI,Prince William Forest Park,Forest,False,PRWI-0379,PRWI 12,2018-06-08,1,Kimberly Serno,2018-06,June,23,32,8,Mid (7-8am),10.0,24.3999996185303,67.9000015258789,20-25C,60-80%,Partly Cloudy,Light air movement (1-3 mph) smoke drifts,Slight effect on count,8,9,1,0,11.11,True
PRWI-0379|2018-07-05|V2,PRWI,Prince William Forest Park,Forest,False,PRWI-0379,PRWI 12,2018-07-05,2,Brian Swimelar,2018-07,July,27,59,8,Mid (7-8am),10.0,28.0,77.4000015258789,25-30C,60-80%,Clear or Few Clouds,Calm (< 1 mph) smoke rises vertically,No effect on count,5,5,0,0,0.0,False
PRWI-0381|2018-06-08|V1,PRWI,Prince William Forest Park,Forest,False,PRWI-0381,PRWI 12,2018-06-08,1,Kimberly Serno,2018-06,June,23,32,10,Late (9-10am),10.0,23.7999992370605,79.5999984741211,20-25C,60-80%,Partly Cloudy,Light air movement (1-3 mph) smoke drifts,Slight effect on count,6,7,0,0,0.0,False
PRWI-0381|2018-07-05|V2,PRWI,Prince William Forest Park,Forest,False,PRWI-0381,PRWI 12,2018-07-05,2,Brian Swimelar,2018-07,July,27,59,9,Late (9-10am),10.0,29.7000007629395,89.3000030517578,25-30C,>80%,Clear or Few Clouds,Calm (< 1 mph) smoke rises vertically,No effect on count,5,6,0,0,0.0,False
PRWI-0392|2018-06-09|V1,PRWI,Prince William Forest Park,Forest,False,PRWI-0392,PRWI 11,2018-06-09,1,Kimberly Serno,2018-06,June,23,33,8,Mid (7-8am),10.0,22.2999992370605,82.0,20-25C,>80%,Cloudy/Overcast,Light air movement (1-3 mph) smoke drifts,No effect on count,6,9,0,0,0.0,False
PRWI-0392|2018-07-03|V2,PRWI,Prince William Forest Park,Forest,False,PRWI-0392,PRWI 11,2018-07-03,2,Brian Swimelar,2018-07,July,27,57,8,Mid (7-8am),10.0,29.1000003814697,89.1999969482422,25-30C,>80%,Clear or Few Clouds,Calm (< 1 mph) smoke rises vertically,No effect on count,4,5,0,0,0.0,False
PRWI-0395|2018-06-05|V1,PRWI,Prince William Forest Park,Forest,False,PRWI-0395,PRWI 6,2018-06-05,1,Elizabeth Oswald,2018-06,June,23,29,9,Late (9-10am),10.0,19.2000007629395,81.5,15-20C,>80%,Clear or Few Clouds,Light breeze (4-7 mph) wind felt on face,No effect on count,7,7,1,0,14.29,True
PRWI-0395|2018-07-03|V2,PRWI,Prince William Forest Park,Forest,False,PRWI-0395,PRWI 6,2018-07-03,2,Brian Swimelar,2018-07,July,27,57,8,Mid (7-8am),10.0,28.2000007629395,90.5,25-30C,>80%,Clear or Few Clouds,Calm (< 1 mph) smoke rises vertically,No effect on count,6,6,0,0,0.0,False
PRWI-0398|2018-06-08|V1,PRWI,Prince William Forest Park,Forest,False,PRWI-0398,PRWI 10,2018-06-08,1,Elizabeth Oswald,2018-06,June,23,32,7,Mid (7-8am),10.0,18.0,83.4000015258789,15-20C,>80%,Partly Cloudy,Calm (< 1 mph) smoke rises vertically,No effect on count,7,9,1,0,11.11,True
PRWI-0398|2018-07-02|V2,PRWI,Prince William Forest Park,Forest,False,PRWI-0398,PRWI 10,2018-07-02,2,Brian Swimelar,2018-07,July,27,56,8,Mid (7-8am),10.0,29.3999996185303,80.5,25-30C,>80%,Clear or Few Clouds,Calm (< 1 mph) smoke rises vertically,No effect on count,5,6,0,0,0.0,False
PRWI-0399|2018-06-08|V1,PRWI,Prince William Forest Park,Forest,False,PRWI-0399,PRWI 10,2018-06-08,1,Elizabeth Oswald,2018-06,June,23,32,8,Mid (7-8am),10.0,18.3999996185303,84.9000015258789,15-20C,>80%,Clear or Few Clouds,Light air movement (1-3 mph) smoke drifts,Slight effect on count,6,8,0,0,0.0,False
PRWI-0399|2018-07-02|V2,PRWI,Prince William Forest Park,Forest,False,PRWI-0399,PRWI 10,2018-07-02,2,Brian Swimelar,2018-07,July,27,56,8,Mid (7-8am),10.0,29.0,76.6999969482422,25-30C,60-80%,Clear or Few Clouds,Calm (< 1 mph) smoke rises vertically,No effect on count,8,9,0,0,0.0,False
PRWI-0401|2018-06-08|V1,PRWI,Prince William Forest Park,Forest,False,PRWI-0401,PRWI 9,2018-06-08,1,Elizabeth Oswald,2018-06,June,23,32,6,Early (5-6am),10.0,16.7000007629395,81.0,15-20C,>80%,Partly Cloudy,Light air movement (1-3 mph) smoke drifts,No effect on count,10,14,3,0,21.43,True
PRWI-0401|2018-07-02|V2,PRWI,Prince William Forest Park,Forest,False,PRWI-0401,PRWI 9,2018-07-02,2,Brian Swimelar,2018-07,July,27,56,6,Early (5-6am),10.0,26.6000003814697,81.3000030517578,25-30C,>80%,Cloudy/Overcast,Calm (< 1 mph) smoke rises vertically,No effect on count,7,7,0,0,0.0,False
PRWI-0409|2018-06-08|V1,PRWI,Prince William Forest Park,Forest,False,PRWI-0409,PRWI 12,2018-06-08,1,Kimberly Serno,2018-06,June,23,32,8,Mid (7-8am),10.0,23.2000007629395,70.6999969482422,20-25C,60-80%,Partly Cloudy,Light air movement (1-3 mph) smoke drifts,Slight effect on count,8,10,0,0,0.0,False
PRWI-0409|2018-07-05|V2,PRWI,Prince William Forest Park,Forest,False,PRWI-0409,PRWI 12,2018-07-05,2,Brian Swimelar,2018-07,July,27,59,7,Mid (7-8am),10.0,28.7999992370605,79.9000015258789,25-30C,60-80%,Partly Cloudy,Calm (< 1 mph) smoke rises vertically,No effect on count,5,5,0,0,0.0,False
PRWI-0417|2018-06-10|V1,PRWI,Prince William Forest Park,Forest,False,PRWI-0417,PRWI 16,2018-06-10,1,Brian Swimelar,2018-06,June,23,34,7,Mid (7-8am),10.0,26.2999992370605,82.0999984741211,25-30C,>80%,Fog,Calm (< 1 mph) smoke rises vertically,No effect on count,6,6,0,0,0.0,False
PRWI-0417|2018-07-03|V2,PRWI,Prince William Forest Park,Forest,False,PRWI-0417,PRWI 16,2018-07-03,2,Kimberly Serno,2018-07,July,27,57,9,Late (9-10am),10.0,28.0,79.5999984741211,25-30C,60-80%,Clear or Few Clouds,Calm (< 1 mph) smoke rises vertically,No effect on count,4,5,1,0,20.0,True
PRWI-0431|2018-06-08|V1,PRWI,Prince William Forest Park,Forest,False,PRWI-0431,PRWI 10,2018-06-08,1,Elizabeth Oswald,2018-06,June,23,32,8,Mid (7-8am),10.0,18.1000003814697,83.9000015258789,15-20C,>80%,Partly Cloudy,Calm (< 1 mph) smoke rises vertically,Slight effect on count,10,11,1,0,9.09,True
PRWI-0431|2018-07-02|V2,PRWI,Prince William Forest Park,Forest,False,PRWI-0431,PRWI 10,2018-07-02,2,Brian Swimelar,2018-07,July,27,56,9,Late (9-10am),10.0,29.0,80.4000015258789,25-30C,>80%,Clear or Few Clouds,Calm (< 1 mph) smoke rises vertically,No effect on count,9,9,0,0,0.0,False
PRWI-0436|2018-06-08|V1,PRWI,Prince William Forest Park,Forest,False,PRWI-0436,PRWI 9,2018-06-08,1,Elizabeth Oswald,2018-06,June,23,32,6,Early (5-6am),10.0,16.8999996185303,80.5,15-20C,>80%,Partly Cloudy,Light breeze (4-7 mph) wind felt on face,No effect on count,9,9,0,0,0.0,False
PRWI-0436|2018-07-02|V2,PRWI,Prince William Forest Park,Forest,False,PRWI-0436,PRWI 9,2018-07-02,2,Brian Swimelar,2018-07,July,27,56,6,Early (5-6am),10.0,25.2000007629395,74.0999984741211,25-30C,60-80%,Cloudy/Overcast,Calm (< 1 mph) smoke rises vertically,No effect on count,8,10,0,0,0.0,False
PRWI-0441|2018-06-08|V1,PRWI,Prince William Forest Park,Forest,False,PRWI-0441,PRWI 15,2018-06-08,1,Kimberly Serno,2018-06,June,23,32,7,Mid (7-8am),10.0,20.2000007629395,75.9000015258789,20-25C,60-80%,Partly Cloudy,Light air movement (1-3 mph) smoke drifts,Slight effect on count,9,13,0,0,0.0,False
PRWI-0441|2018-07-05|V2,PRWI,Prince William Forest Park,Forest,False,PRWI-0441,PRWI 15,2018-07-05,2,Brian Swimelar,2018-07,July,27,59,7,Mid (7-8am),10.0,28.0,78.3000030517578,25-30C,60-80%,Partly Cloudy,Calm (< 1 mph) smoke rises vertically,No effect on count,12,13,0,0,0.0,False
PRWI-0446|2018-06-10|V1,PRWI,Prince William Forest Park,Forest,False,PRWI-0446,PRWI 19,2018-06-10,1,Elizabeth Oswald,2018-06,June,23,34,6,Early (5-6am),10.0,19.8999996185303,90.8000030517578,15-20C,>80%,Cloudy/Overcast,Light air movement (1-3 mph) smoke drifts,No effect on count,4,5,0,0,0.0,False
PRWI-0446|2018-07-04|V2,PRWI,Prince William Forest Park,Forest,False,PRWI-0446,PRWI 19,2018-07-04,2,Kimberly Serno,2018-07,July,27,58,9,Late (9-10am),10.0,27.2000007629395,84.0999984741211,25-30C,>80%,Partly Cloudy,Calm (< 1 mph) smoke rises vertically,No effect on count,4,6,0,0,0.0,False
PRWI-0447|2018-06-10|V1,PRWI,Prince William Forest Park,Forest,False,PRWI-0447,PRWI 19,2018-06-10,1,Elizabeth Oswald,2018-06,June,23,34,6,Early (5-6am),10.0,20.2000007629395,92.1999969482422,20-25C,>80%,Partly Cloudy,Light air movement (1-3 mph) smoke drifts,Slight effect on count,7,8,0,0,0.0,False
PRWI-0447|2018-07-04|V2,PRWI,Prince William Forest Park,Forest,False,PRWI-0447,PRWI 19,2018-07-04,2,Kimberly Serno,2018-07,July,27,58,9,Late (9-10am),10.0,27.2000007629395,86.0,25-30C,>80%,Partly Cloudy,Calm (< 1 mph) smoke rises vertically,No effect on count,9,11,1,0,9.09,True
PRWI-0463|2018-06-08|V1,PRWI,Prince William Forest Park,Forest,False,PRWI-0463,PRWI 10,2018-06-08,1,Elizabeth Oswald,2018-06,June,23,32,8,Mid (7-8am),10.0,19.6000003814697,85.8000030517578,15-20C,>80%,Partly Cloudy,Calm (< 1 mph) smoke rises vertically,No effect on count,9,10,2,0,20.0,True
PRWI-0463|2018-07-02|V2,PRWI,Prince William Forest Park,Forest,False,PRWI-0463,PRWI 10,2018-07-02,2,Brian Swimelar,2018-07,July,27,56,9,Late (9-10am),10.0,31.2000007629395,90.0999984741211,>30C,>80%,Clear or Few Clouds,Calm (< 1 mph) smoke rises vertically,No effect on count,7,7,1,0,14.29,True
PRWI-0466|2018-06-08|V1,PRWI,Prince William Forest Park,Forest,False,PRWI-0466,PRWI 9,2018-06-08,1,Elizabeth Oswald,2018-06,June,23,32,5,Early (5-6am),10.0,17.1000003814697,75.0999984741211,15-20C,60-80%,Partly Cloudy,Calm (< 1 mph) smoke rises vertically,Slight effect on count,7,7,0,0,0.0,False
PRWI-0466|2018-07-02|V2,PRWI,Prince William Forest Park,Forest,False,PRWI-0466,PRWI 9,2018-07-02,2,Brian Swimelar,2018-07,July,27,56,5,Early (5-6am),10.0,25.2000007629395,74.0,25-30C,60-80%,Cloudy/Overcast,Calm (< 1 mph) smoke rises vertically,No effect on count,5,5,1,0,20.0,True
PRWI-0475|2018-06-08|V1,PRWI,Prince William Forest Park,Forest,False,PRWI-0475,PRWI 15,2018-06-08,1,Kimberly Serno,2018-06,June,23,32,5,Early (5-6am),10.0,19.7999992370605,73.4000015258789,15-20C,60-80%,Partly Cloudy,Light air movement (1-3 mph) smoke drifts,No effect on count,11,12,1,0,8.33,True
PRWI-0475|2018-07-05|V2,PRWI,Prince William Forest Park,Forest,False,PRWI-0475,PRWI 15,2018-07-05,2,Brian Swimelar,2018-07,July,27,59,5,Early (5-6am),10.0,24.3999996185303,83.0999984741211,20-25C,>80%,Partly Cloudy,Calm (< 1 mph) smoke rises vertically,No effect on count,8,9,1,0,11.11,True
PRWI-0477|2018-06-10|V1,PRWI,Prince William Forest Park,Forest,False,PRWI-0477,PRWI 19,2018-06-10,1,Elizabeth Oswald,2018-06,June,23,34,6,Early (5-6am),10.0,20.1000003814697,90.0999984741211,20-25C,>80%,Partly Cloudy,Light air movement (1-3 mph) smoke drifts,Serious effect on count,3,4,0,0,0.0,False
PRWI-0477|2018-07-04|V2,PRWI,Prince William Forest Park,Forest,False,PRWI-0477,PRWI 19,2018-07-04,2,Kimberly Serno,2018-07,July,27,58,9,Late (9-10am),10.0,27.8999996185303,82.0,25-30C,>80%,Partly Cloudy,Calm (< 1 mph) smoke rises vertically,Slight effect on count,7,8,0,0,0.0,False
PRWI-0480|2018-06-10|V1,PRWI,Prince William Forest Park,Forest,False,PRWI-0480,PRWI 16,2018-06-10,1,Brian Swimelar,2018-06,June,23,34,7,Mid (7-8am),10.0,25.6000003814697,80.0,25-30C,60-80%,Fog,Calm (< 1 mph) smoke rises vertically,No effect on count,4,5,1,0,20.0,True
PRWI-0480|2018-07-03|V2,PRWI,Prince William Forest Park,Forest,False,PRWI-0480,PRWI 16,2018-07-03,2,Kimberly Serno,2018-07,July,27,57,10,Late (9-10am),10.0,28.8999996185303,76.9000015258789,25-30C,60-80%,Clear or Few Clouds,Light air movement (1-3 mph) smoke drifts,No effect on count,10,13,1,0,7.69,True
PRWI-0491|2018-06-08|V1,PRWI,Prince William Forest Park,Forest,False,PRWI-0491,PRWI 10,2018-06-08,1,Elizabeth Oswald,2018-06,June,23,32,9,Late (9-10am),10.0,20.7999992370605,81.8000030517578,20-25C,>80%,Partly Cloudy,Calm (< 1 mph) smoke rises vertically,Slight effect on count,10,10,1,0,10.0,True
PRWI-0491|2018-07-02|V2,PRWI,Prince William Forest Park,Forest,False,PRWI-0491,PRWI 10,2018-07-02,2,Brian Swimelar,2018-07,July,27,56,10,Late (9-10am),10.0,29.7000007629395,83.8000030517578,25-30C,>80%,Clear or Few Clouds,Calm (< 1 mph) smoke rises vertically,No effect on count,5,6,0,0,0.0,False
PRWI-0504|2018-06-08|V1,PRWI,Prince William Forest Park,Forest,False,PRWI-0504,PRWI 15,2018-06-08,1,Kimberly Serno,2018-06,June,23,32,6,Early (5-6am),10.0,22.0,67.4000015258789,20-25C,60-80%,Partly Cloudy,Light air movement (1-3 mph) smoke drifts,Slight effect on count,10,11,0,0,0.0,False
PRWI-0504|2018-07-05|V2,PRWI,Prince William Forest Park,Forest,False,PRWI-0504,PRWI 15,2018-07-05,2,Brian Swimelar,2018-07,July,27,59,6,Early (5-6am),10.0,27.1000003814697,76.8000030517578,25-30C,60-80%,Cloudy/Overcast,Calm (< 1 mph) smoke rises vertically,No effect on count,5,7,0,0,0.0,False
PRWI-0505|2018-06-08|V1,PRWI,Prince William Forest Park,Forest,False,PRWI-0505,PRWI 15,2018-06-08,1,Kimberly Serno,2018-06,June,23,32,6,Early (5-6am),10.0,20.6000003814697,70.0999984741211,20-25C,60-80%,Partly Cloudy,Light air movement (1-3 mph) smoke drifts,No effect on count,10,13,2,0,15.38,True
PRWI-0505|2018-07-05|V2,PRWI,Prince William Forest Park,Forest,False,PRWI-0505,PRWI 15,2018-07-05,2,Brian Swimelar,2018-07,July,27,59,6,Early (5-6am),10.0,24.3999996185303,83.0999984741211,20-25C,>80%,Fog,Calm (< 1 mph) smoke rises vertically,No effect on count,8,9,2,0,22.22,True
PRWI-0508|2018-06-10|V1,PRWI,Prince William Forest Park,Forest,False,PRWI-0508,PRWI 19,2018-06-10,1,Elizabeth Oswald,2018-06,June,23,34,5,Early (5-6am),10.0,19.7999992370605,89.5999984741211,15-20C,>80%,Partly Cloudy,Light breeze (4-7 mph) wind felt on face,Slight effect on count,7,7,1,0,14.29,True
PRWI-0508|2018-07-04|V2,PRWI,Prince William Forest Park,Forest,False,PRWI-0508,PRWI 19,2018-07-04,2,Kimberly Serno,2018-07,July,27,58,9,Late (9-10am),10.0,27.7999992370605,82.4000015258789,25-30C,>80%,Partly Cloudy,Light air movement (1-3 mph) smoke drifts,No effect on count,10,11,0,0,0.0,False
PRWI-0512|2018-06-09|V1,PRWI,Prince William Forest Park,Forest,False,PRWI-0512,PRWI 17,2018-06-09,1,Elizabeth Oswald,2018-06,June,23,33,6,Early (5-6am),10.0,21.2999992370605,87.3000030517578,20-25C,>80%,Cloudy/Overcast,Calm (< 1 mph) smoke rises vertically,No effect on count,9,9,1,0,11.11,True
PRWI-0512|2018-07-03|V2,PRWI,Prince William Forest Park,Forest,False,PRWI-0512,PRWI 17,2018-07-03,2,Kimberly Serno,2018-07,July,27,57,6,Early (5-6am),10.0,26.0,79.5999984741211,25-30C,60-80%,Partly Cloudy,Calm (< 1 mph) smoke rises vertically,Moderate effect on count,10,13,0,0,0.0,False
PRWI-0516|2018-06-09|V1,PRWI,Prince William Forest Park,Forest,False,PRWI-0516,PRWI 11,2018-06-09,1,Kimberly Serno,2018-06,June,23,33,7,Mid (7-8am),10.0,21.2000007629395,84.0,20-25C,>80%,Cloudy/Overcast,Light air movement (1-3 mph) smoke drifts,No effect on count,11,14,0,0,0.0,False
PRWI-0516|2018-07-03|V2,PRWI,Prince William Forest Park,Forest,False,PRWI-0516,PRWI 11,2018-07-03,2,Brian Swimelar,2018-07,July,27,57,6,Early (5-6am),10.0,28.7999992370605,79.0,25-30C,60-80%,Clear or Few Clouds,Calm (< 1 mph) smoke rises vertically,No effect on count,9,10,0,0,0.0,False
PRWI-0530|2018-06-08|V1,PRWI,Prince William Forest Park,Forest,False,PRWI-0530,PRWI 15,2018-06-08,1,Kimberly Serno,2018-06,June,23,32,7,Mid (7-8am),10.0,20.7000007629395,67.6999969482422,20-25C,60-80%,Partly Cloudy,Light air movement (1-3 mph) smoke drifts,Slight effect on count,12,14,2,0,14.29,True
PRWI-0530|2018-07-05|V2,PRWI,Prince William Forest Park,Forest,False,PRWI-0530,PRWI 15,2018-07-05,2,Brian Swimelar,2018-07,July,27,59,6,Early (5-6am),10.0,27.2000007629395,83.8000030517578,25-30C,>80%,Partly Cloudy,Calm (< 1 mph) smoke rises vertically,No effect on count,6,7,0,0,0.0,False
PRWI-0537|2018-06-10|V1,PRWI,Prince William Forest Park,Forest,False,PRWI-0537,PRWI 19,2018-06-10,1,Elizabeth Oswald,2018-06,June,23,34,7,Mid (7-8am),10.0,19.8999996185303,93.4000015258789,15-20C,>80%,Cloudy/Overcast,Light air movement (1-3 mph) smoke drifts,Slight effect on count,8,8,0,0,0.0,False
PRWI-0537|2018-07-04|V2,PRWI,Prince William Forest Park,Forest,False,PRWI-0537,PRWI 19,2018-07-04,2,Kimberly Serno,2018-07,July,27,58,8,Mid (7-8am),10.0,26.2999992370605,84.8000030517578,25-30C,>80%,Partly Cloudy,Calm (< 1 mph) smoke rises vertically,No effect on count,8,9,0,0,0.0,False
PRWI-0539|2018-06-10|V1,PRWI,Prince William Forest Park,Forest,False,PRWI-0539,PRWI 19,2018-06-10,1,Elizabeth Oswald,2018-06,June,23,34,7,Mid (7-8am),10.0,19.7000007629395,92.0999984741211,15-20C,>80%,Cloudy/Overcast,Light air movement (1-3 mph) smoke drifts,Slight effect on count,9,12,0,0,0.0,False
PRWI-0539|2018-07-04|V2,PRWI,Prince William Forest Park,Forest,False,PRWI-0539,PRWI 19,2018-07-04,2,Kimberly Serno,2018-07,July,27,58,8,Mid (7-8am),10.0,25.7000007629395,84.6999969482422,25-30C,>80%,Partly Cloudy,Calm (< 1 mph) smoke rises vertically,No effect on count,8,9,0,0,0.0,False
PRWI-0546|2018-06-09|V1,PRWI,Prince William Forest Park,Forest,False,PRWI-0546,PRWI 11,2018-06-09,1,Kimberly Serno,2018-06,June,23,33,7,Mid (7-8am),10.0,20.6000003814697,83.4000015258789,20-25C,>80%,Cloudy/Overcast,Light air movement (1-3 mph) smoke drifts,No effect on count,10,13,1,0,7.69,True
PRWI-0546|2018-07-03|V2,PRWI,Prince William Forest Park,Forest,False,PRWI-0546,PRWI 11,2018-07-03,2,Brian Swimelar,2018-07,July,27,57,6,Early (5-6am),10.0,26.6000003814697,83.0999984741211,25-30C,>80%,Clear or Few Clouds,Calm (< 1 mph) smoke rises vertically,No effect on count,9,10,0,0,0.0,False
PRWI-0555|2018-06-09|V1,PRWI,Prince William Forest Park,Forest,False,PRWI-0555,PRWI 14,2018-06-09,1,Brian Swimelar,2018-06,June,23,33,10,Late (9-10am),10.0,27.7999992370605,81.5,25-30C,>80%,Cloudy/Overcast,Calm (< 1 mph) smoke rises vertically,No effect on count,7,8,0,0,0.0,False
PRWI-0555|2018-07-03|V2,PRWI,Prince William Forest Park,Forest,False,PRWI-0555,PRWI 14,2018-07-03,2,Elizabeth Oswald,2018-07,July,27,57,10,Late (9-10am),10.0,28.2000007629395,84.4000015258789,25-30C,>80%,Clear or Few Clouds,Light breeze (4-7 mph) wind felt on face,No effect on count,7,8,0,0,0.0,False
PRWI-0575|2018-06-09|V1,PRWI,Prince William Forest Park,Forest,False,PRWI-0575,PRWI 11,2018-06-09,1,Kimberly Serno,2018-06,June,23,33,6,Early (5-6am),10.0,20.8999996185303,85.6999969482422,20-25C,>80%,Partly Cloudy,Light air movement (1-3 mph) smoke drifts,No effect on count,8,11,0,0,0.0,False
PRWI-0575|2018-07-03|V2,PRWI,Prince William Forest Park,Forest,False,PRWI-0575,PRWI 11,2018-07-03,2,Brian Swimelar,2018-07,July,27,57,6,Early (5-6am),10.0,25.1000003814697,83.6999969482422,25-30C,>80%,Clear or Few Clouds,Calm (< 1 mph) smoke rises vertically,No effect on count,8,10,1,0,10.0,True
PRWI-0601|2018-06-09|V1,PRWI,Prince William Forest Park,Forest,False,PRWI-0601,PRWI 11,2018-06-09,1,Kimberly Serno,2018-06,June,23,33,6,Early (5-6am),10.0,21.6000003814697,77.6999969482422,20-25C,60-80%,Partly Cloudy,Light air movement (1-3 mph) smoke drifts,No effect on count,11,14,1,0,7.14,True
PRWI-0601|2018-07-03|V2,PRWI,Prince William Forest Park,Forest,False,PRWI-0601,PRWI 11,2018-07-03,2,Brian Swimelar,2018-07,July,27,57,7,Mid (7-8am),10.0,28.3999996185303,90.6999969482422,25-30C,>80%,Clear or Few Clouds,Calm (< 1 mph) smoke rises vertically,No effect on count,5,8,0,0,0.0,False
PRWI-0608|2018-06-09|V1,PRWI,Prince William Forest Park,Forest,False,PRWI-0608,PRWI 14,2018-06-09,1,Brian Swimelar,2018-06,June,23,33,9,Late (9-10am),10.0,26.8999996185303,78.0999984741211,25-30C,60-80%,Partly Cloudy,Calm (< 1 mph) smoke rises vertically,No effect on count,7,9,0,1,0.0,False
PRWI-0608|2018-07-03|V2,PRWI,Prince William Forest Park,Forest,False,PRWI-0608,PRWI 14,2018-07-03,2,Elizabeth Oswald,2018-07,July,27,57,9,Late (9-10am),10.0,27.2999992370605,85.5999984741211,25-30C,>80%,Clear or Few Clouds,Light breeze (4-7 mph) wind felt on face,No effect on count,6,9,0,0,0.0,False
PRWI-0620|2018-06-09|V1,PRWI,Prince William Forest Park,Forest,False,PRWI-0620,PRWI 22,2018-06-09,1,Elizabeth Oswald,2018-06,June,23,33,10,Late (9-10am),10.0,24.3999996185303,84.4000015258789,20-25C,>80%,Partly Cloudy,Light air movement (1-3 mph) smoke drifts,Slight effect on count,9,9,0,0,0.0,False
PRWI-0620|2018-07-04|V2,PRWI,Prince William Forest Park,Forest,False,PRWI-0620,PRWI 22,2018-07-04,2,Kimberly Serno,2018-07,July,27,58,7,Mid (7-8am),10.0,25.2999992370605,84.0999984741211,25-30C,>80%,Partly Cloudy,Calm (< 1 mph) smoke rises vertically,Slight effect on count,7,8,0,0,0.0,False
PRWI-0621|2018-06-09|V1,PRWI,Prince William Forest Park,Forest,False,PRWI-0621,PRWI 22,2018-06-09,1,Elizabeth Oswald,2018-06,June,23,33,10,Late (9-10am),10.0,24.1000003814697,87.0999984741211,20-25C,>80%,Cloudy/Overcast,Light air movement (1-3 mph) smoke drifts,No effect on count,9,11,0,0,0.0,False
PRWI-0621|2018-07-04|V2,PRWI,Prince William Forest Park,Forest,False,PRWI-0621,PRWI 22,2018-07-04,2,Kimberly Serno,2018-07,July,27,58,7,Mid (7-8am),10.0,25.2000007629395,84.0999984741211,25-30C,>80%,Partly Cloudy,Calm (< 1 mph) smoke rises vertically,Slight effect on count,7,9,0,0,0.0,False
PRWI-0625|2018-06-08|V1,PRWI,Prince William Forest Park,Forest,False,PRWI-0625,PRWI 13,2018-06-08,1,Brian Swimelar,2018-06,June,23,32,6,Early (5-6am),10.0,21.6000003814697,73.8000030517578,20-25C,60-80%,Clear or Few Clouds,Light air movement (1-3 mph) smoke drifts,No effect on count,8,11,0,0,0.0,False
PRWI-0625|2018-07-02|V2,PRWI,Prince William Forest Park,Forest,False,PRWI-0625,PRWI 13,2018-07-02,2,Elizabeth Oswald,2018-07,July,27,56,6,Early (5-6am),10.0,23.7000007629395,81.5999984741211,20-25C,>80%,Partly Cloudy,Calm (< 1 mph) smoke rises vertically,No effect on count,10,10,0,0,0.0,False
PRWI-0641|2018-06-10|V1,PRWI,Prince William Forest Park,Forest,False,PRWI-0641,PRWI 20,2018-06-10,1,Kimberly Serno,2018-06,June,23,34,8,Mid (7-8am),10.0,20.8999996185303,90.5,20-25C,>80%,Cloudy/Overcast,Light air movement (1-3 mph) smoke drifts,Slight effect on count,12,12,1,0,8.33,True
PRWI-0641|2018-07-05|V2,PRWI,Prince William Forest Park,Forest,False,PRWI-0641,PRWI 20,2018-07-05,2,Elizabeth Oswald,2018-07,July,27,59,10,Late (9-10am),10.0,28.8999996185303,79.5,25-30C,60-80%,Clear or Few Clouds,Light breeze (4-7 mph) wind felt on face,No effect on count,10,11,2,0,18.18,True
PRWI-0648|2018-06-09|V1,PRWI,Prince William Forest Park,Forest,False,PRWI-0648,PRWI 22,2018-06-09,1,Elizabeth Oswald,2018-06,June,23,33,9,Late (9-10am),10.0,23.7000007629395,86.0999984741211,20-25C,>80%,Cloudy/Overcast,Calm (< 1 mph) smoke rises vertically,No effect on count,9,9,0,0,0.0,False
PRWI-0648|2018-07-04|V2,PRWI,Prince William Forest Park,Forest,False,PRWI-0648,PRWI 22,2018-07-04,2,Kimberly Serno,2018-07,July,27,58,6,Early (5-6am),10.0,25.2000007629395,83.1999969482422,25-30C,>80%,Partly Cloudy,Light air movement (1-3 mph) smoke drifts,Slight effect on count,7,9,0,0,0.0,False
PRWI-0651|2018-06-08|V1,PRWI,Prince William Forest Park,Forest,False,PRWI-0651,PRWI 13,2018-06-08,1,Brian Swimelar,2018-06,June,23,32,7,Mid (7-8am),10.0,23.0,62.5999984741211,20-25C,60-80%,Clear or Few Clouds,Calm (< 1 mph) smoke rises vertically,No effect on count,7,10,0,0,0.0,False
PRWI-0651|2018-07-02|V2,PRWI,Prince William Forest Park,Forest,False,PRWI-0651,PRWI 13,2018-07-02,2,Elizabeth Oswald,2018-07,July,27,56,7,Mid (7-8am),10.0,23.3999996185303,86.0,20-25C,>80%,Clear or Few Clouds,Calm (< 1 mph) smoke rises vertically,No effect on count,12,13,0,0,0.0,False
PRWI-0653|2018-06-08|V1,PRWI,Prince William Forest Park,Forest,False,PRWI-0653,PRWI 13,2018-06-08,1,Brian Swimelar,2018-06,June,23,32,7,Mid (7-8am),10.0,24.0,80.6999969482422,20-25C,>80%,Clear or Few Clouds,Calm (< 1 mph) smoke rises vertically,Slight effect on count,8,10,0,0,0.0,False
PRWI-0653|2018-07-02|V2,PRWI,Prince William Forest Park,Forest,False,PRWI-0653,PRWI 13,2018-07-02,2,Elizabeth Oswald,2018-07,July,27,56,7,Mid (7-8am),10.0,23.3999996185303,82.4000015258789,20-25C,>80%,Clear or Few Clouds,Calm (< 1 mph) smoke rises vertically,No effect on count,8,10,0,0,0.0,False
PRWI-0656|2018-06-08|V1,PRWI,Prince William Forest Park,Forest,False,PRWI-0656,PRWI 13,2018-06-08,1,Brian Swimelar,2018-06,June,23,32,8,Mid (7-8am),10.0,24.0,80.6999969482422,20-25C,>80%,Clear or Few Clouds,Calm (< 1 mph) smoke rises vertically,Moderate effect on count,10,13,0,0,0.0,False
PRWI-0656|2018-07-02|V2,PRWI,Prince William Forest Park,Forest,False,PRWI-0656,PRWI 13,2018-07-02,2,Elizabeth Oswald,2018-07,July,27,56,10,Late (9-10am),10.0,29.2999992370605,84.5999984741211,25-30C,>80%,Clear or Few Clouds,Light air movement (1-3 mph) smoke drifts,No effect on count,5,5,0,0,0.0,False
PRWI-0660|2018-06-09|V1,PRWI,Prince William Forest Park,Forest,False,PRWI-0660,PRWI 14,2018-06-09,1,Brian Swimelar,2018-06,June,23,33,8,Mid (7-8am),10.0,26.2999992370605,70.4000015258789,25-30C,60-80%,Partly Cloudy,Calm (< 1 mph) smoke rises vertically,No effect on count,10,11,0,0,0.0,False
PRWI-0660|2018-07-03|V2,PRWI,Prince William Forest Park,Forest,False,PRWI-0660,PRWI 14,2018-07-03,2,Elizabeth Oswald,2018-07,July,27,57,9,Late (9-10am),10.0,26.5,87.1999969482422,25-30C,>80%,Clear or Few Clouds,Light breeze (4-7 mph) wind felt on face,Slight effect on count,7,9,1,0,11.11,True
PRWI-0669|2018-06-10|V1,PRWI,Prince William Forest Park,Forest,False,PRWI-0669,PRWI 21,2018-06-10,1,Kimberly Serno,2018-06,June,23,34,8,Mid (7-8am),10.0,21.5,91.0999984741211,20-25C,>80%,Partly Cloudy,Light air movement (1-3 mph) smoke drifts,Slight effect on count,6,7,0,0,0.0,False
PRWI-0669|2018-07-04|V2,PRWI,Prince William Forest Park,Forest,False,PRWI-0669,PRWI 21,2018-07-04,2,Brian Swimelar,2018-07,July,27,58,10,Late (9-10am),10.0,30.5,76.0,>30C,60-80%,Clear or Few Clouds,Calm (< 1 mph) smoke rises vertically,Moderate effect on count,7,7,0,0,0.0,False
PRWI-0689|2018-06-10|V1,PRWI,Prince William Forest Park,Forest,False,PRWI-0689,PRWI 20,2018-06-10,1,Kimberly Serno,2018-06,June,23,34,7,Mid (7-8am),10.0,20.3999996185303,89.5,20-25C,>80%,Cloudy/Overcast,Light air movement (1-3 mph) smoke drifts,Slight effect on count,3,4,0,0,0.0,False
PRWI-0689|2018-07-05|V2,PRWI,Prince William Forest Park,Forest,False,PRWI-0689,PRWI 20,2018-07-05,2,Elizabeth Oswald,2018-07,July,27,59,9,Late (9-10am),10.0,28.0,80.6999969482422,25-30C,>80%,Partly Cloudy,Light breeze (4-7 mph) wind felt on face,No effect on count,5,6,0,0,0.0,False
PRWI-0691|2018-06-10|V1,PRWI,Prince William Forest Park,Forest,False,PRWI-0691,PRWI 20,2018-06-10,1,Kimberly Serno,2018-06,June,23,34,7,Mid (7-8am),10.0,20.2000007629395,88.1999969482422,20-25C,>80%,Partly Cloudy,Light air movement (1-3 mph) smoke drifts,Slight effect on count,10,13,1,0,7.69,True
PRWI-0691|2018-07-05|V2,PRWI,Prince William Forest Park,Forest,False,PRWI-0691,PRWI 20,2018-07-05,2,Elizabeth Oswald,2018-07,July,27,59,9,Late (9-10am),10.0,26.7999992370605,84.5,25-30C,>80%,Partly Cloudy,Light breeze (4-7 mph) wind felt on face,No effect on count,9,12,1,0,8.33,True
PRWI-0695|2018-06-10|V1,PRWI,Prince William Forest Park,Forest,False,PRWI-0695,PRWI 21,2018-06-10,1,Kimberly Serno,2018-06,June,23,34,9,Late (9-10am),10.0,22.1000003814697,90.4000015258789,20-25C,>80%,Partly Cloudy,Light air movement (1-3 mph) smoke drifts,Slight effect on count,6,7,0,0,0.0,False
PRWI-0695|2018-07-04|V2,PRWI,Prince William Forest Park,Forest,False,PRWI-0695,PRWI 21,2018-07-04,2,Brian Swimelar,2018-07,July,27,58,10,Late (9-10am),10.0,30.6000003814697,86.6999969482422,>30C,>80%,Clear or Few Clouds,Calm (< 1 mph) smoke rises vertically,No effect on count,6,9,0,0,0.0,False
PRWI-0696|2018-06-10|V1,PRWI,Prince William Forest Park,Forest,False,PRWI-0696,PRWI 21,2018-06-10,1,Brian Swimelar,2018-06,June,23,34,8,Mid (7-8am),10.0,24.8999996185303,80.5,20-25C,>80%,Cloudy/Overcast,Calm (< 1 mph) smoke rises vertically,No effect on count,6,6,0,0,0.0,False
PRWI-0696|2018-07-04|V2,PRWI,Prince William Forest Park,Forest,False,PRWI-0696,PRWI 21,2018-07-04,2,Kimberly Serno,2018-07,July,27,58,10,Late (9-10am),10.0,28.7999992370605,80.3000030517578,25-30C,>80%,Clear or Few Clouds,Calm (< 1 mph) smoke rises vertically,No effect on count,7,8,1,0,12.5,True
PRWI-0712|2018-06-09|V1,PRWI,Prince William Forest Park,Forest,False,PRWI-0712,PRWI 18,2018-06-09,1,Brian Swimelar,2018-06,June,23,33,5,Early (5-6am),10.0,17.8999996185303,75.5,15-20C,60-80%,Cloudy/Overcast,Calm (< 1 mph) smoke rises vertically,No effect on count,8,9,0,0,0.0,False
PRWI-0712|2018-07-03|V2,PRWI,Prince William Forest Park,Forest,False,PRWI-0712,PRWI 18,2018-07-03,2,Elizabeth Oswald,2018-07,July,27,57,6,Early (5-6am),10.0,25.1000003814697,84.6999969482422,25-30C,>80%,Partly Cloudy,Light air movement (1-3 mph) smoke drifts,No effect on count,11,13,0,0,0.0,False
PRWI-0721|2018-06-10|V1,PRWI,Prince William Forest Park,Forest,False,PRWI-0721,PRWI 21,2018-06-10,1,Kimberly Serno,2018-06,June,23,34,5,Early (5-6am),10.0,21.1000003814697,80.3000030517578,20-25C,>80%,Cloudy/Overcast,Light air movement (1-3 mph) smoke drifts,Slight effect on count,8,9,1,0,11.11,True
PRWI-0721|2018-07-04|V2,PRWI,Prince William Forest Park,Forest,False,PRWI-0721,PRWI 21,2018-07-04,2,Brian Swimelar,2018-07,July,27,58,9,Late (9-10am),10.0,30.0,73.0999984741211,25-30C,60-80%,Clear or Few Clouds,Calm (< 1 mph) smoke rises vertically,No effect on count,6,7,1,0,14.29,True
PRWI-0722|2018-06-10|V1,PRWI,Prince William Forest Park,Forest,False,PRWI-0722,PRWI 21,2018-06-10,1,Elizabeth Oswald,2018-06,June,23,34,9,Late (9-10am),10.0,22.2000007629395,94.4000015258789,20-25C,>80%,Cloudy/Overcast,Calm (< 1 mph) smoke rises vertically,No effect on count,9,12,2,0,16.67,True
PRWI-0722|2018-07-04|V2,PRWI,Prince William Forest Park,Forest,False,PRWI-0722,PRWI 21,2018-07-04,2,Brian Swimelar,2018-07,July,27,58,9,Late (9-10am),10.0,30.6000003814697,86.6999969482422,>30C,>80%,Clear or Few Clouds,Calm (< 1 mph) smoke rises vertically,No effect on count,8,10,1,0,10.0,True
PRWI-0728|2018-06-09|V1,PRWI,Prince William Forest Park,Forest,False,PRWI-0728,PRWI 22,2018-06-09,1,Elizabeth Oswald,2018-06,June,23,33,9,Late (9-10am),10.0,23.6000003814697,85.1999969482422,20-25C,>80%,Cloudy/Overcast,Light air movement (1-3 mph) smoke drifts,Moderate effect on count,11,11,0,0,0.0,False
PRWI-0728|2018-07-04|V2,PRWI,Prince William Forest Park,Forest,False,PRWI-0728,PRWI 22,2018-07-04,2,Kimberly Serno,2018-07,July,27,58,6,Early (5-6am),10.0,25.3999996185303,83.6999969482422,25-30C,>80%,Clear or Few Clouds,Light air movement (1-3 mph) smoke drifts,Moderate effect on count,7,9,1,0,11.11,True
PRWI-0738|2018-06-09|V1,PRWI,Prince William Forest Park,Forest,False,PRWI-0738,PRWI 18,2018-06-09,1,Brian Swimelar,2018-06,June,23,33,8,Mid (7-8am),10.0,26.0,59.5999984741211,25-30C,40-60%,Partly Cloudy,Calm (< 1 mph) smoke rises vertically,No effect on count,8,9,0,0,0.0,False
PRWI-0738|2018-07-03|V2,PRWI,Prince William Forest Park,Forest,False,PRWI-0738,PRWI 18,2018-07-03,2,Elizabeth Oswald,2018-07,July,27,57,8,Mid (7-8am),10.0,25.3999996185303,90.0,25-30C,>80%,Clear or Few Clouds,Light air movement (1-3 mph) smoke drifts,No effect on count,11,12,1,0,8.33,True
PRWI-0741|2018-06-10|V1,PRWI,Prince William Forest Park,Forest,False,PRWI-0741,PRWI 20,2018-06-10,1,Kimberly Serno,2018-06,June,23,34,6,Early (5-6am),10.0,20.2999992370605,87.4000015258789,20-25C,>80%,Cloudy/Overcast,Light air movement (1-3 mph) smoke drifts,Slight effect on count,9,11,3,0,27.27,True
PRWI-0741|2018-07-05|V2,PRWI,Prince William Forest Park,Forest,False,PRWI-0741,PRWI 20,2018-07-05,2,Elizabeth Oswald,2018-07,July,27,59,9,Late (9-10am),10.0,28.2000007629395,82.5999984741211,25-30C,>80%,Partly Cloudy,Light breeze (4-7 mph) wind felt on face,Slight effect on count,9,10,2,0,20.0,True
PRWI-0742|2018-06-10|V1,PRWI,Prince William Forest Park,Forest,False,PRWI-0742,PRWI 20,2018-06-10,1,Kimberly Serno,2018-06,June,23,34,6,Early (5-6am),10.0,20.6000003814697,84.8000030517578,20-25C,>80%,Partly Cloudy,Light air movement (1-3 mph) smoke drifts,No effect on count,7,10,0,0,0.0,False
PRWI-0742|2018-07-05|V2,PRWI,Prince William Forest Park,Forest,False,PRWI-0742,PRWI 20,2018-07-05,2,Elizabeth Oswald,2018-07,July,27,59,10,Late (9-10am),10.0,28.3999996185303,83.8000030517578,25-30C,>80%,Clear or Few Clouds,Light breeze (4-7 mph) wind felt on face,No effect on count,3,3,0,0,0.0,False
PRWI-0744|2018-06-10|V1,PRWI,Prince William Forest Park,Forest,False,PRWI-0744,PRWI 21,2018-06-10,1,Kimberly Serno,2018-06,June,23,34,5,Early (5-6am),10.0,20.7999992370605,85.6999969482422,20-25C,>80%,Cloudy/Overcast,Light air movement (1-3 mph) smoke drifts,Slight effect on count,5,6,1,0,16.67,True
PRWI-0744|2018-07-04|V2,PRWI,Prince William Forest Park,Forest,False,PRWI-0744,PRWI 21,2018-07-04,2,Brian Swimelar,2018-07,July,27,58,9,Late (9-10am),10.0,30.8999996185303,79.9000015258789,>30C,60-80%,Clear or Few Clouds,Light air movement (1-3 mph) smoke drifts,No effect on count,6,7,2,0,28.57,True
PRWI-0750|2018-06-09|V1,PRWI,Prince William Forest Park,Forest,False,PRWI-0750,PRWI 22,2018-06-09,1,Elizabeth Oswald,2018-06,June,23,33,8,Mid (7-8am),10.0,22.0,80.3000030517578,20-25C,>80%,Cloudy/Overcast,Calm (< 1 mph) smoke rises vertically,No effect on count,9,11,0,0,0.0,False
PRWI-0750|2018-07-04|V2,PRWI,Prince William Forest Park,Forest,False,PRWI-0750,PRWI 22,2018-07-04,2,Kimberly Serno,2018-07,July,27,58,5,Early (5-6am),10.0,25.7999992370605,81.5,25-30C,>80%,Clear or Few Clouds,Calm (< 1 mph) smoke rises vertically,Slight effect on count,11,14,0,0,0.0,False
PRWI-0751|2018-06-09|V1,PRWI,Prince William Forest Park,Forest,False,PRWI-0751,PRWI 22,2018-06-09,1,Elizabeth Oswald,2018-06,June,23,33,8,Mid (7-8am),10.0,23.2000007629395,87.6999969482422,20-25C,>80%,Cloudy/Overcast,Calm (< 1 mph) smoke rises vertically,Serious effect on count,3,3,0,0,0.0,False
PRWI-0751|2018-07-04|V2,PRWI,Prince William Forest Park,Forest,False,PRWI-0751,PRWI 22,2018-07-04,2,Kimberly Serno,2018-07,July,27,58,6,Early (5-6am),10.0,25.7000007629395,82.4000015258789,25-30C,>80%,Clear or Few Clouds,Calm (< 1 mph) smoke rises vertically,Serious effect on count,5,5,0,0,0.0,False
PRWI-0759|2018-06-09|V1,PRWI,Prince William Forest Park,Forest,False,PRWI-0759,PRWI 18,2018-06-09,1,Brian Swimelar,2018-06,June,23,33,6,Early (5-6am),10.0,21.7000007629395,78.4000015258789,20-25C,60-80%,Partly Cloudy,Calm (< 1 mph) smoke rises vertically,No effect on count,8,11,0,0,0.0,False
PRWI-0759|2018-07-03|V2,PRWI,Prince William Forest Park,Forest,False,PRWI-0759,PRWI 18,2018-07-03,2,Elizabeth Oswald,2018-07,July,27,57,6,Early (5-6am),10.0,24.3999996185303,86.6999969482422,20-25C,>80%,Partly Cloudy,Calm (< 1 mph) smoke rises vertically,No effect on count,8,8,0,0,0.0,False
PRWI-0779|2018-06-10|V1,PRWI,Prince William Forest Park,Forest,False,PRWI-0779,PRWI 22,2018-06-10,1,Elizabeth Oswald,2018-06,June,23,34,8,Mid (7-8am),10.0,21.2999992370605,95.0999984741211,20-25C,>80%,Partly Cloudy,Light air movement (1-3 mph) smoke drifts,Slight effect on count,8,9,0,0,0.0,False
PRWI-0779|2018-07-04|V2,PRWI,Prince William Forest Park,Forest,False,PRWI-0779,PRWI 22,2018-07-04,2,Kimberly Serno,2018-07,July,27,58,5,Early (5-6am),10.0,26.6000003814697,77.8000030517578,25-30C,60-80%,Clear or Few Clouds,Calm (< 1 mph) smoke rises vertically,Slight effect on count,11,13,1,0,7.69,True
PRWI-0783|2018-06-08|V1,PRWI,Prince William Forest Park,Forest,False,PRWI-0783,PRWI 13,2018-06-08,1,Brian Swimelar,2018-06,June,23,32,10,Late (9-10am),10.0,21.7999992370605,75.5,20-25C,60-80%,Clear or Few Clouds,Calm (< 1 mph) smoke rises vertically,Slight effect on count,7,8,1,0,12.5,True
PRWI-0783|2018-07-02|V2,PRWI,Prince William Forest Park,Forest,False,PRWI-0783,PRWI 13,2018-07-02,2,Elizabeth Oswald,2018-07,July,27,56,8,Mid (7-8am),10.0,25.2000007629395,91.6999969482422,25-30C,>80%,Clear or Few Clouds,Calm (< 1 mph) smoke rises vertically,Slight effect on count,7,8,0,0,0.0,False
PRWI-0789|2018-06-09|V1,PRWI,Prince William Forest Park,Forest,False,PRWI-0789,PRWI 18,2018-06-09,1,Brian Swimelar,2018-06,June,23,33,6,Early (5-6am),10.0,24.2999992370605,77.5999984741211,20-25C,60-80%,Partly Cloudy,Calm (< 1 mph) smoke rises vertically,No effect on count,9,11,0,0,0.0,False
PRWI-0789|2018-07-03|V2,PRWI,Prince William Forest Park,Forest,False,PRWI-0789,PRWI 18,2018-07-03,2,Elizabeth Oswald,2018-07,July,27,57,7,Mid (7-8am),10.0,24.2000007629395,88.4000015258789,20-25C,>80%,Clear or Few Clouds,Calm (< 1 mph) smoke rises vertically,No effect on count,9,13,2,0,15.38,True
PRWI-0796|2018-06-08|V1,PRWI,Prince William Forest Park,Forest,False,PRWI-0796,PRWI 13,2018-06-08,1,Brian Swimelar,2018-06,June,23,32,10,Late (9-10am),10.0,20.7999992370605,75.5,20-25C,60-80%,Clear or Few Clouds,Calm (< 1 mph) smoke rises vertically,No effect on count,7,8,1,0,12.5,True
PRWI-0796|2018-07-02|V2,PRWI,Prince William Forest Park,Forest,False,PRWI-0796,PRWI 13,2018-07-02,2,Elizabeth Oswald,2018-07,July,27,56,9,Late (9-10am),10.0,27.3999996185303,85.0999984741211,25-30C,>80%,Clear or Few Clouds,Calm (< 1 mph) smoke rises vertically,No effect on count,6,8,0,0,0.0,False
PRWI-0798|2018-06-09|V1,PRWI,Prince William Forest Park,Forest,False,PRWI-0798,PRWI 18,2018-06-09,1,Brian Swimelar,2018-06,June,23,33,7,Mid (7-8am),10.0,23.2000007629395,73.5999984741211,20-25C,60-80%,Partly Cloudy,Calm (< 1 mph) smoke rises vertically,No effect on count,7,7,1,0,14.29,True
PRWI-0798|2018-07-03|V2,PRWI,Prince William Forest Park,Forest,False,PRWI-0798,PRWI 18,2018-07-03,2,Elizabeth Oswald,2018-07,July,27,57,7,Mid (7-8am),10.0,24.6000003814697,90.6999969482422,20-25C,>80%,Clear or Few Clouds,Light air movement (1-3 mph) smoke drifts,No effect on count,9,9,1,0,11.11,True
PRWI-0800|2018-06-09|V1,PRWI,Prince William Forest Park,Forest,False,PRWI-0800,PRWI 18,2018-06-09,1,Brian Swimelar,2018-06,June,23,33,7,Mid (7-8am),10.0,25.5,80.3000030517578,25-30C,>80%,Partly Cloudy,Calm (< 1 mph) smoke rises vertically,No effect on count,5,6,1,0,16.67,True
PRWI-0800|2018-07-03|V2,PRWI,Prince William Forest Park,Forest,False,PRWI-0800,PRWI 18,2018-07-03,2,Elizabeth Oswald,2018-07,July,27,57,7,Mid (7-8am),10.0,24.7999992370605,89.9000015258789,20-25C,>80%,Clear or Few Clouds,Calm (< 1 mph) smoke rises vertically,No effect on count,6,8,1,0,12.5,True
ROCR-0004|2018-05-16|V1,ROCR,Rock Creek Park,Forest,False,ROCR-0004,ROCR 2,2018-05-16,1,Kimberly Serno,2018-05,May,20,9,6,Early (5-6am),10.0,22.0,77.6999969482422,20-25C,60-80%,Mist/Drizzle,Light air movement (1-3 mph) smoke drifts,Slight effect on count,14,18,0,1,0.0,False
ROCR-0004|2018-06-20|V2,ROCR,Rock Creek Park,Forest,False,ROCR-0004,ROCR 2,2018-06-20,2,Elizabeth Oswald,2018-06,June,25,44,5,Early (5-6am),10.0,22.7000007629395,76.8000030517578,20-25C,60-80%,Partly Cloudy,Calm (< 1 mph) smoke rises vertically,No effect on count,5,11,0,0,0.0,False
ROCR-0010|2018-05-16|V1,ROCR,Rock Creek Park,Forest,False,ROCR-0010,ROCR 2,2018-05-16,1,Kimberly Serno,2018-05,May,20,9,6,Early (5-6am),10.0,22.6000003814697,80.3000030517578,20-25C,>80%,Mist/Drizzle,Light air movement (1-3 mph) smoke drifts,Slight effect on count,9,12,1,0,8.33,True
ROCR-0010|2018-06-20|V2,ROCR,Rock Creek Park,Forest,False,ROCR-0010,ROCR 2,2018-06-20,2,Elizabeth Oswald,2018-06,June,25,44,5,Early (5-6am),10.0,21.2000007629395,84.5999984741211,20-25C,>80%,Partly Cloudy,Calm (< 1 mph) smoke rises vertically,No effect on count,10,12,2,0,16.67,True
ROCR-0027|2018-05-16|V1,ROCR,Rock Creek Park,Forest,False,ROCR-0027,ROCR 2,2018-05-16,1,Kimberly Serno,2018-05,May,20,9,7,Mid (7-8am),10.0,26.2000007629395,71.8000030517578,25-30C,60-80%,Cloudy/Overcast,Calm (< 1 mph) smoke rises vertically,No effect on count,12,13,1,0,7.69,True
ROCR-0027|2018-06-20|V2,ROCR,Rock Creek Park,Forest,False,ROCR-0027,ROCR 2,2018-06-20,2,Elizabeth Oswald,2018-06,June,25,44,6,Early (5-6am),10.0,20.7999992370605,86.6999969482422,20-25C,>80%,Partly Cloudy,Light air movement (1-3 mph) smoke drifts,No effect on count,10,11,1,0,9.09,True
ROCR-0045|2018-05-16|V1,ROCR,Rock Creek Park,Forest,False,ROCR-0045,ROCR 2,2018-05-16,1,Kimberly Serno,2018-05,May,20,9,8,Mid (7-8am),10.0,21.7999992370605,87.3000030517578,20-25C,>80%,Cloudy/Overcast,Light air movement (1-3 mph) smoke drifts,Moderate effect on count,8,9,0,0,0.0,False
ROCR-0045|2018-06-20|V2,ROCR,Rock Creek Park,Forest,False,ROCR-0045,ROCR 2,2018-06-20,2,Elizabeth Oswald,2018-06,June,25,44,7,Mid (7-8am),10.0,20.8999996185303,88.0999984741211,20-25C,>80%,Partly Cloudy,Light air movement (1-3 mph) smoke drifts,Slight effect on count,8,8,0,0,0.0,False
ROCR-0055|2018-05-16|V1,ROCR,Rock Creek Park,Forest,False,ROCR-0055,ROCR 2,2018-05-16,1,Kimberly Serno,2018-05,May,20,9,8,Mid (7-8am),10.0,23.0,77.5999984741211,20-25C,60-80%,Cloudy/Overcast,Light air movement (1-3 mph) smoke drifts,Moderate effect on count,7,7,0,0,0.0,False
ROCR-0055|2018-06-20|V2,ROCR,Rock Creek Park,Forest,False,ROCR-0055,ROCR 2,2018-06-20,2,Elizabeth Oswald,2018-06,June,25,44,7,Mid (7-8am),10.0,21.5,83.8000030517578,20-25C,>80%,Partly Cloudy,Light air movement (1-3 mph) smoke drifts,Slight effect on count,9,11,1,0,9.09,True
ROCR-0079|2018-05-16|V1,ROCR,Rock Creek Park,Forest,False,ROCR-0079,ROCR 1,2018-05-16,1,Elizabeth Oswald,2018-05,May,20,9,6,Early (5-6am),10.0,21.7999992370605,77.5,20-25C,60-80%,Cloudy/Overcast,Light breeze (4-7 mph) wind felt on face,Moderate effect on count,12,13,0,3,0.0,False
ROCR-0079|2018-06-20|V2,ROCR,Rock Creek Park,Forest,False,ROCR-0079,ROCR 1,2018-06-20,2,Kimberly Serno,2018-06,June,25,44,5,Early (5-6am),10.0,23.1000003814697,70.6999969482422,20-25C,60-80%,Cloudy/Overcast,Calm (< 1 mph) smoke rises vertically,Slight effect on count,9,16,0,0,0.0,False
ROCR-0092|2018-05-16|V1,ROCR,Rock Creek Park,Forest,False,ROCR-0092,ROCR 2,2018-05-16,1,Brian Swimelar,2018-05,May,20,9,6,Early (5-6am),10.0,23.0,74.0,20-25C,60-80%,Mist/Drizzle,Light air movement (1-3 mph) smoke drifts,Slight effect on count,9,12,2,0,16.67,True
ROCR-0092|2018-06-20|V2,ROCR,Rock Creek Park,Forest,False,ROCR-0092,ROCR 2,2018-06-20,2,Elizabeth Oswald,2018-06,June,25,44,8,Mid (7-8am),10.0,22.6000003814697,85.4000015258789,20-25C,>80%,Partly Cloudy,Light breeze (4-7 mph) wind felt on face,No effect on count,9,11,1,0,9.09,True
ROCR-0094|2018-05-16|V1,ROCR,Rock Creek Park,Forest,False,ROCR-0094,ROCR 2,2018-05-16,1,Brian Swimelar,2018-05,May,20,9,6,Early (5-6am),10.0,24.0,68.0,20-25C,60-80%,Mist/Drizzle,Calm (< 1 mph) smoke rises vertically,Serious effect on count,3,3,1,0,33.33,True
ROCR-0094|2018-06-20|V2,ROCR,Rock Creek Park,Forest,False,ROCR-0094,ROCR 2,2018-06-20,2,Elizabeth Oswald,2018-06,June,25,44,8,Mid (7-8am),10.0,22.3999996185303,81.6999969482422,20-25C,>80%,Clear or Few Clouds,Calm (< 1 mph) smoke rises vertically,Moderate effect on count,7,8,0,0,0.0,False
ROCR-0111|2018-05-16|V1,ROCR,Rock Creek Park,Forest,False,ROCR-0111,ROCR 1,2018-05-16,1,Brian Swimelar,2018-05,May,20,9,7,Mid (7-8am),10.0,23.0,74.0,20-25C,60-80%,Mist/Drizzle,Calm (< 1 mph) smoke rises vertically,No effect on count,6,7,1,0,14.29,True
ROCR-0111|2018-06-20|V2,ROCR,Rock Creek Park,Forest,False,ROCR-0111,ROCR 1,2018-06-20,2,Kimberly Serno,2018-06,June,25,44,6,Early (5-6am),10.0,23.6000003814697,71.8000030517578,20-25C,60-80%,Partly Cloudy,Light air movement (1-3 mph) smoke drifts,Slight effect on count,7,9,0,0,0.0,False
ROCR-0121|2018-05-16|V1,ROCR,Rock Creek Park,Forest,False,ROCR-0121,ROCR 1,2018-05-16,1,Elizabeth Oswald,2018-05,May,20,9,6,Early (5-6am),10.0,20.2000007629395,84.8000030517578,20-25C,>80%,Cloudy/Overcast,Light air movement (1-3 mph) smoke drifts,Moderate effect on count,10,10,1,0,10.0,True
ROCR-0121|2018-06-20|V2,ROCR,Rock Creek Park,Forest,False,ROCR-0121,ROCR 1,2018-06-20,2,Kimberly Serno,2018-06,June,25,44,5,Early (5-6am),10.0,24.3999996185303,71.4000015258789,20-25C,60-80%,Cloudy/Overcast,Light air movement (1-3 mph) smoke drifts,Moderate effect on count,4,4,0,0,0.0,False
ROCR-0145|2018-05-16|V1,ROCR,Rock Creek Park,Forest,False,ROCR-0145,ROCR 1,2018-05-16,1,Brian Swimelar,2018-05,May,20,9,8,Mid (7-8am),11.0,21.0,84.0,20-25C,>80%,Fog,Light air movement (1-3 mph) smoke drifts,Moderate effect on count,8,12,0,1,0.0,False
ROCR-0145|2018-06-20|V2,ROCR,Rock Creek Park,Forest,False,ROCR-0145,ROCR 1,2018-06-20,2,Kimberly Serno,2018-06,June,25,44,7,Mid (7-8am),10.0,23.8999996185303,70.3000030517578,20-25C,60-80%,Partly Cloudy,Light air movement (1-3 mph) smoke drifts,Moderate effect on count,8,8,0,0,0.0,False
ROCR-0172|2018-05-16|V1,ROCR,Rock Creek Park,Forest,False,ROCR-0172,ROCR 1,2018-05-16,1,Elizabeth Oswald,2018-05,May,20,9,9,Late (9-10am),10.0,21.2999992370605,85.5,20-25C,>80%,Cloudy/Overcast,Light air movement (1-3 mph) smoke drifts,Moderate effect on count,10,13,0,0,0.0,False
ROCR-0172|2018-06-20|V2,ROCR,Rock Creek Park,Forest,False,ROCR-0172,ROCR 1,2018-06-20,2,Kimberly Serno,2018-06,June,25,44,9,Late (9-10am),10.0,24.5,73.9000015258789,20-25C,60-80%,Partly Cloudy,Light air movement (1-3 mph) smoke drifts,Slight effect on count,11,17,0,0,0.0,False
ROCR-0180|2018-05-16|V1,ROCR,Rock Creek Park,Forest,False,ROCR-0180,ROCR 1,2018-05-16,1,Elizabeth Oswald,2018-05,May,20,9,7,Mid (7-8am),10.0,20.0,86.0999984741211,15-20C,>80%,Cloudy/Overcast,Light air movement (1-3 mph) smoke drifts,Slight effect on count,12,15,2,0,13.33,True
ROCR-0180|2018-06-20|V2,ROCR,Rock Creek Park,Forest,False,ROCR-0180,ROCR 1,2018-06-20,2,Kimberly Serno,2018-06,June,25,44,8,Mid (7-8am),10.0,25.0,67.0,20-25C,60-80%,Partly Cloudy,Light air movement (1-3 mph) smoke drifts,Slight effect on count,7,10,0,0,0.0,False
ROCR-0186|2018-05-16|V1,ROCR,Rock Creek Park,Forest,False,ROCR-0186,ROCR 1,2018-05-16,1,Elizabeth Oswald,2018-05,May,20,9,8,Mid (7-8am),10.0,20.6000003814697,88.9000015258789,20-25C,>80%,Cloudy/Overcast,Light air movement (1-3 mph) smoke drifts,Serious effect on count,4,5,0,0,0.0,False
ROCR-0186|2018-06-20|V2,ROCR,Rock Creek Park,Forest,False,ROCR-0186,ROCR 1,2018-06-20,2,Kimberly Serno,2018-06,June,25,44,8,Mid (7-8am),10.0,24.0,68.8000030517578,20-25C,60-80%,Partly Cloudy,Light air movement (1-3 mph) smoke drifts,Moderate effect on count,3,4,0,0,0.0,False
WOTR-0001|2018-06-02|V1,WOTR,Wolf Trap National Park for the Performing Arts,Forest,False,WOTR-0001,WOTR,2018-06-02,1,Elizabeth Oswald,2018-06,June,22,26,6,Early (5-6am),10.0,23.5,82.0,20-25C,>80%,Partly Cloudy,Light air movement (1-3 mph) smoke drifts,Slight effect on count,11,12,0,1,0.0,False
WOTR-0001|2018-07-08|V2,WOTR,Wolf Trap National Park for the Performing Arts,Forest,False,WOTR-0001,WOTR,2018-07-08,2,Kimberly Serno,2018-07,July,27,62,8,Mid (7-8am),10.0,20.6000003814697,75.5,20-25C,60-80%,Clear or Few Clouds,Light air movement (1-3 mph) smoke drifts,Slight effect on count,8,11,0,0,0.0,False
WOTR-0003|2018-06-02|V1,WOTR,Wolf Trap National Park for the Performing Arts,Forest,False,WOTR-0003,WOTR,2018-06-02,1,Elizabeth Oswald,2018-06,June,22,26,7,Mid (7-8am),10.0,23.6000003814697,83.8000030517578,20-25C,>80%,Partly Cloudy,Light air movement (1-3 mph) smoke drifts,Slight effect on count,11,12,0,0,0.0,False
WOTR-0003|2018-07-08|V2,WOTR,Wolf Trap National Park for the Performing Arts,Forest,False,WOTR-0003,WOTR,2018-07-08,2,Kimberly Serno,2018-07,July,27,62,7,Mid (7-8am),10.0,18.6000003814697,74.0999984741211,15-20C,60-80%,Clear or Few Clouds,Light air movement (1-3 mph) smoke drifts,Slight effect on count,7,9,0,0,0.0,False
WOTR-0004|2018-06-02|V1,WOTR,Wolf Trap National Park for the Performing Arts,Forest,False,WOTR-0004,WOTR,2018-06-02,1,Elizabeth Oswald,2018-06,June,22,26,7,Mid (7-8am),10.0,23.0,87.6999969482422,20-25C,>80%,Partly Cloudy,Light air movement (1-3 mph) smoke drifts,No effect on count,10,11,0,0,0.0,False
WOTR-0004|2018-07-08|V2,WOTR,Wolf Trap National Park for the Performing Arts,Forest,False,WOTR-0004,WOTR,2018-07-08,2,Kimberly Serno,2018-07,July,27,62,7,Mid (7-8am),10.0,19.2000007629395,71.8000030517578,15-20C,60-80%,Clear or Few Clouds,Light air movement (1-3 mph) smoke drifts,Slight effect on count,13,17,0,0,0.0,False
WOTR-0007|2018-06-02|V1,WOTR,Wolf Trap National Park for the Performing Arts,Forest,False,WOTR-0007,WOTR,2018-06-02,1,Elizabeth Oswald,2018-06,June,22,26,7,Mid (7-8am),10.0,22.7999992370605,91.5999984741211,20-25C,>80%,Partly Cloudy,Calm (< 1 mph) smoke rises vertically,Slight effect on count,6,8,0,0,0.0,False
WOTR-0007|2018-07-08|V2,WOTR,Wolf Trap National Park for the Performing Arts,Forest,False,WOTR-0007,WOTR,2018-07-08,2,Kimberly Serno,2018-07,July,27,62,7,Mid (7-8am),10.0,21.6000003814697,60.0999984741211,20-25C,60-80%,Clear or Few Clouds,Light air movement (1-3 mph) smoke drifts,Slight effect on count,8,9,0,0,0.0,False
WOTR-0008|2018-06-02|V1,WOTR,Wolf Trap National Park for the Performing Arts,Forest,False,WOTR-0008,WOTR,2018-06-02,1,Elizabeth Oswald,2018-06,June,22,26,8,Mid (7-8am),10.0,23.0,91.1999969482422,20-25C,>80%,Cloudy/Overcast,Light breeze (4-7 mph) wind felt on face,Moderate effect on count,5,5,0,0,0.0,False
WOTR-0008|2018-07-08|V2,WOTR,Wolf Trap National Park for the Performing Arts,Forest,False,WOTR-0008,WOTR,2018-07-08,2,Kimberly Serno,2018-07,July,27,62,6,Early (5-6am),10.0,20.2000007629395,61.9000015258789,20-25C,60-80%,Partly Cloudy,Light air movement (1-3 mph) smoke drifts,Slight effect on count,7,9,0,0,0.0,False
WOTR-0009|2018-06-02|V1,WOTR,Wolf Trap National Park for the Performing Arts,Forest,False,WOTR-0009,WOTR,2018-06-02,1,Elizabeth Oswald,2018-06,June,22,26,7,Mid (7-8am),10.0,22.5,91.5,20-25C,>80%,Partly Cloudy,Light air movement (1-3 mph) smoke drifts,Slight effect on count,12,15,0,0,0.0,False
WOTR-0009|2018-07-08|V2,WOTR,Wolf Trap National Park for the Performing Arts,Forest,False,WOTR-0009,WOTR,2018-07-08,2,Kimberly Serno,2018-07,July,27,62,6,Early (5-6am),10.0,19.7000007629395,74.9000015258789,15-20C,60-80%,Clear or Few Clouds,Light air movement (1-3 mph) smoke drifts,Slight effect on count,8,9,0,0,0.0,False
